source_mat,dataset,start,count,real,imag
F0_D3_raw_Yee_and_flux.mat,#refs#/#a#,0,1,120,
F0_D3_raw_Yee_and_flux.mat,#refs#/#b#,0,1,120,
F0_D3_raw_Yee_and_flux.mat,#refs#/#b#,1,1,95,
F0_D3_raw_Yee_and_flux.mat,#refs#/#b#,2,1,111,
F0_D3_raw_Yee_and_flux.mat,#refs#/#b#,3,2,102,
F0_D3_raw_Yee_and_flux.mat,#refs#/#b#,5,1,115,
F0_D3_raw_Yee_and_flux.mat,#refs#/#b#,6,1,101,
F0_D3_raw_Yee_and_flux.mat,#refs#/#b#,7,1,116,
F0_D3_raw_Yee_and_flux.mat,#refs#/#c#,0,1,120,
F0_D3_raw_Yee_and_flux.mat,#refs#/#d#,0,1,120,
F0_D3_raw_Yee_and_flux.mat,#refs#/#d#,1,1,95,
F0_D3_raw_Yee_and_flux.mat,#refs#/#d#,2,1,111,
F0_D3_raw_Yee_and_flux.mat,#refs#/#d#,3,2,102,
F0_D3_raw_Yee_and_flux.mat,#refs#/#d#,5,1,115,
F0_D3_raw_Yee_and_flux.mat,#refs#/#d#,6,1,101,
F0_D3_raw_Yee_and_flux.mat,#refs#/#d#,7,1,116,
F0_D3_raw_Yee_and_flux.mat,#refs#/#db#,0,1,856549880000000,
F0_D3_raw_Yee_and_flux.mat,#refs#/#db#,1,1,844485797183098.62,
F0_D3_raw_Yee_and_flux.mat,#refs#/#db#,2,1,832756827777777.88,
F0_D3_raw_Yee_and_flux.mat,#refs#/#db#,3,1,821349200000000,
F0_D3_raw_Yee_and_flux.mat,#refs#/#db#,4,1,810249886486486.38,
F0_D3_raw_Yee_and_flux.mat,#refs#/#db#,5,1,799446554666666.62,
F0_D3_raw_Yee_and_flux.mat,#refs#/#db#,6,1,788927521052631.62,
F0_D3_raw_Yee_and_flux.mat,#refs#/#db#,7,1,778681709090909.25,
F0_D3_raw_Yee_and_flux.mat,#refs#/#db#,8,1,768698610256410.38,
F0_D3_raw_Yee_and_flux.mat,#refs#/#db#,9,1,758968248101265.88,
F0_D3_raw_Yee_and_flux.mat,#refs#/#db#,10,1,749481145000000,
F0_D3_raw_Yee_and_flux.mat,#refs#/#db#,11,1,740228291358024.62,
F0_D3_raw_Yee_and_flux.mat,#refs#/#db#,12,1,731201117073170.75,
F0_D3_raw_Yee_and_flux.mat,#refs#/#db#,13,1,722391465060240.88,
F0_D3_raw_Yee_and_flux.mat,#refs#/#db#,14,1,713791566666666.75,
F0_D3_raw_Yee_and_flux.mat,#refs#/#db#,15,1,705394018823529.5,
F0_D3_raw_Yee_and_flux.mat,#refs#/#db#,16,1,697191762790697.62,
F0_D3_raw_Yee_and_flux.mat,#refs#/#db#,17,1,689178064367816.12,
F0_D3_raw_Yee_and_flux.mat,#refs#/#db#,18,1,681346495454545.5,
F0_D3_raw_Yee_and_flux.mat,#refs#/#db#,19,1,673690916853932.62,
F0_D3_raw_Yee_and_flux.mat,#refs#/#db#,20,1,666205462222222.25,
F0_D3_raw_Yee_and_flux.mat,#refs#/#db#,21,1,658884523076923,
F0_D3_raw_Yee_and_flux.mat,#refs#/#db#,22,1,651722734782608.62,
F0_D3_raw_Yee_and_flux.mat,#refs#/#db#,23,1,644714963440860.12,
F0_D3_raw_Yee_and_flux.mat,#refs#/#db#,24,1,637856293617021.25,
F0_D3_raw_Yee_and_flux.mat,#refs#/#db#,25,1,631142016842105.25,
F0_D3_raw_Yee_and_flux.mat,#refs#/#db#,26,1,624567620833333.38,
F0_D3_raw_Yee_and_flux.mat,#refs#/#db#,27,1,618128779381443.25,
F0_D3_raw_Yee_and_flux.mat,#refs#/#db#,28,1,611821342857142.88,
F0_D3_raw_Yee_and_flux.mat,#refs#/#db#,29,1,605641329292929.25,
F0_D3_raw_Yee_and_flux.mat,#refs#/#db#,30,1,599584916000000,
F0_D3_raw_Yee_and_flux.mat,#refs#/#db#,31,1,593648431683168.25,
F0_D3_raw_Yee_and_flux.mat,#refs#/#db#,32,1,587828349019607.88,
F0_D3_raw_Yee_and_flux.mat,#refs#/#db#,33,1,582121277669903,
F0_D3_raw_Yee_and_flux.mat,#refs#/#db#,34,1,576523957692307.62,
F0_D3_raw_Yee_and_flux.mat,#refs#/#db#,35,1,571033253333333.38,
F0_D3_raw_Yee_and_flux.mat,#refs#/#db#,36,1,565646147169811.38,
F0_D3_raw_Yee_and_flux.mat,#refs#/#db#,37,1,560359734579439.31,
F0_D3_raw_Yee_and_flux.mat,#refs#/#db#,38,1,555171218518518.44,
F0_D3_raw_Yee_and_flux.mat,#refs#/#db#,39,1,550077904587156,
F0_D3_raw_Yee_and_flux.mat,#refs#/#db#,40,1,545077196363636.38,
F0_D3_raw_Yee_and_flux.mat,#refs#/#db#,41,1,540166590990991,
F0_D3_raw_Yee_and_flux.mat,#refs#/#db#,42,1,535343675000000.06,
F0_D3_raw_Yee_and_flux.mat,#refs#/#db#,43,1,530606120353982.31,
F0_D3_raw_Yee_and_flux.mat,#refs#/#db#,44,1,525951680701754.31,
F0_D3_raw_Yee_and_flux.mat,#refs#/#db#,45,1,521378187826086.94,
F0_D3_raw_Yee_and_flux.mat,#refs#/#db#,46,1,516883548275862.12,
F0_D3_raw_Yee_and_flux.mat,#refs#/#db#,47,1,512465740170940.12,
F0_D3_raw_Yee_and_flux.mat,#refs#/#db#,48,1,508122810169491.44,
F0_D3_raw_Yee_and_flux.mat,#refs#/#db#,49,1,503852870588235.31,
F0_D3_raw_Yee_and_flux.mat,#refs#/#db#,50,1,499654096666666.69,
F0_D3_raw_Yee_and_flux.mat,#refs#/#db#,51,1,495524723966942.19,
F0_D3_raw_Yee_and_flux.mat,#refs#/#db#,52,1,491463045901639.38,
F0_D3_raw_Yee_and_flux.mat,#refs#/#db#,53,1,487467411382113.75,
F0_D3_raw_Yee_and_flux.mat,#refs#/#db#,54,1,483536222580645.19,
F0_D3_raw_Yee_and_flux.mat,#refs#/#db#,55,1,479667932800000.06,
F0_D3_raw_Yee_and_flux.mat,#refs#/#db#,56,1,475861044444444.44,
F0_D3_raw_Yee_and_flux.mat,#refs#/#db#,57,1,472114107086614.12,
F0_D3_raw_Yee_and_flux.mat,#refs#/#db#,58,1,468425715625000,
F0_D3_raw_Yee_and_flux.mat,#refs#/#db#,59,1,464794508527131.81,
F0_D3_raw_Yee_and_flux.mat,#refs#/#db#,60,1,461219166153846.25,
F0_D3_raw_Yee_and_flux.mat,#refs#/#db#,61,1,457698409160305.31,
F0_D3_raw_Yee_and_flux.mat,#refs#/#db#,62,1,454230996969696.94,
F0_D3_raw_Yee_and_flux.mat,#refs#/#db#,63,1,450815726315789.5,
F0_D3_raw_Yee_and_flux.mat,#refs#/#db#,64,1,447451429850746.31,
F0_D3_raw_Yee_and_flux.mat,#refs#/#db#,65,1,444136974814814.81,
F0_D3_raw_Yee_and_flux.mat,#refs#/#db#,66,1,440871261764705.88,
F0_D3_raw_Yee_and_flux.mat,#refs#/#db#,67,1,437653223357664.19,
F0_D3_raw_Yee_and_flux.mat,#refs#/#db#,68,1,434481823188405.81,
F0_D3_raw_Yee_and_flux.mat,#refs#/#db#,69,1,431356054676259,
F0_D3_raw_Yee_and_flux.mat,#refs#/#db#,70,1,428274940000000,
F0_D3_raw_Yee_and_flux.mat,#refs#/#db#,71,1,425237529078014.12,
F0_D3_raw_Yee_and_flux.mat,#refs#/#db#,72,1,422242898591549.31,
F0_D3_raw_Yee_and_flux.mat,#refs#/#db#,73,1,419290151048951.12,
F0_D3_raw_Yee_and_flux.mat,#refs#/#db#,74,1,416378413888888.94,
F0_D3_raw_Yee_and_flux.mat,#refs#/#db#,75,1,413506838620689.62,
F0_D3_raw_Yee_and_flux.mat,#refs#/#db#,76,1,410674600000000,
F0_D3_raw_Yee_and_flux.mat,#refs#/#db#,77,1,407880895238095.31,
F0_D3_raw_Yee_and_flux.mat,#refs#/#db#,78,1,405124943243243.19,
F0_D3_raw_Yee_and_flux.mat,#refs#/#db#,79,1,402405983892617.44,
F0_D3_raw_Yee_and_flux.mat,#refs#/#db#,80,1,399723277333333.31,
F0_D3_raw_Yee_and_flux.mat,#refs#/#db#,81,1,397076103311258.25,
F0_D3_raw_Yee_and_flux.mat,#refs#/#db#,82,1,394463760526315.81,
F0_D3_raw_Yee_and_flux.mat,#refs#/#db#,83,1,391885566013071.88,
F0_D3_raw_Yee_and_flux.mat,#refs#/#db#,84,1,389340854545454.56,
F0_D3_raw_Yee_and_flux.mat,#refs#/#db#,85,1,386828978064516.12,
F0_D3_raw_Yee_and_flux.mat,#refs#/#db#,86,1,384349305128205.19,
F0_D3_raw_Yee_and_flux.mat,#refs#/#db#,87,1,381901220382165.62,
F0_D3_raw_Yee_and_flux.mat,#refs#/#db#,88,1,379484124050632.88,
F0_D3_raw_Yee_and_flux.mat,#refs#/#db#,89,1,377097431446540.88,
F0_D3_raw_Yee_and_flux.mat,#refs#/#db#,90,1,374740572500000,
F0_D3_raw_Yee_and_flux.mat,#refs#/#e#,0,1,121,
F0_D3_raw_Yee_and_flux.mat,#refs#/#eb#,0,18,1.3441317652061457,1.9345146030599138e-10
F0_D3_raw_Yee_and_flux.mat,#refs#/#eb#,18,1,1.4031760122337429,3.0535816888775261e-10
F0_D3_raw_Yee_and_flux.mat,#refs#/#eb#,19,422,1.4598069921340606,4.0884585181494408e-10
F0_D3_raw_Yee_and_flux.mat,#refs#/#eb#,441,1,1.5954807161152793,0.0056715154770758704
F0_D3_raw_Yee_and_flux.mat,#refs#/#eb#,442,6,2.1492377222330719,0.025267571012604677
F0_D3_raw_Yee_and_flux.mat,#refs#/#eb#,448,1,2.1831600054476255,0.55259576687209344
F0_D3_raw_Yee_and_flux.mat,#refs#/#eb#,449,1,2.3116264022404112,1.0200357310167356
F0_D3_raw_Yee_and_flux.mat,#refs#/#eb#,450,1,1.5132979981911132,0.25962785274796829
F0_D3_raw_Yee_and_flux.mat,#refs#/#eb#,451,24,1.3441317652061457,1.9345146030599138e-10
F0_D3_raw_Yee_and_flux.mat,#refs#/#eb#,475,18,1.3435189423092053,1.8730481596388907e-10
F0_D3_raw_Yee_and_flux.mat,#refs#/#eb#,493,1,1.4022045761488737,2.9817631313318356e-10
F0_D3_raw_Yee_and_flux.mat,#refs#/#eb#,494,422,1.4585038699430253,4.0073911873083343e-10
F0_D3_raw_Yee_and_flux.mat,#refs#/#eb#,916,1,1.5916051914678329,0.0051575939373268171
F0_D3_raw_Yee_and_flux.mat,#refs#/#eb#,917,6,2.1363618108125957,0.023060300070924734
F0_D3_raw_Yee_and_flux.mat,#refs#/#eb#,923,1,2.1768585196111072,0.5651209328537824
F0_D3_raw_Yee_and_flux.mat,#refs#/#eb#,924,1,2.3150497118480446,1.0412454626491103
F0_D3_raw_Yee_and_flux.mat,#refs#/#eb#,925,1,1.5123432388728268,0.26558636933503232
F0_D3_raw_Yee_and_flux.mat,#refs#/#eb#,926,24,1.3435189423092053,1.8730481596388907e-10
F0_D3_raw_Yee_and_flux.mat,#refs#/#eb#,950,18,1.3429417559153305,1.8155312648394022e-10
F0_D3_raw_Yee_and_flux.mat,#refs#/#eb#,968,1,1.4012820236484151,2.9136167837997241e-10
F0_D3_raw_Yee_and_flux.mat,#refs#/#eb#,969,422,1.4572617835112047,3.9297277346581922e-10
F0_D3_raw_Yee_and_flux.mat,#refs#/#eb#,1391,1,1.5879306223542677,0.0047042750650962929
F0_D3_raw_Yee_and_flux.mat,#refs#/#eb#,1392,6,2.1241417312082924,0.021105614665280624
F0_D3_raw_Yee_and_flux.mat,#refs#/#eb#,1398,1,2.1741095660054519,0.58000144933603948
F0_D3_raw_Yee_and_flux.mat,#refs#/#eb#,1399,1,2.3246828734226499,1.0653274169602149
F0_D3_raw_Yee_and_flux.mat,#refs#/#eb#,1400,1,1.5128613536089062,0.27276610312344046
F0_D3_raw_Yee_and_flux.mat,#refs#/#eb#,1401,24,1.3429417559153305,1.8155312648394022e-10
F0_D3_raw_Yee_and_flux.mat,#refs#/#eb#,1425,18,1.3423973404922973,1.7615996566612735e-10
F0_D3_raw_Yee_and_flux.mat,#refs#/#eb#,1443,1,1.4004049721854595,2.8488554514238259e-10
F0_D3_raw_Yee_and_flux.mat,#refs#/#eb#,1444,422,1.4560768812824636,3.8552516685309373e-10
F0_D3_raw_Yee_and_flux.mat,#refs#/#eb#,1866,1,1.5844390913524085,0.0043036129257430014
F0_D3_raw_Yee_and_flux.mat,#refs#/#eb#,1867,6,2.1125150745656431,0.019371631445775646
F0_D3_raw_Yee_and_flux.mat,#refs#/#eb#,1873,1,2.175323384976986,0.59650744270426515
F0_D3_raw_Yee_and_flux.mat,#refs#/#eb#,1874,1,2.3409596495722012,1.0908589797462784
F0_D3_raw_Yee_and_flux.mat,#refs#/#eb#,1875,1,1.5150858479291134,0.28084584648574812
F0_D3_raw_Yee_and_flux.mat,#refs#/#eb#,1876,24,1.3423973404922973,1.7615996566612735e-10
F0_D3_raw_Yee_and_flux.mat,#refs#/#eb#,1900,18,1.3418831247200131,1.7109317350474071e-10
F0_D3_raw_Yee_and_flux.mat,#refs#/#eb#,1918,1,1.3995703397609436,2.7872217226950783e-10
F0_D3_raw_Yee_and_flux.mat,#refs#/#eb#,1919,422,1.4549456176063673,3.7837646277506035e-10
F0_D3_raw_Yee_and_flux.mat,#refs#/#eb#,2341,1,1.5811146651959882,0.0039489006284038897
F0_D3_raw_Yee_and_flux.mat,#refs#/#eb#,2342,6,2.1014265108297723,0.017831284344222518
F0_D3_raw_Yee_and_flux.mat,#refs#/#eb#,2348,1,2.180769982794672,0.61381601633672978
F0_D3_raw_Yee_and_flux.mat,#refs#/#eb#,2349,1,2.3640143580164077,1.1163539622959384
F0_D3_raw_Yee_and_flux.mat,#refs#/#eb#,2350,1,1.5191914881017443,0.2894557742775174
F0_D3_raw_Yee_and_flux.mat,#refs#/#eb#,2351,24,1.3418831247200131,1.7109317350474071e-10
F0_D3_raw_Yee_and_flux.mat,#refs#/#eb#,2375,18,1.3413967948852912,1.6632425881863229e-10
F0_D3_raw_Yee_and_flux.mat,#refs#/#eb#,2393,1,1.3987753121522426,2.728484163687138e-10
F0_D3_raw_Yee_and_flux.mat,#refs#/#eb#,2394,422,1.4538647234804178,3.7150845233675743e-10
F0_D3_raw_Yee_and_flux.mat,#refs#/#eb#,2816,1,1.5779431293211501,0.0036344484898010831
F0_D3_raw_Yee_and_flux.mat,#refs#/#eb#,2817,6,2.0908268301022606,0.01646148681696526
F0_D3_raw_Yee_and_flux.mat,#refs#/#eb#,2823,1,2.1905452743125844,0.6310386603331285
F0_D3_raw_Yee_and_flux.mat,#refs#/#eb#,2824,1,2.3936601798727684,1.1403295343629369
F0_D3_raw_Yee_and_flux.mat,#refs#/#eb#,2825,1,1.5252775873091766,0.2981856139206584
F0_D3_raw_Yee_and_flux.mat,#refs#/#eb#,2826,24,1.3413967948852912,1.6632425881863229e-10
F0_D3_raw_Yee_and_flux.mat,#refs#/#eb#,2850,18,1.340936263598647,1.618278983330722e-10
F0_D3_raw_Yee_and_flux.mat,#refs#/#eb#,2868,1,1.398017314385104,2.6724340855888117e-10
F0_D3_raw_Yee_and_flux.mat,#refs#/#eb#,2869,422,1.4528311805584417,3.6490439035841489e-10
F0_D3_raw_Yee_and_flux.mat,#refs#/#eb#,3291,1,1.5749117633528238,0.00335540680529497
F0_D3_raw_Yee_and_flux.mat,#refs#/#eb#,3292,6,2.0806721322630355,0.015242458223169169
F0_D3_raw_Yee_and_flux.mat,#refs#/#eb#,3298,1,2.204544197103433,0.64726461837527871
F0_D3_raw_Yee_and_flux.mat,#refs#/#eb#,3299,1,2.4293870041502545,1.1613840305897676
F0_D3_raw_Yee_and_flux.mat,#refs#/#eb#,3300,1,1.5333520272852734,0.306600875158553
F0_D3_raw_Yee_and_flux.mat,#refs#/#eb#,3301,24,1.340936263598647,1.618278983330722e-10
F0_D3_raw_Yee_and_flux.mat,#refs#/#eb#,3325,18,1.3404996429523337,1.575815146891731e-10
F0_D3_raw_Yee_and_flux.mat,#refs#/#eb#,3343,1,1.3972939858127775,2.6188827867146331e-10
F0_D3_raw_Yee_and_flux.mat,#refs#/#eb#,3344,422,1.4518421980093486,3.5854885113372047e-10
F0_D3_raw_Yee_and_flux.mat,#refs#/#eb#,3766,1,1.5720091505099538,0.0031076233311596543
F0_D3_raw_Yee_and_flux.mat,#refs#/#eb#,3767,6,2.0709231394732965,0.014157178765059373
F0_D3_raw_Yee_and_flux.mat,#refs#/#eb#,3773,1,2.2224485669635179,0.66161715495421158
F0_D3_raw_Yee_and_flux.mat,#refs#/#eb#,3774,1,2.4703832865318605,1.1782780009466933
F0_D3_raw_Yee_and_flux.mat,#refs#/#eb#,3775,1,1.5433200834764327,0.31426702174191096
F0_D3_raw_Yee_and_flux.mat,#refs#/#eb#,3776,24,1.3404996429523337,1.575815146891731e-10
F0_D3_raw_Yee_and_flux.mat,#refs#/#eb#,3800,18,1.3400852214015524,1.5356491937672174e-10
F0_D3_raw_Yee_and_flux.mat,#refs#/#eb#,3818,1,1.3966031582743923,2.5676591892478039e-10
F0_D3_raw_Yee_and_flux.mat,#refs#/#eb#,3819,422,1.4508951918697421,3.5242760086678054e-10
F0_D3_raw_Yee_and_flux.mat,#refs#/#eb#,4241,1,1.5692250152064973,0.0028875279706540549
F0_D3_raw_Yee_and_flux.mat,#refs#/#eb#,4242,6,2.0615446108554507,0.01319094582506429
F0_D3_raw_Yee_and_flux.mat,#refs#/#eb#,4248,1,2.2437356208267691,0.67331595069254402
F0_D3_raw_Yee_and_flux.mat,#refs#/#eb#,4249,1,2.5155832587923443,1.1900095212756607
F0_D3_raw_Yee_and_flux.mat,#refs#/#eb#,4250,1,1.5549820055963082,0.32077940111340608
F0_D3_raw_Yee_and_flux.mat,#refs#/#eb#,4251,24,1.3400852214015524,1.5356491937672174e-10
F0_D3_raw_Yee_and_flux.mat,#refs#/#eb#,4275,18,1.3396914437804199,1.4976000933497553e-10
F0_D3_raw_Yee_and_flux.mat,#refs#/#eb#,4293,1,1.3959428368923061,2.518607805988248e-10
F0_D3_raw_Yee_and_flux.mat,#refs#/#eb#,4294,422,1.4499877665838392,3.4652748458876991e-10
F0_D3_raw_Yee_and_flux.mat,#refs#/#eb#,4716,1,1.5665500841725144,0.0026920389247125677
F0_D3_raw_Yee_and_flux.mat,#refs#/#eb#,4717,6,2.0525048424228132,0.012331010800225341
F0_D3_raw_Yee_and_flux.mat,#refs#/#eb#,4723,1,2.2677095796682423,0.68173630440841193
F0_D3_raw_Yee_and_flux.mat,#refs#/#eb#,4724,1,2.5637373778232888,1.1958744800137953
F0_D3_raw_Yee_and_flux.mat,#refs#/#eb#,4725,1,1.5680420650880158,0.32579478787844407
F0_D3_raw_Yee_and_flux.mat,#refs#/#eb#,4726,24,1.3396914437804199,1.4976000933497553e-10
F0_D3_raw_Yee_and_flux.mat,#refs#/#eb#,4750,18,1.3393168939681888,1.4615050812587868e-10
F0_D3_raw_Yee_and_flux.mat,#refs#/#eb#,4768,1,1.3953111831395804,2.47158698427931e-10
F0_D3_raw_Yee_and_flux.mat,#refs#/#eb#,4769,422,1.4491176984663623,3.408363256792649e-10
F0_D3_raw_Yee_and_flux.mat,#refs#/#eb#,5191,1,1.5639759672649083,0.0025184858877874976
F0_D3_raw_Yee_and_flux.mat,#refs#/#eb#,5192,6,2.0437752383811576,0.011566280240120429
F0_D3_raw_Yee_and_flux.mat,#refs#/#eb#,5198,1,2.293553942521747,0.68645531651770719
F0_D3_raw_Yee_and_flux.mat,#refs#/#eb#,5199,1,2.6135002945633743,1.1955034751014344
F0_D3_raw_Yee_and_flux.mat,#refs#/#eb#,5200,1,1.582129528380086,0.3290592230725477
F0_D3_raw_Yee_and_flux.mat,#refs#/#eb#,5201,24,1.3393168939681888,1.4615050812587868e-10
F0_D3_raw_Yee_and_flux.mat,#refs#/#eb#,5225,18,1.3389602798049161,1.4272174429144667e-10
F0_D3_raw_Yee_and_flux.mat,#refs#/#eb#,5243,1,1.3947064998671965,2.4264673837739676e-10
F0_D3_raw_Yee_and_flux.mat,#refs#/#eb#,5244,422,1.4482829208598766,3.3534283638867817e-10
F0_D3_raw_Yee_and_flux.mat,#refs#/#eb#,5666,1,1.5614950548202733,0.0023645468619903193
F0_D3_raw_Yee_and_flux.mat,#refs#/#eb#,5667,6,2.0353299423896996,0.010887068656034388
F0_D3_raw_Yee_and_flux.mat,#refs#/#eb#,5673,1,2.320397792329207,0.68727710245304252
F0_D3_raw_Yee_and_flux.mat,#refs#/#eb#,5674,1,2.6635272831128671,1.1888694001030773
F0_D3_raw_Yee_and_flux.mat,#refs#/#eb#,5675,1,1.5968293064526331,0.33042698835434869
F0_D3_raw_Yee_and_flux.mat,#refs#/#eb#,5676,24,1.3389602798049161,1.4272174429144667e-10
F0_D3_raw_Yee_and_flux.mat,#refs#/#eb#,5700,18,1.3386204199235687,1.3946046086421632e-10
F0_D3_raw_Yee_and_flux.mat,#refs#/#eb#,5718,1,1.3941272180287976,2.3831306523081863e-10
F0_D3_raw_Yee_and_flux.mat,#refs#/#eb#,5719,422,1.4474815107884773,3.300365379863832e-10
F0_D3_raw_Yee_and_flux.mat,#refs#/#eb#,6141,1,1.5591004289550092,0.0022281959147714974
F0_D3_raw_Yee_and_flux.mat,#refs#/#eb#,6142,6,2.0271455193666119,0.010284893083874683
F0_D3_raw_Yee_and_flux.mat,#refs#/#eb#,6148,1,2.3473863953891589,0.68423295558072439
F0_D3_raw_Yee_and_flux.mat,#refs#/#eb#,6149,1,2.7125678446404309,1.1762638141933173
F0_D3_raw_Yee_and_flux.mat,#refs#/#eb#,6150,1,1.6117177076715856,0.32986715628257995
F0_D3_raw_Yee_and_flux.mat,#refs#/#eb#,6151,24,1.3386204199235687,1.3946046086421632e-10
F0_D3_raw_Yee_and_flux.mat,#refs#/#eb#,6175,18,1.3382962322207008,1.363546510842955e-10
F0_D3_raw_Yee_and_flux.mat,#refs#/#eb#,6193,1,1.3935718848804963,2.3414682702814748e-10
F0_D3_raw_Yee_and_flux.mat,#refs#/#eb#,6194,422,1.4467116769356958,3.2490768935151446e-10
F0_D3_raw_Yee_and_flux.mat,#refs#/#eb#,6616,1,1.5567857866663555,0.0021076597792999995
F0_D3_raw_Yee_and_flux.mat,#refs#/#eb#,6617,6,2.0192006800465818,0.0097523015671627435
F0_D3_raw_Yee_and_flux.mat,#refs#/#eb#,6623,1,2.3737456699841473,0.67755722190616341
F0_D3_raw_Yee_and_flux.mat,#refs#/#eb#,6624,1,2.7595450263721681,1.1582451588589762
F0_D3_raw_Yee_and_flux.mat,#refs#/#eb#,6625,1,1.6263975619103972,0.32745676843195543
F0_D3_raw_Yee_and_flux.mat,#refs#/#eb#,6626,24,1.3382962322207008,1.363546510842955e-10
F0_D3_raw_Yee_and_flux.mat,#refs#/#eb#,6650,18,1.3379867237329361,1.3339341624784394e-10
F0_D3_raw_Yee_and_flux.mat,#refs#/#eb#,6668,1,1.3930391534663844,2.301380538914292e-10
F0_D3_raw_Yee_and_flux.mat,#refs#/#eb#,6669,422,1.4459717487966941,3.1994722298616812e-10
F0_D3_raw_Yee_and_flux.mat,#refs#/#eb#,7091,1,1.5545453729528727,0.0020013816375545842
F0_D3_raw_Yee_and_flux.mat,#refs#/#eb#,7092,6,2.0114760418192921,0.0092827293362160446
F0_D3_raw_Yee_and_flux.mat,#refs#/#eb#,7098,1,2.3988318419834185,0.66764411005949664
F0_D3_raw_Yee_and_flux.mat,#refs#/#eb#,7099,1,2.8036113093377986,1.1355665436173417
F0_D3_raw_Yee_and_flux.mat,#refs#/#eb#,7100,1,1.640527354041287,0.32336247750446578
F0_D3_raw_Yee_and_flux.mat,#refs#/#eb#,7101,24,1.3379867237329361,1.3339341624784394e-10
F0_D3_raw_Yee_and_flux.mat,#refs#/#eb#,7125,18,1.3376909817235028,1.3056684231517667e-10
F0_D3_raw_Yee_and_flux.mat,#refs#/#eb#,7143,1,1.3925277732279171,2.2627756917991453e-10
F0_D3_raw_Yee_and_flux.mat,#refs#/#eb#,7144,422,1.4452601668738478,3.1514668756879058e-10
F0_D3_raw_Yee_and_flux.mat,#refs#/#eb#,7566,1,1.5523739224706374,0.0019079907670193378
F0_D3_raw_Yee_and_flux.mat,#refs#/#eb#,7567,6,2.0039539204571462,0.0088703777113331647
F0_D3_raw_Yee_and_flux.mat,#refs#/#eb#,7573,1,2.4221611632301938,0.65499353554628215
F0_D3_raw_Yee_and_flux.mat,#refs#/#eb#,7574,1,2.8441762446748724,1.1090937820951834
F0_D3_raw_Yee_and_flux.mat,#refs#/#eb#,7575,1,1.6538406905772456,0.31781457504740424
F0_D3_raw_Yee_and_flux.mat,#refs#/#eb#,7576,24,1.3376909817235028,1.3056684231517667e-10
F0_D3_raw_Yee_and_flux.mat,#refs#/#eb#,7600,18,1.3374081658136014,1.2786589247714714e-10
F0_D3_raw_Yee_and_flux.mat,#refs#/#eb#,7618,1,1.3920365815984543,2.2255691124739665e-10
F0_D3_raw_Yee_and_flux.mat,#refs#/#eb#,7619,422,1.4445754738011809,3.1049819628299434e-10
F0_D3_raw_Yee_and_flux.mat,#refs#/#eb#,8041,1,1.550266608485197,0.0018262769969944978
F0_D3_raw_Yee_and_flux.mat,#refs#/#eb#,8042,6,1.9966181482250789,0.008510111736518413
F0_D3_raw_Yee_and_flux.mat,#refs#/#eb#,8048,1,2.4434187666494673,0.64015478077440413
F0_D3_raw_Yee_and_flux.mat,#refs#/#eb#,8049,1,2.8809060802946864,1.0797247836418564
F0_D3_raw_Yee_and_flux.mat,#refs#/#eb#,8050,1,1.6661547575608182,0.31107817372568369
F0_D3_raw_Yee_and_flux.mat,#refs#/#eb#,8051,24,1.3374081658136014,1.2786589247714714e-10
F0_D3_raw_Yee_and_flux.mat,#refs#/#eb#,8075,18,1.3371375010186584,1.2528231334322532e-10
F0_D3_raw_Yee_and_flux.mat,#refs#/#eb#,8093,1,1.3915644964636409,2.1896826434685273e-10
F0_D3_raw_Yee_and_flux.mat,#refs#/#eb#,8094,422,1.4439163062972185,3.0599438025725587e-10
F0_D3_raw_Yee_and_flux.mat,#refs#/#eb#,8516,1,1.5482189980794967,0.0017551691280136186
F0_D3_raw_Yee_and_flux.mat,#refs#/#eb#,8517,6,1.9894539145923751,0.0081973733202902362
F0_D3_raw_Yee_and_flux.mat,#refs#/#eb#,8523,1,2.4624493332993755,0.62367541732984166
F0_D3_raw_Yee_and_flux.mat,#refs#/#eb#,8524,1,2.9136999176072496,1.048319414487483
F0_D3_raw_Yee_and_flux.mat,#refs#/#eb#,8525,1,1.6773686184533556,0.30342589718646112
F0_D3_raw_Yee_and_flux.mat,#refs#/#eb#,8526,24,1.3371375010186584,1.2528231334322532e-10
F0_D3_raw_Yee_and_flux.mat,#refs#/#eb#,8550,18,1.3368782715705272,1.2280855279495635e-10
F0_D3_raw_Yee_and_flux.mat,#refs#/#eb#,8568,1,1.3911105093846881,2.1550439745218136e-10
F0_D3_raw_Yee_and_flux.mat,#refs#/#eb#,8569,422,1.4432813878580009,3.0162834653665667e-10
F0_D3_raw_Yee_and_flux.mat,#refs#/#eb#,8991,1,1.5462270127429512,0.0016937166310894709
F0_D3_raw_Yee_and_flux.mat,#refs#/#eb#,8992,6,1.9824476263660538,0.0079281072689885556
F0_D3_raw_Yee_and_flux.mat,#refs#/#eb#,8998,1,2.4792344220195144,0.60606037176439975
F0_D3_raw_Yee_and_flux.mat,#refs#/#eb#,8999,1,2.9426494129230503,1.015645485089081
F0_D3_raw_Yee_and_flux.mat,#refs#/#eb#,9000,1,1.6874536655128543,0.29511515802596072
F0_D3_raw_Yee_and_flux.mat,#refs#/#eb#,9001,24,1.3368782715705272,1.2280855279495635e-10
F0_D3_raw_Yee_and_flux.mat,#refs#/#eb#,9025,18,1.3366298154242258,1.2043768786092512e-10
F0_D3_raw_Yee_and_flux.mat,#refs#/#eb#,9043,1,1.3906736794954868,2.1215860995312526e-10
F0_D3_raw_Yee_and_flux.mat,#refs#/#eb#,9044,422,1.4426695221125527,2.9739364008135396e-10
F0_D3_raw_Yee_and_flux.mat,#refs#/#eb#,9466,1,1.5442868936032144,0.001641074072639177
F0_D3_raw_Yee_and_flux.mat,#refs#/#eb#,9467,6,1.9755867845614259,0.0076986980820581462
F0_D3_raw_Yee_and_flux.mat,#refs#/#eb#,9473,1,2.4938618618344721,0.58774321729768753
F0_D3_raw_Yee_and_flux.mat,#refs#/#eb#,9474,1,2.9679894287360438,0.98234286647108304
F0_D3_raw_Yee_and_flux.mat,#refs#/#eb#,9475,1,1.6964390758853112,0.28637156038637473
F0_D3_raw_Yee_and_flux.mat,#refs#/#eb#,9476,24,1.3366298154242258,1.2043768786092512e-10
F0_D3_raw_Yee_and_flux.mat,#refs#/#eb#,9500,18,1.3363915193624729,1.1816336122706119e-10
F0_D3_raw_Yee_and_flux.mat,#refs#/#eb#,9518,1,1.390253127996266,2.0892468333449308e-10
F0_D3_raw_Yee_and_flux.mat,#refs#/#eb#,9519,422,1.4420795867722471,2.9328420934965869e-10
F0_D3_raw_Yee_and_flux.mat,#refs#/#eb#,9941,1,1.5423951706752939,0.0015964878136173922
F0_D3_raw_Yee_and_flux.mat,#refs#/#eb#,9942,6,1.9688598757371418,0.0075059157655632484
F0_D3_raw_Yee_and_flux.mat,#refs#/#eb#,9948,1,2.5064918756660179,0.56906955414810156
F0_D3_raw_Yee_and_flux.mat,#refs#/#eb#,9949,1,2.9900458098424565,0.94890494247531132
F0_D3_raw_Yee_and_flux.mat,#refs#/#eb#,9950,1,1.7043948813985168,0.27737865466187162
F0_D3_raw_Yee_and_flux.mat,#refs#/#eb#,9951,24,1.3363915193624729,1.1816336122706119e-10
F0_D3_raw_Yee_and_flux.mat,#refs#/#eb#,9975,18,1.33616281462361,1.1597972520951575e-10
F0_D3_raw_Yee_and_flux.mat,#refs#/#eb#,9993,1,1.3898480331765488,2.0579683808032485e-10
F0_D3_raw_Yee_and_flux.mat,#refs#/#eb#,9994,422,1.441510528113475,2.8929437507808155e-10
F0_D3_raw_Yee_and_flux.mat,#refs#/#eb#,10416,1,1.5405486355968019,0.0015592846134331977
F0_D3_raw_Yee_and_flux.mat,#refs#/#eb#,10417,6,1.9622562758648292,0.007346869230709388
F0_D3_raw_Yee_and_flux.mat,#refs#/#eb#,10423,1,2.517323219665915,0.55029112499692268
F0_D3_raw_Yee_and_flux.mat,#refs#/#eb#,10424,1,3.0091844606878562,0.91567521189463275
F0_D3_raw_Yee_and_flux.mat,#refs#/#eb#,10425,1,1.7114145789794102,0.26827348357578784
F0_D3_raw_Yee_and_flux.mat,#refs#/#eb#,10426,24,1.33616281462361,1.1597972520951575e-10
F0_D3_raw_Yee_and_flux.mat,#refs#/#eb#,10450,18,1.335943172988898,1.1388139219468025e-10
F0_D3_raw_Yee_and_flux.mat,#refs#/#eb#,10468,1,1.3894576259087461,2.0276969515223794e-10
F0_D3_raw_Yee_and_flux.mat,#refs#/#eb#,10469,422,1.4409613559399506,2.8541880191775783e-10
F0_D3_raw_Yee_and_flux.mat,#refs#/#eb#,10891,1,1.5387443173966961,0.0015288618350825592
F0_D3_raw_Yee_and_flux.mat,#refs#/#eb#,10892,6,1.9557661650896803,0.0072189660945244103
F0_D3_raw_Yee_and_flux.mat,#refs#/#eb#,10898,1,2.5265612425207431,0.53156913535654726
F0_D3_raw_Yee_and_flux.mat,#refs#/#eb#,10899,1,3.0257640338363929,0.88285688531433015
F0_D3_raw_Yee_and_flux.mat,#refs#/#eb#,10900,1,1.7175984604603223,0.2591471460435737
F0_D3_raw_Yee_and_flux.mat,#refs#/#eb#,10901,24,1.335943172988898,1.1388139219468025e-10
F0_D3_raw_Yee_and_flux.mat,#refs#/#eb#,10925,18,1.3357321032739513,1.1186339069881558e-10
F0_D3_raw_Yee_and_flux.mat,#refs#/#eb#,10943,1,1.3890811855610916,1.9983824148256979e-10
F0_D3_raw_Yee_and_flux.mat,#refs#/#eb#,10944,422,1.4404311389770605,2.8165247262740764e-10
F0_D3_raw_Yee_and_flux.mat,#refs#/#eb#,11366,1,1.5369794609106897,0.001504679001054671
F0_D3_raw_Yee_and_flux.mat,#refs#/#eb#,11367,6,1.9493804519781608,0.0071198779027457125
F0_D3_raw_Yee_and_flux.mat,#refs#/#eb#,11373,1,2.5343889369580905,0.51298585890189319
F0_D3_raw_Yee_and_flux.mat,#refs#/#eb#,11374,1,3.0400935599404328,0.85053439393836994
F0_D3_raw_Yee_and_flux.mat,#refs#/#eb#,11375,1,1.7230383403201668,0.25004984880017694
F0_D3_raw_Yee_and_flux.mat,#refs#/#eb#,11376,24,1.3357321032739513,1.1186339069881558e-10
F0_D3_raw_Yee_and_flux.mat,#refs#/#eb#,11400,18,1.3355291481765423,1.0992112632352731e-10
F0_D3_raw_Yee_and_flux.mat,#refs#/#eb#,11418,1,1.3887180362849507,1.9699779900007855e-10
F0_D3_raw_Yee_and_flux.mat,#refs#/#eb#,11419,422,1.4399190006559537,2.7799066455834734e-10
F0_D3_raw_Yee_and_flux.mat,#refs#/#eb#,11841,1,1.5352515075117872,0.0014862504925925463
F0_D3_raw_Yee_and_flux.mat,#refs#/#eb#,11842,6,1.9430907060504894,0.0070475099599722757
F0_D3_raw_Yee_and_flux.mat,#refs#/#eb#,11848,1,2.540942158400632,0.49456453777975473
F0_D3_raw_Yee_and_flux.mat,#refs#/#eb#,11849,1,3.0523967982832572,0.81870713849128041
F0_D3_raw_Yee_and_flux.mat,#refs#/#eb#,11850,1,1.7278043319266061,0.24100037359152032
F0_D3_raw_Yee_and_flux.mat,#refs#/#eb#,11851,24,1.3355291481765423,1.0992112632352731e-10
F0_D3_raw_Yee_and_flux.mat,#refs#/#eb#,11875,18,1.3353338814393336,1.080503469872293e-10
F0_D3_raw_Yee_and_flux.mat,#refs#/#eb#,11893,1,1.3883675436369887,1.9424399677129655e-10
F0_D3_raw_Yee_and_flux.mat,#refs#/#eb#,11894,422,1.4394241152497127,2.7442892819780562e-10
F0_D3_raw_Yee_and_flux.mat,#refs#/#eb#,12316,1,1.5335580778709836,0.0014731392198814336
F0_D3_raw_Yee_and_flux.mat,#refs#/#eb#,12317,6,1.936889097565337,0.006999975086925507
F0_D3_raw_Yee_and_flux.mat,#refs#/#eb#,12323,1,2.5462913992347631,0.47629814547214899
F0_D3_raw_Yee_and_flux.mat,#refs#/#eb#,12324,1,3.0627871871058527,0.78733650053058279
F0_D3_raw_Yee_and_flux.mat,#refs#/#eb#,12325,1,1.7319348760423852,0.23200019896392698
F0_D3_raw_Yee_and_flux.mat,#refs#/#eb#,12326,24,1.3353338814393336,1.080503469872293e-10
F0_D3_raw_Yee_and_flux.mat,#refs#/#eb#,12350,18,1.3351459052915216,1.0624711190025517e-10
F0_D3_raw_Yee_and_flux.mat,#refs#/#eb#,12368,1,1.3880291115014196,1.915727458961554e-10
F0_D3_raw_Yee_and_flux.mat,#refs#/#eb#,12369,422,1.4389457043280485,2.7096306756360034e-10
F0_D3_raw_Yee_and_flux.mat,#refs#/#eb#,12791,1,1.5318969565025531,0.0014649511193231604
F0_D3_raw_Yee_and_flux.mat,#refs#/#eb#,12792,6,1.9307683436676639,0.0069755707352239446
F0_D3_raw_Yee_and_flux.mat,#refs#/#eb#,12798,1,2.5504345922285245,0.4581868311438364
F0_D3_raw_Yee_and_flux.mat,#refs#/#eb#,12799,1,3.0712605904715176,0.75640569353576004
F0_D3_raw_Yee_and_flux.mat,#refs#/#eb#,12800,1,1.735432255132261,0.22305219377684635
F0_D3_raw_Yee_and_flux.mat,#refs#/#eb#,12801,24,1.3351459052915216,1.0624711190025517e-10
F0_D3_raw_Yee_and_flux.mat,#refs#/#eb#,12825,18,1.3349648481379912,1.0450776382520314e-10
F0_D3_raw_Yee_and_flux.mat,#refs#/#eb#,12843,1,1.3877021792816293,1.8898021684379691e-10
F0_D3_raw_Yee_and_flux.mat,#refs#/#eb#,12844,422,1.4384830335005308,2.6758912226661711e-10
F0_D3_raw_Yee_and_flux.mat,#refs#/#eb#,13266,1,1.5302660778816988,0.0014613303574795224
F0_D3_raw_Yee_and_flux.mat,#refs#/#eb#,13267,6,1.924721660132203,0.0069727589810381907
F0_D3_raw_Yee_and_flux.mat,#refs#/#eb#,13273,1,2.553307327654819,0.44028086031605596
F0_D3_raw_Yee_and_flux.mat,#refs#/#eb#,13274,1,3.0777158735936059,0.72598704312162388
F0_D3_raw_Yee_and_flux.mat,#refs#/#eb#,13275,1,1.7382668177520719,0.21418234158518376
F0_D3_raw_Yee_and_flux.mat,#refs#/#eb#,13276,24,1.3349648481379912,1.0450776382520314e-10
F0_D3_raw_Yee_and_flux.mat,#refs#/#eb#,13300,18,1.3347903624685629,1.0282890422674342e-10
F0_D3_raw_Yee_and_flux.mat,#refs#/#eb#,13318,1,1.3873862193340294,1.8646281895492551e-10
F0_D3_raw_Yee_and_flux.mat,#refs#/#eb#,13319,422,1.438035409421546,2.6430335107800575e-10
F0_D3_raw_Yee_and_flux.mat,#refs#/#eb#,13741,1,1.5286635139507303,0.0014619551405469322
F0_D3_raw_Yee_and_flux.mat,#refs#/#eb#,13742,6,1.9187427180384222,0.0069901489941504328
F0_D3_raw_Yee_and_flux.mat,#refs#/#eb#,13748,1,2.5548164791369423,0.42272044603495568
F0_D3_raw_Yee_and_flux.mat,#refs#/#eb#,13749,1,3.0820123452854102,0.69630265253145207
F0_D3_raw_Yee_and_flux.mat,#refs#/#eb#,13750,1,1.7403930133603065,0.20546024435548566
F0_D3_raw_Yee_and_flux.mat,#refs#/#eb#,13751,24,1.3347903624685629,1.0282890422674342e-10
F0_D3_raw_Yee_and_flux.mat,#refs#/#eb#,13775,18,1.3346221229633137,1.0120737096833717e-10
F0_D3_raw_Yee_and_flux.mat,#refs#/#eb#,13793,1,1.3870807346200926,1.8401718187169885e-10
F0_D3_raw_Yee_and_flux.mat,#refs#/#eb#,13794,422,1.4376021770329712,2.6110221685594566e-10
F0_D3_raw_Yee_and_flux.mat,#refs#/#eb#,14216,1,1.5270874628540854,0.0014665340441514965
F0_D3_raw_Yee_and_flux.mat,#refs#/#eb#,14217,6,1.9128256048008161,0.0070264816412748078
F0_D3_raw_Yee_and_flux.mat,#refs#/#eb#,14223,1,2.5548979965440881,0.40575797808634934
F0_D3_raw_Yee_and_flux.mat,#refs#/#eb#,14224,1,3.0840644092160918,0.66775536478986186
F0_D3_raw_Yee_and_flux.mat,#refs#/#eb#,14225,1,1.7417777816550877,0.19701114130184583
F0_D3_raw_Yee_and_flux.mat,#refs#/#eb#,14226,24,1.3346221229633137,1.0120737096833717e-10
F0_D3_raw_Yee_and_flux.mat,#refs#/#eb#,14250,18,1.3344598247729174,9.9640218258664897e-11
F0_D3_raw_Yee_and_flux.mat,#refs#/#eb#,14268,1,1.3867852565552192,1.8164013868593742e-10
F0_D3_raw_Yee_and_flux.mat,#refs#/#eb#,14269,422,1.437182717023018,2.5798237270259586e-10
F0_D3_raw_Yee_and_flux.mat,#refs#/#eb#,14691,1,1.5255362387631926,0.0014748027914414537
F0_D3_raw_Yee_and_flux.mat,#refs#/#eb#,14692,6,1.9069647890535781,0.0070806159342896129
F0_D3_raw_Yee_and_flux.mat,#refs#/#eb#,14698,1,2.553588939034614,0.38974646459588286
F0_D3_raw_Yee_and_flux.mat,#refs#/#eb#,14699,1,3.0839566947032848,0.64090484381976243
F0_D3_raw_Yee_and_flux.mat,#refs#/#eb#,14700,1,1.7424364889537836,0.18901121575544561
F0_D3_raw_Yee_and_flux.mat,#refs#/#eb#,14701,24,1.3344598247729174,9.9640218258664897e-11
F0_D3_raw_Yee_and_flux.mat,#refs#/#eb#,14725,18,1.3343031819554705,9.8124698589300248e-11
F0_D3_raw_Yee_and_flux.mat,#refs#/#eb#,14743,1,1.3864993430354511,1.793287106220779e-10
F0_D3_raw_Yee_and_flux.mat,#refs#/#eb#,14744,422,1.4367764434818984,2.5494064923569385e-10
F0_D3_raw_Yee_and_flux.mat,#refs#/#eb#,15166,1,1.5240082626698646,0.0014865214184291886
F0_D3_raw_Yee_and_flux.mat,#refs#/#eb#,15167,6,1.9011550889530726,0.0071515170773023976
F0_D3_raw_Yee_and_flux.mat,#refs#/#eb#,15173,1,2.5510920024212189,0.37508548121454222
F0_D3_raw_Yee_and_flux.mat,#refs#/#eb#,15174,1,3.0820445458361396,0.61637607670800498
F0_D3_raw_Yee_and_flux.mat,#refs#/#eb#,15175,1,1.7424655906881725,0.18166162004582914
F0_D3_raw_Yee_and_flux.mat,#refs#/#eb#,15176,24,1.3343031819554705,9.8124698589300248e-11
F0_D3_raw_Yee_and_flux.mat,#refs#/#eb#,15200,18,1.3341519260534971,9.665824643834653e-11
F0_D3_raw_Yee_and_flux.mat,#refs#/#eb#,15218,1,1.3862225766251108,1.7708009309346217e-10
F0_D3_raw_Yee_and_flux.mat,#refs#/#eb#,15219,422,1.436382801736908,2.5197404287149951e-10
F0_D3_raw_Yee_and_flux.mat,#refs#/#eb#,15641,1,1.5225020540421288,0.0015014717746886293
F0_D3_raw_Yee_and_flux.mat,#refs#/#eb#,15642,6,1.895391643516821,0.0072382459026838035
F0_D3_raw_Yee_and_flux.mat,#refs#/#eb#,15648,1,2.5478065802784746,0.3621322867738439
F0_D3_raw_Yee_and_flux.mat,#refs#/#eb#,15649,1,3.0789987757163071,0.59471379070067565
F0_D3_raw_Yee_and_flux.mat,#refs#/#eb#,15650,1,1.7420589589089319,0.17514485500331256
F0_D3_raw_Yee_and_flux.mat,#refs#/#eb#,15651,24,1.3341519260534971,9.665824643834653e-11
F0_D3_raw_Yee_and_flux.mat,#refs#/#eb#,15675,18,1.3340058047967187,9.523846354323865e-11
F0_D3_raw_Yee_and_flux.mat,#refs#/#eb#,15693,1,1.3859545628902825,1.748916429897304e-10
F0_D3_raw_Yee_and_flux.mat,#refs#/#eb#,15694,422,1.4360012663512478,2.4907970502654998e-10
F0_D3_raw_Yee_and_flux.mat,#refs#/#eb#,16116,1,1.5210162232494933,0.0015194553151610024
F0_D3_raw_Yee_and_flux.mat,#refs#/#eb#,16117,6,1.889669886665259,0.00733994951655527
F0_D3_raw_Yee_and_flux.mat,#refs#/#eb#,16123,1,2.5443099731298351,0.35110206996125004
F0_D3_raw_Yee_and_flux.mat,#refs#/#eb#,16124,1,3.075769427105072,0.57622186785455676
F0_D3_raw_Yee_and_flux.mat,#refs#/#eb#,16125,1,1.7414995518221768,0.16957540093124218
F0_D3_raw_Yee_and_flux.mat,#refs#/#eb#,16126,24,1.3340058047967187,9.523846354323865e-11
F0_D3_raw_Yee_and_flux.mat,#refs#/#eb#,16150,18,1.3338645809178564,9.3863105570435591e-11
F0_D3_raw_Yee_and_flux.mat,#refs#/#eb#,16168,1,1.3856949288646228,1.7276086706974223e-10
F0_D3_raw_Yee_and_flux.mat,#refs#/#eb#,16169,422,1.4356313392724429,2.4625493215524353e-10
F0_D3_raw_Yee_and_flux.mat,#refs#/#eb#,16591,1,1.5195494646759453,0.0015402911452629651
F0_D3_raw_Yee_and_flux.mat,#refs#/#eb#,16592,6,1.8839855236735377,0.0074558529998835854
F0_D3_raw_Yee_and_flux.mat,#refs#/#eb#,16598,1,2.5412912528195184,0.34198574914938973
F0_D3_raw_Yee_and_flux.mat,#refs#/#eb#,16599,1,3.0734734982598186,0.56083342518271972
F0_D3_raw_Yee_and_flux.mat,#refs#/#eb#,16600,1,1.7411276128818345,0.16495879167519853
F0_D3_raw_Yee_and_flux.mat,#refs#/#eb#,16601,24,1.3338645809178564,9.3863105570435591e-11
F0_D3_raw_Yee_and_flux.mat,#refs#/#eb#,16625,18,1.333728031070172,9.2530070030879833e-11
F0_D3_raw_Yee_and_flux.mat,#refs#/#eb#,16643,1,1.3854433216354349,1.7068541134892479e-10
F0_D3_raw_Yee_and_flux.mat,#refs#/#eb#,16644,422,1.4352725481175945,2.4349715654870248e-10
F0_D3_raw_Yee_and_flux.mat,#refs#/#eb#,17066,1,1.5181005504487823,0.0015638142868894085
F0_D3_raw_Yee_and_flux.mat,#refs#/#eb#,17067,6,1.8783345097761115,0.0075852520328996637
F0_D3_raw_Yee_and_flux.mat,#refs#/#eb#,17073,1,2.5394551522199227,0.33450348197923069
F0_D3_raw_Yee_and_flux.mat,#refs#/#eb#,17074,1,3.0732351324163796,0.54804066429583798
F0_D3_raw_Yee_and_flux.mat,#refs#/#eb#,17075,1,1.7412940906588874,0.16116812561024846
F0_D3_raw_Yee_and_flux.mat,#refs#/#eb#,17076,24,1.333728031070172,9.2530070030879833e-11
F0_D3_raw_Yee_and_flux.mat,#refs#/#eb#,17100,18,1.3335959448367334,9.1237385308389886e-11
F0_D3_raw_Yee_and_flux.mat,#refs#/#eb#,17118,1,1.3851994070391567,1.686630513825777e-10
F0_D3_raw_Yee_and_flux.mat,#refs#/#eb#,17119,422,1.4349244445839149,2.4080393782787258e-10
F0_D3_raw_Yee_and_flux.mat,#refs#/#eb#,17541,1,1.5166683247198292,0.0015898741374750932
F0_D3_raw_Yee_and_flux.mat,#refs#/#eb#,17542,6,1.8727130306975597,0.0077275063288931604
F0_D3_raw_Yee_and_flux.mat,#refs#/#eb#,17548,1,2.5394145089153413,0.3280970939455497
F0_D3_raw_Yee_and_flux.mat,#refs#/#eb#,17549,1,3.0760087157151648,0.53688988960052919
F0_D3_raw_Yee_and_flux.mat,#refs#/#eb#,17550,1,1.742308489592709,0.1579393849592029
F0_D3_raw_Yee_and_flux.mat,#refs#/#eb#,17551,24,1.3335959448367334,9.1237385308389886e-11
F0_D3_raw_Yee_and_flux.mat,#refs#/#eb#,17575,18,1.3334681238224884,8.998320068400429e-11
F0_D3_raw_Yee_and_flux.mat,#refs#/#eb#,17593,1,1.3849628684565365,1.6669168335768775e-10
F0_D3_raw_Yee_and_flux.mat,#refs#/#eb#,17594,422,1.4345866029740963,2.3817295507046617e-10
F0_D3_raw_Yee_and_flux.mat,#refs#/#eb#,18016,1,1.5152516984429967,0.0016183330981446532
F0_D3_raw_Yee_and_flux.mat,#refs#/#eb#,18017,6,1.8671174849097512,0.0078820337789814472
F0_D3_raw_Yee_and_flux.mat,#refs#/#eb#,18023,1,2.5415807404236355,0.32195831529296864
F0_D3_raw_Yee_and_flux.mat,#refs#/#eb#,18024,1,3.0824015533792117,0.5260369633703883
F0_D3_raw_Yee_and_flux.mat,#refs#/#eb#,18025,1,1.7443855857259738,0.1548836930827184
F0_D3_raw_Yee_and_flux.mat,#refs#/#eb#,18026,24,1.3334681238224884,8.998320068400429e-11
F0_D3_raw_Yee_and_flux.mat,#refs#/#eb#,18050,18,1.3333443808212173,8.876577725305508e-11
F0_D3_raw_Yee_and_flux.mat,#refs#/#eb#,18068,1,1.384733405698741,1.6476931591546318e-10
F0_D3_raw_Yee_and_flux.mat,#refs#/#eb#,18069,422,1.434258618827041,2.3560199951728413e-10
F0_D3_raw_Yee_and_flux.mat,#refs#/#eb#,18491,1,1.5138496445985297,0.0016490653502551618
F0_D3_raw_Yee_and_flux.mat,#refs#/#eb#,18492,6,1.8615444674386681,0.0080483052226581597
F0_D3_raw_Yee_and_flux.mat,#refs#/#eb#,18498,1,2.5460556177138716,0.31509613019920341
F0_D3_raw_Yee_and_flux.mat,#refs#/#eb#,18499,1,3.0925038277904981,0.51386773951161746
F0_D3_raw_Yee_and_flux.mat,#refs#/#eb#,18500,1,1.7475919602105894,0.15151801403013787
F0_D3_raw_Yee_and_flux.mat,#refs#/#eb#,18501,24,1.3333443808212173,8.876577725305508e-11
F0_D3_raw_Yee_and_flux.mat,#refs#/#eb#,18525,18,1.333224539050279,8.7583479643731012e-11
F0_D3_raw_Yee_and_flux.mat,#refs#/#eb#,18543,1,1.3845107339765101,1.6289406263526468e-10
F0_D3_raw_Yee_and_flux.mat,#refs#/#eb#,18544,422,1.433940107645358,2.33088967808732e-10
F0_D3_raw_Yee_and_flux.mat,#refs#/#eb#,18966,1,1.5124611938199231,0.0016819557624332673
F0_D3_raw_Yee_and_flux.mat,#refs#/#eb#,18967,6,1.8559907550644179,0.0082258397702540103
F0_D3_raw_Yee_and_flux.mat,#refs#/#eb#,18973,1,2.5525356545691422,0.30645683176571076
F0_D3_raw_Yee_and_flux.mat,#refs#/#eb#,18974,1,3.1057465401955762,0.49870215378703731
F0_D3_raw_Yee_and_flux.mat,#refs#/#eb#,18975,1,1.7517970600359776,0.14732151241033059
F0_D3_raw_Yee_and_flux.mat,#refs#/#eb#,18976,24,1.333224539050279,8.7583479643731012e-11
F0_D3_raw_Yee_and_flux.mat,#refs#/#eb#,19000,18,1.3331084314468296,8.6434768456329506e-11
F0_D3_raw_Yee_and_flux.mat,#refs#/#eb#,19018,1,1.3842945829452389,1.6106413511804891e-10
F0_D3_raw_Yee_and_flux.mat,#refs#/#eb#,19019,422,1.4336307037118157,2.3063185570705346e-10
F0_D3_raw_Yee_and_flux.mat,#refs#/#eb#,19441,1,1.511085430384371,0.0017168989125880883
F0_D3_raw_Yee_and_flux.mat,#refs#/#eb#,19442,6,1.8504532927756265,0.0084142006130980638
F0_D3_raw_Yee_and_flux.mat,#refs#/#eb#,19448,1,2.5602628120373963,0.29510757988899411
F0_D3_raw_Yee_and_flux.mat,#refs#/#eb#,19449,1,3.120841619484803,0.47909339536545487
F0_D3_raw_Yee_and_flux.mat,#refs#/#eb#,19450,1,1.7566449667857282,0.14182429231605856
F0_D3_raw_Yee_and_flux.mat,#refs#/#eb#,19451,24,1.3331084314468296,8.6434768456329506e-11
F0_D3_raw_Yee_and_flux.mat,#refs#/#eb#,19475,18,1.3329959000198444,8.5318193351527158e-11
F0_D3_raw_Yee_and_flux.mat,#refs#/#eb#,19493,1,1.3840846958195745,1.5927783661400095e-10
F0_D3_raw_Yee_and_flux.mat,#refs#/#eb#,19494,422,1.4333300589876563,2.2822875226402339e-10
F0_D3_raw_Yee_and_flux.mat,#refs#/#eb#,19916,1,1.509721488531911,0.0017537982114017754
F0_D3_raw_Yee_and_flux.mat,#refs#/#eb#,19917,6,1.8449291813548578,0.0086129912653811983
F0_D3_raw_Yee_and_flux.mat,#refs#/#eb#,19923,1,2.5680748967572575,0.28046412234153645
F0_D3_raw_Yee_and_flux.mat,#refs#/#eb#,19924,1,3.13588457665543,0.45418493801363646
F0_D3_raw_Yee_and_flux.mat,#refs#/#eb#,19925,1,1.7615741041029518,0.13472077963054671
F0_D3_raw_Yee_and_flux.mat,#refs#/#eb#,19926,24,1.3329959000198444,8.5318193351527158e-11
F0_D3_raw_Yee_and_flux.mat,#refs#/#eb#,19950,18,1.3328867952528778,8.4232386723979153e-11
F0_D3_raw_Yee_and_flux.mat,#refs#/#eb#,19968,1,1.3838808285517035,1.5753355614480105e-10
F0_D3_raw_Yee_and_flux.mat,#refs#/#eb#,19969,422,1.4330378420862988,2.2587783439759915e-10
F0_D3_raw_Yee_and_flux.mat,#refs#/#eb#,20391,1,1.5083685490821976,0.0017925651155740305
F0_D3_raw_Yee_and_flux.mat,#refs#/#eb#,20392,6,1.839415665985261,0.0088218521889911125
F0_D3_raw_Yee_and_flux.mat,#refs#/#eb#,20398,1,2.5745955263181068,0.26249204033128448
F0_D3_raw_Yee_and_flux.mat,#refs#/#eb#,20399,1,3.1486731941765163,0.42401117747907069
F0_D3_raw_Yee_and_flux.mat,#refs#/#eb#,20400,1,1.7659070764309295,0.12597366168257074
F0_D3_raw_Yee_and_flux.mat,#refs#/#eb#,20401,24,1.3328867952528778,8.4232386723979153e-11
F0_D3_raw_Yee_and_flux.mat,#refs#/#eb#,20425,18,1.332780975552996,8.3176057904567866e-11
F0_D3_raw_Yee_and_flux.mat,#refs#/#eb#,20443,1,1.3836827490680741,1.5582976307608818e-10
F0_D3_raw_Yee_and_flux.mat,#refs#/#eb#,20444,422,1.4327537373165484,2.2357736184441558e-10
F0_D3_raw_Yee_and_flux.mat,#refs#/#eb#,20866,1,1.5070258363211635,0.0018331184205599826
F0_D3_raw_Yee_and_flux.mat,#refs#/#eb#,20867,6,1.8339101257805321,0.0090404577585502834
F0_D3_raw_Yee_and_flux.mat,#refs#/#eb#,20873,1,2.5785386172550266,0.2417783781039291
F0_D3_raw_Yee_and_flux.mat,#refs#/#eb#,20874,1,3.1571926567241007,0.38958475848345381
F0_D3_raw_Yee_and_flux.mat,#refs#/#eb#,20875,1,1.7690010057990733,0.11585577053951204
F0_D3_raw_Yee_and_flux.mat,#refs#/#eb#,20876,24,1.332780975552996,8.3176057904567866e-11
F0_D3_raw_Yee_and_flux.mat,#refs#/#eb#,20900,18,1.3326783067417964,8.2147987840771116e-11
F0_D3_raw_Yee_and_flux.mat,#refs#/#eb#,20918,1,1.3834902365597861,1.5416500210019912e-10
F0_D3_raw_Yee_and_flux.mat,#refs#/#eb#,20919,422,1.4324774437899332,2.2132567245803302e-10
F0_D3_raw_Yee_and_flux.mat,#refs#/#eb#,21341,1,1.5056926151327383,0.0018753836238545234
F0_D3_raw_Yee_and_flux.mat,#refs#/#eb#,21342,6,1.8284100641507681,0.009268513529299964
F0_D3_raw_Yee_and_flux.mat,#refs#/#eb#,21348,1,2.5790180319847433,0.21940728098817996
F0_D3_raw_Yee_and_flux.mat,#refs#/#eb#,21349,1,3.1600920820346636,0.35267835217564553
F0_D3_raw_Yee_and_flux.mat,#refs#/#eb#,21350,1,1.770404809374104,0.10489352200660097
F0_D3_raw_Yee_and_flux.mat,#refs#/#eb#,21351,24,1.3326783067417964,8.2147987840771116e-11
F0_D3_raw_Yee_and_flux.mat,#refs#/#eb#,21375,18,1.3325786615848205,8.1147024210037688e-11
F0_D3_raw_Yee_and_flux.mat,#refs#/#eb#,21393,1,1.3833030808223019,1.5253788859327151e-10
F0_D3_raw_Yee_and_flux.mat,#refs#/#eb#,21394,422,1.4322086745872629,2.1912117782557016e-10
F0_D3_raw_Yee_and_flux.mat,#refs#/#eb#,21816,1,1.5043681883533881,0.0019192923509809181
F0_D3_raw_Yee_and_flux.mat,#refs#/#eb#,21817,6,1.8229130999259955,0.0095057537750150561
F0_D3_raw_Yee_and_flux.mat,#refs#/#eb#,21823,1,2.5757254428945791,0.1966769536705926
F0_D3_raw_Yee_and_flux.mat,#refs#/#eb#,21824,1,3.1569444210215756,0.31536971650589185
F0_D3_raw_Yee_and_flux.mat,#refs#/#eb#,21825,1,1.7699530773795333,0.09372768246405716
F0_D3_raw_Yee_and_flux.mat,#refs#/#eb#,21826,24,1.3325786615848205,8.1147024210037688e-11
F0_D3_raw_Yee_and_flux.mat,#refs#/#eb#,21850,18,1.3324819193560435,8.0172076925831713e-11
F0_D3_raw_Yee_and_flux.mat,#refs#/#eb#,21868,1,1.3831210816405641,1.5094710431435998e-10
F0_D3_raw_Yee_and_flux.mat,#refs#/#eb#,21869,422,1.4319471559799226,2.1696235917780122e-10
F0_D3_raw_Yee_and_flux.mat,#refs#/#eb#,22291,1,1.5030518943295028,0.0019647818373017775
F0_D3_raw_Yee_and_flux.mat,#refs#/#eb#,22292,6,1.8174169591673213,0.0097519392670975449
F0_D3_raw_Yee_and_flux.mat,#refs#/#eb#,22298,1,2.5689093059720784,0.17478620310585255
F0_D3_raw_Yee_and_flux.mat,#refs#/#eb#,22299,1,3.1481956175857024,0.27955249189779208
F0_D3_raw_Yee_and_flux.mat,#refs#/#eb#,22300,1,1.7677598245981676,0.082955374125647879
F0_D3_raw_Yee_and_flux.mat,#refs#/#eb#,22301,24,1.3324819193560435,8.0172076925831713e-11
F0_D3_raw_Yee_and_flux.mat,#refs#/#eb#,22325,18,1.3323879654344397,7.9222114000222891e-11
F0_D3_raw_Yee_and_flux.mat,#refs#/#eb#,22343,1,1.3829440482159139,1.4939139341738237e-10
F0_D3_raw_Yee_and_flux.mat,#refs#/#eb#,22344,422,1.4316926267017993,2.148477635700048e-10
F0_D3_raw_Yee_and_flux.mat,#refs#/#eb#,22766,1,1.5017431046597081,0.0020117944595979568
F0_D3_raw_Yee_and_flux.mat,#refs#/#eb#,22767,6,1.8119194676028456,0.010006855269416241
F0_D3_raw_Yee_and_flux.mat,#refs#/#eb#,22773,1,2.5591999130001284,0.15461873286334193
F0_D3_raw_Yee_and_flux.mat,#refs#/#eb#,22774,1,3.1348803355449797,0.24660736043462733
F0_D3_raw_Yee_and_flux.mat,#refs#/#eb#,22775,1,1.7641328358681962,0.073019428043406581
F0_D3_raw_Yee_and_flux.mat,#refs#/#eb#,22776,24,1.3323879654344397,7.9222114000222891e-11
F0_D3_raw_Yee_and_flux.mat,#refs#/#eb#,22800,18,1.3322966909299134,7.8296157730630736e-11
F0_D3_raw_Yee_and_flux.mat,#refs#/#eb#,22818,1,1.3827717986315662,1.478695587495329e-10
F0_D3_raw_Yee_and_flux.mat,#refs#/#eb#,22819,422,1.4314448372680797,2.127760003128341e-10
F0_D3_raw_Yee_and_flux.mat,#refs#/#eb#,23241,1,1.5004412221059442,0.0020602773121030245
F0_D3_raw_Yee_and_flux.mat,#refs#/#eb#,23242,6,1.8064185436318638,0.010270309726556012
F0_D3_raw_Yee_and_flux.mat,#refs#/#eb#,23248,1,2.5473874244137056,0.13667443310816399
F0_D3_raw_Yee_and_flux.mat,#refs#/#eb#,23249,1,3.1182716777353789,0.21730373525584382
F0_D3_raw_Yee_and_flux.mat,#refs#/#eb#,23250,1,1.7594624526831477,0.064171744611109943
F0_D3_raw_Yee_and_flux.mat,#refs#/#eb#,23251,24,1.3322966909299134,7.8296157730630736e-11
F0_D3_raw_Yee_and_flux.mat,#refs#/#eb#,23275,18,1.3322079923361443,7.7393281181629984e-11
F0_D3_raw_Yee_and_flux.mat,#refs#/#eb#,23293,1,1.382604159353654,1.4638045841231679e-10
F0_D3_raw_Yee_and_flux.mat,#refs#/#eb#,23294,422,1.4312035493374775,2.1074573763427626e-10
F0_D3_raw_Yee_and_flux.mat,#refs#/#eb#,23716,1,1.4991456786587631,0.0021101818222820658
F0_D3_raw_Yee_and_flux.mat,#refs#/#eb#,23717,6,1.8009121918465263,0.010542131625619514
F0_D3_raw_Yee_and_flux.mat,#refs#/#eb#,23723,1,2.5342423358254709,0.12111612179505302
F0_D3_raw_Yee_and_flux.mat,#refs#/#eb#,23724,1,3.099601498844188,0.19187924200566339
F0_D3_raw_Yee_and_flux.mat,#refs#/#eb#,23725,1,1.7541308242509743,0.056495594662888553
F0_D3_raw_Yee_and_flux.mat,#refs#/#eb#,23726,24,1.3322079923361443,7.7393281181629984e-11
F0_D3_raw_Yee_and_flux.mat,#refs#/#eb#,23750,18,1.3321217712081261,7.6512604935660329e-11
F0_D3_raw_Yee_and_flux.mat,#refs#/#eb#,23768,1,1.3824409647651326,1.4492300256361227e-10
F0_D3_raw_Yee_and_flux.mat,#refs#/#eb#,23769,422,1.430968535114727,2.0875569955538947e-10
F0_D3_raw_Yee_and_flux.mat,#refs#/#eb#,24191,1,1.4978559337437147,0.0021614634022227501
F0_D3_raw_Yee_and_flux.mat,#refs#/#eb#,24192,6,1.7953984970251784,0.010822169514166251
F0_D3_raw_Yee_and_flux.mat,#refs#/#eb#,24198,1,2.5204129688897017,0.1078688444153533
F0_D3_raw_Yee_and_flux.mat,#refs#/#eb#,24199,1,3.0799023888641677,0.17019848754689426
F0_D3_raw_Yee_and_flux.mat,#refs#/#eb#,24200,1,1.7484598351985574,0.049955084384144373
F0_D3_raw_Yee_and_flux.mat,#refs#/#eb#,24201,24,1.3321217712081261,7.6512604935660329e-11
F0_D3_raw_Yee_and_flux.mat,#refs#/#eb#,24225,18,1.3320379338623836,7.5653294089084541e-11
F0_D3_raw_Yee_and_flux.mat,#refs#/#eb#,24243,1,1.3822820567300562,1.4349615044117756e-10
F0_D3_raw_Yee_and_flux.mat,#refs#/#eb#,24244,422,1.4307395767904412,2.0680466296397469e-10
F0_D3_raw_Yee_and_flux.mat,#refs#/#eb#,24666,1,1.4965714725569483,0.0022140811319381029
F0_D3_raw_Yee_and_flux.mat,#refs#/#eb#,24667,6,1.7898756185560507,0.011110290158642453
F0_D3_raw_Yee_and_flux.mat,#refs#/#eb#,24673,1,2.5063909206340442,0.096720951402726046
F0_D3_raw_Yee_and_flux.mat,#refs#/#eb#,24674,1,3.0599557163088553,0.15191277312391177
F0_D3_raw_Yee_and_flux.mat,#refs#/#eb#,24675,1,1.7426934244238677,0.044445843104224461
F0_D3_raw_Yee_and_flux.mat,#refs#/#eb#,24676,24,1.3320379338623836,7.5653294089084541e-11
F0_D3_raw_Yee_and_flux.mat,#refs#/#eb#,24700,18,1.3319563910980363,7.481455547235704e-11
F0_D3_raw_Yee_and_flux.mat,#refs#/#eb#,24718,1,1.3821272841859595,1.4209890758982253e-10
F0_D3_raw_Yee_and_flux.mat,#refs#/#eb#,24719,422,1.4305164660156671,2.0489145487166323e-10
F0_D3_raw_Yee_and_flux.mat,#refs#/#eb#,25141,1,1.4952918045192987,0.0022679974713696099
F0_D3_raw_Yee_and_flux.mat,#refs#/#eb#,25142,6,1.784341785253956,0.011406377329765066
F0_D3_raw_Yee_and_flux.mat,#refs#/#eb#,25148,1,2.4925188538466592,0.087402192744522697
F0_D3_raw_Yee_and_flux.mat,#refs#/#eb#,25149,1,3.0403053673080707,0.13658297089209639
F0_D3_raw_Yee_and_flux.mat,#refs#/#eb#,25150,1,1.7370013687629613,0.039834219198469904
F0_D3_raw_Yee_and_flux.mat,#refs#/#eb#,25151,24,1.3319563910980363,7.481455547235704e-11
F0_D3_raw_Yee_and_flux.mat,#refs#/#eb#,25175,18,1.3318770579370496,7.3995635075131571e-11
F0_D3_raw_Yee_and_flux.mat,#refs#/#eb#,25193,1,1.3819765027622644,1.4073032327608673e-10
F0_D3_raw_Yee_and_flux.mat,#refs#/#eb#,25194,422,1.4302990034086838,2.0301494984111334e-10
F0_D3_raw_Yee_and_flux.mat,#refs#/#eb#,25616,1,1.4940164618391152,0.0023231779981596713
F0_D3_raw_Yee_and_flux.mat,#refs#/#eb#,25617,6,1.7787952905362192,0.011710330702435708
F0_D3_raw_Yee_and_flux.mat,#refs#/#eb#,25623,1,2.479017173765004,0.079634131785243201
F0_D3_raw_Yee_and_flux.mat,#refs#/#eb#,25624,1,3.0213006118283618,0.12375871384648865
F0_D3_raw_Yee_and_flux.mat,#refs#/#eb#,25625,1,1.7314926294081714,0.035982537535339996
F0_D3_raw_Yee_and_flux.mat,#refs#/#eb#,25626,24,1.3318770579370496,7.3995635075131571e-11
F0_D3_raw_Yee_and_flux.mat,#refs#/#eb#,25650,18,1.331799853382156,7.3195815658977633e-11
F0_D3_raw_Yee_and_flux.mat,#refs#/#eb#,25668,1,1.3818295744228037,1.3938948807571573e-10
F0_D3_raw_Yee_and_flux.mat,#refs#/#eb#,25669,422,1.4300869980917859,2.0117406757109332e-10
F0_D3_raw_Yee_and_flux.mat,#refs#/#eb#,26091,1,1.4927449981750216,0.0023795911686520354
F0_D3_raw_Yee_and_flux.mat,#refs#/#eb#,26092,6,1.7732344879272159,0.012022064859458538
F0_D3_raw_Yee_and_flux.mat,#refs#/#eb#,26098,1,2.4660146155838478,0.07315782764276485
F0_D3_raw_Yee_and_flux.mat,#refs#/#eb#,26099,1,3.0031448223812296,0.11302183631057024
F0_D3_raw_Yee_and_flux.mat,#refs#/#eb#,26100,1,1.7262306654001243,0.032762913572333408
F0_D3_raw_Yee_and_flux.mat,#refs#/#eb#,26101,24,1.331799853382156,7.3195815658977633e-11
F0_D3_raw_Yee_and_flux.mat,#refs#/#eb#,26125,18,1.331724700191069,7.2414414542024172e-11
F0_D3_raw_Yee_and_flux.mat,#refs#/#eb#,26143,1,1.3816863671307194,1.3807553162054042e-10
F0_D3_raw_Yee_and_flux.mat,#refs#/#eb#,26144,422,1.4298802672559698,1.9936777062823398e-10
F0_D3_raw_Yee_and_flux.mat,#refs#/#eb#,26566,1,1.4914769873905831,0.0024372080998332078
F0_D3_raw_Yee_and_flux.mat,#refs#/#eb#,26567,6,1.767657786863754,0.012341508389392427
F0_D3_raw_Yee_and_flux.mat,#refs#/#eb#,26573,1,2.4535754581957923,0.067746068315977709
F0_D3_raw_Yee_and_flux.mat,#refs#/#eb#,26574,1,2.9859387370997843,0.10400552467505493
F0_D3_raw_Yee_and_flux.mat,#refs#/#eb#,26575,1,1.7212470333863357,0.030063310745198277
F0_D3_raw_Yee_and_flux.mat,#refs#/#eb#,26576,24,1.331724700191069,7.2414414542024172e-11
F0_D3_raw_Yee_and_flux.mat,#refs#/#eb#,26600,18,1.3316515246657308,7.1650781541321066e-11
F0_D3_raw_Yee_and_flux.mat,#refs#/#eb#,26618,1,1.3815467545341218,1.3678762049253673e-10
F0_D3_raw_Yee_and_flux.mat,#refs#/#eb#,26619,422,1.4296786357516047,1.9759506231512324e-10
F0_D3_raw_Yee_and_flux.mat,#refs#/#eb#,27041,1,1.490212022393592,0.0024960023701631265
F0_D3_raw_Yee_and_flux.mat,#refs#/#eb#,27042,6,1.7620636487760568,0.012668603069856739
F0_D3_raw_Yee_and_flux.mat,#refs#/#eb#,27048,1,2.4417209610803008,0.063206416791834724
F0_D3_raw_Yee_and_flux.mat,#refs#/#eb#,27049,1,2.9697145467722601,0.096399008725499918
F0_D3_raw_Yee_and_flux.mat,#refs#/#eb#,27050,1,1.7165520715089104,0.027789005234863537
F0_D3_raw_Yee_and_flux.mat,#refs#/#eb#,27051,24,1.3316515246657308,7.1650781541321066e-11
F0_D3_raw_Yee_and_flux.mat,#refs#/#eb#,27075,18,1.3315802564554469,7.0904297060030553e-11
F0_D3_raw_Yee_and_flux.mat,#refs#/#eb#,27093,1,1.3814106156710431,1.3552495625391214e-10
F0_D3_raw_Yee_and_flux.mat,#refs#/#eb#,27094,422,1.4294819357033171,1.9585498466525087e-10
F0_D3_raw_Yee_and_flux.mat,#refs#/#eb#,27516,1,1.4889497140533405,0.0025559498374939831
F0_D3_raw_Yee_and_flux.mat,#refs#/#eb#,27517,6,1.7564505834214019,0.01300330312870346
F0_D3_raw_Yee_and_flux.mat,#refs#/#eb#,27523,1,2.4304450695956161,0.059379447807791752
F0_D3_raw_Yee_and_flux.mat,#refs#/#eb#,27524,1,2.9544608958318861,0.089944670437870147
F0_D3_raw_Yee_and_flux.mat,#refs#/#eb#,27525,1,1.7121427018787152,0.025861661952740367
F0_D3_raw_Yee_and_flux.mat,#refs#/#eb#,27526,24,1.3315802564554469,7.0904297060030553e-11
F0_D3_raw_Yee_and_flux.mat,#refs#/#eb#,27550,18,1.3315108283728561,7.0174370307743659e-11
F0_D3_raw_Yee_and_flux.mat,#refs#/#eb#,27568,1,1.3812778346923198,1.342867736030186e-10
F0_D3_raw_Yee_and_flux.mat,#refs#/#eb#,27569,422,1.4292900061474558,1.9414661655605025e-10
F0_D3_raw_Yee_and_flux.mat,#refs#/#eb#,27991,1,1.4876896901898362,0.0026170284724437881
F0_D3_raw_Yee_and_flux.mat,#refs#/#eb#,27992,6,1.7508171454494992,0.013345574576166782
F0_D3_raw_Yee_and_flux.mat,#refs#/#eb#,27998,1,2.419725372046996,0.056134876233363093
F0_D3_raw_Yee_and_flux.mat,#refs#/#eb#,27999,1,2.9401403511254509,0.084431821893544215
F0_D3_raw_Yee_and_flux.mat,#refs#/#eb#,28000,1,1.7080078550148727,0.024217375073798314
F0_D3_raw_Yee_and_flux.mat,#refs#/#eb#,28001,24,1.3315108283728561,7.0174370307743659e-11
F0_D3_raw_Yee_and_flux.mat,#refs#/#eb#,28025,18,1.3314431762217758,6.946043764328249e-11
F0_D3_raw_Yee_and_flux.mat,#refs#/#eb#,28043,1,1.3811483006011618,1.3307233864676544e-10
F0_D3_raw_Yee_and_flux.mat,#refs#/#eb#,28044,422,1.4291026926906218,1.9246907193197741e-10
F0_D3_raw_Yee_and_flux.mat,#refs#/#eb#,28466,1,1.4864315946294384,0.0026792182057644885
F0_D3_raw_Yee_and_flux.mat,#refs#/#eb#,28467,6,1.7451619311805318,0.013695394601847355
F0_D3_raw_Yee_and_flux.mat,#refs#/#eb#,28473,1,2.4095304670202138,0.053367087273588562
F0_D3_raw_Yee_and_flux.mat,#refs#/#eb#,28474,1,2.9267011671649685,0.079689536327900892
F0_D3_raw_Yee_and_flux.mat,#refs#/#eb#,28475,1,1.7041321031823853,0.02280442526639621
F0_D3_raw_Yee_and_flux.mat,#refs#/#eb#,28476,24,1.3314431762217758,6.946043764328249e-11
F0_D3_raw_Yee_and_flux.mat,#refs#/#eb#,28500,18,1.331377238636047,6.8761961030304154e-11
F0_D3_raw_Yee_and_flux.mat,#refs#/#eb#,28518,1,1.3810219070082517,1.3188094728098441e-10
F0_D3_raw_Yee_and_flux.mat,#refs#/#eb#,28519,422,1.4289198471878697,1.9082149813018129e-10
F0_D3_raw_Yee_and_flux.mat,#refs#/#eb#,28941,1,1.4851750863218824,0.0027425007884174187
F0_D3_raw_Yee_and_flux.mat,#refs#/#eb#,28942,6,1.7394835755784483,0.014052751031151558
F0_D3_raw_Yee_and_flux.mat,#refs#/#eb#,28948,1,2.3998247615347745,0.050990829822455334
F0_D3_raw_Yee_and_flux.mat,#refs#/#eb#,28949,1,2.9140849613411688,0.075579738514907666
F0_D3_raw_Yee_and_flux.mat,#refs#/#eb#,28950,1,1.7004980166592201,0.021581129640333922
F0_D3_raw_Yee_and_flux.mat,#refs#/#eb#,28951,24,1.331377238636047,6.8761961030304154e-11
F0_D3_raw_Yee_and_flux.mat,#refs#/#eb#,28975,18,1.3313129569285669,6.8078426596885098e-11
F0_D3_raw_Yee_and_flux.mat,#refs#/#eb#,28993,1,1.3808985519013162,1.307119236709176e-10
F0_D3_raw_Yee_and_flux.mat,#refs#/#eb#,28994,422,1.4287413274392866,1.8920307430190175e-10
F0_D3_raw_Yee_and_flux.mat,#refs#/#eb#,29416,1,1.483919838514087,0.002806859663164045
F0_D3_raw_Yee_and_flux.mat,#refs#/#eb#,29417,6,1.7337807494035582,0.014417641836190398
F0_D3_raw_Yee_and_flux.mat,#refs#/#eb#,29423,1,2.3905714961197728,0.048937401687397471
F0_D3_raw_Yee_and_flux.mat,#refs#/#eb#,29424,1,2.9022315604870323,0.071991077981638771
F0_D3_raw_Yee_and_flux.mat,#refs#/#eb#,29425,1,1.6970876420231424,0.02051394443881328
F0_D3_raw_Yee_and_flux.mat,#refs#/#eb#,29426,24,1.3313129569285669,6.8078426596885098e-11
F0_D3_raw_Yee_and_flux.mat,#refs#/#eb#,29450,18,1.331250274949775,6.7409343291039794e-11
F0_D3_raw_Yee_and_flux.mat,#refs#/#eb#,29468,1,1.3807781374281856,1.2956461882463634e-10
F0_D3_raw_Yee_and_flux.mat,#refs#/#eb#,29469,422,1.4285669969037471,1.8761300992323958e-10
F0_D3_raw_Yee_and_flux.mat,#refs#/#eb#,29891,1,1.4826655379765237,0.0028722798466470733
F0_D3_raw_Yee_and_flux.mat,#refs#/#eb#,29892,6,1.7280521565298486,0.014790074696906625
F0_D3_raw_Yee_and_flux.mat,#refs#/#eb#,29898,1,2.3817345782737616,0.047151423673865815
F0_D3_raw_Yee_and_flux.mat,#refs#/#eb#,29899,1,2.891081942309909,0.068833741362911954
F0_D3_raw_Yee_and_flux.mat,#refs#/#eb#,29900,1,1.693883392707197,0.019575865633525327
F0_D3_raw_Yee_and_flux.mat,#refs#/#eb#,29901,24,1.331250274949775,6.7409343291039794e-11
F0_D3_raw_Yee_and_flux.mat,#refs#/#eb#,29925,18,1.3311891389549122,6.6754241624829333e-11
F0_D3_raw_Yee_and_flux.mat,#refs#/#eb#,29943,1,1.3806605696924408,1.2843840925279278e-10
F0_D3_raw_Yee_and_flux.mat,#refs#/#eb#,29944,422,1.4283967244287403,1.8605054338943431e-10
F0_D3_raw_Yee_and_flux.mat,#refs#/#eb#,30366,1,1.4814118842783019,0.0029387478209907882
F0_D3_raw_Yee_and_flux.mat,#refs#/#eb#,30367,6,1.7222965314136254,0.015170066608397778
F0_D3_raw_Yee_and_flux.mat,#refs#/#eb#,30373,1,2.3732796322610055,0.045588185907503347
F0_D3_raw_Yee_and_flux.mat,#refs#/#eb#,30374,1,2.8805799212299767,0.066035179264636937
F0_D3_raw_Yee_and_flux.mat,#refs#/#eb#,30375,1,1.6908685546406101,0.018745116828872962
F0_D3_raw_Yee_and_flux.mat,#refs#/#eb#,30376,24,1.3311891389549122,6.6754241624829333e-11
F0_D3_raw_Yee_and_flux.mat,#refs#/#eb#,30400,18,1.3311294974794272,6.6112672500348508e-11
F0_D3_raw_Yee_and_flux.mat,#refs#/#eb#,30418,1,1.3805457585608079,1.2733269570863178e-10
F0_D3_raw_Yee_and_flux.mat,#refs#/#eb#,30419,422,1.4282303839952308,1.8451494068720935e-10
F0_D3_raw_Yee_and_flux.mat,#refs#/#eb#,30841,1,1.4801585891074061,0.0030062514340899664
F0_D3_raw_Yee_and_flux.mat,#refs#/#eb#,30842,6,1.7165126367011847,0.015557643531055638
F0_D3_raw_Yee_and_flux.mat,#refs#/#eb#,30848,1,2.3651745439411442,0.0442115014916621
F0_D3_raw_Yee_and_flux.mat,#refs#/#eb#,30849,1,2.8706730234533655,0.063536645508032882
F0_D3_raw_Yee_and_flux.mat,#refs#/#eb#,30850,1,1.68802754498656,0.018004090604374558
F0_D3_raw_Yee_and_flux.mat,#refs#/#eb#,30851,24,1.3311294974794272,6.6112672500348508e-11
F0_D3_raw_Yee_and_flux.mat,#refs#/#eb#,30875,18,1.3310713012219602,6.5484206111452068e-11
F0_D3_raw_Yee_and_flux.mat,#refs#/#eb#,30893,1,1.3804336174815286,1.2624690200268096e-10
F0_D3_raw_Yee_and_flux.mat,#refs#/#eb#,30894,422,1.4280678544766081,1.8300549414015817e-10
F0_D3_raw_Yee_and_flux.mat,#refs#/#eb#,31316,1,1.4789053756328654,0.0030747798078117074
F0_D3_raw_Yee_and_flux.mat,#refs#/#eb#,31317,6,1.7106992609642091,0.015952840080368937
F0_D3_raw_Yee_and_flux.mat,#refs#/#eb#,31323,1,2.3573896874341025,0.042991988299253464
F0_D3_raw_Yee_and_flux.mat,#refs#/#eb#,31324,1,2.8613128501538863,0.061290423202519866
F0_D3_raw_Yee_and_flux.mat,#refs#/#eb#,31325,1,1.6853460161183635,0.017338502900471949
F0_D3_raw_Yee_and_flux.mat,#refs#/#eb#,31326,24,1.3310713012219602,6.5484206111452068e-11
F0_D3_raw_Yee_and_flux.mat,#refs#/#eb#,31350,18,1.3310145029343707,6.4868430915599993e-11
F0_D3_raw_Yee_and_flux.mat,#refs#/#eb#,31368,1,1.380324063312987,1.2518047388697397e-10
F0_D3_raw_Yee_and_flux.mat,#refs#/#eb#,31369,422,1.4279090194108277,1.8152152122250231e-10
F0_D3_raw_Yee_and_flux.mat,#refs#/#eb#,31791,1,1.477651977905843,0.0031443232534153699
F0_D3_raw_Yee_and_flux.mat,#refs#/#eb#,31792,6,1.7048552165524564,0.016355699253602592
F0_D3_raw_Yee_and_flux.mat,#refs#/#eb#,31798,1,2.3498979569627019,0.041905701717333793
F0_D3_raw_Yee_and_flux.mat,#refs#/#eb#,31799,1,2.8524551265711642,0.059257614804115302
F0_D3_raw_Yee_and_flux.mat,#refs#/#eb#,31800,1,1.6828108654294223,0.016736721480533078
F0_D3_raw_Yee_and_flux.mat,#refs#/#eb#,31801,24,1.3310145029343707,6.4868430915599993e-11
F0_D3_raw_Yee_and_flux.mat,#refs#/#eb#,31825,18,1.3309590573183279,6.4264952670670436e-11
F0_D3_raw_Yee_and_flux.mat,#refs#/#eb#,31843,1,1.3802170161619347,1.241328780040662e-10
F0_D3_raw_Yee_and_flux.mat,#refs#/#eb#,31844,422,1.4277537667849267,1.8006236343689563e-10
F0_D3_raw_Yee_and_flux.mat,#refs#/#eb#,32266,1,1.476398140296922,0.0032148731935706617
F0_D3_raw_Yee_and_flux.mat,#refs#/#eb#,32267,6,1.6989793375541276,0.016766272190912052
F0_D3_raw_Yee_and_flux.mat,#refs#/#eb#,32273,1,2.3426746842291131,0.040933050008388559
F0_D3_raw_Yee_and_flux.mat,#refs#/#eb#,32274,1,2.8440595661929984,0.057406387072200381
F0_D3_raw_Yee_and_flux.mat,#refs#/#eb#,32275,1,1.6804101902872284,0.016189234185398554
F0_D3_raw_Yee_and_flux.mat,#refs#/#eb#,32276,24,1.3309590573183279,6.4264952670670436e-11
F0_D3_raw_Yee_and_flux.mat,#refs#/#eb#,32300,18,1.3309049209280088,6.3673393532017043e-11
F0_D3_raw_Yee_and_flux.mat,#refs#/#eb#,32318,1,1.3801123992306894,1.2310360089647082e-10
F0_D3_raw_Yee_and_flux.mat,#refs#/#eb#,32319,422,1.4276019888311413,1.7862738525226216e-10
F0_D3_raw_Yee_and_flux.mat,#refs#/#eb#,32741,1,1.4751436169670478,0.0032864220904076061
F0_D3_raw_Yee_and_flux.mat,#refs#/#eb#,32742,6,1.6930704778550256,0.017184617968694811
F0_D3_raw_Yee_and_flux.mat,#refs#/#eb#,32748,1,2.3356974929558123,0.040057934787197949
F0_D3_raw_Yee_and_flux.mat,#refs#/#eb#,32749,1,2.8360896332051704,0.055710578908981262
F0_D3_raw_Yee_and_flux.mat,#refs#/#eb#,32750,1,1.6781332132726328,0.015688228265748047
F0_D3_raw_Yee_and_flux.mat,#refs#/#eb#,32751,24,1.3309049209280088,6.3673393532017043e-11
F0_D3_raw_Yee_and_flux.mat,#refs#/#eb#,32775,18,1.3308520520784972,6.309339120543219e-11
F0_D3_raw_Yee_and_flux.mat,#refs#/#eb#,32793,1,1.3800101386727497,1.220921480724751e-10
F0_D3_raw_Yee_and_flux.mat,#refs#/#eb#,32794,422,1.427453581833918,1.7721597309793245e-10
F0_D3_raw_Yee_and_flux.mat,#refs#/#eb#,33216,1,1.4738881713698111,0.0033589633790845519
F0_D3_raw_Yee_and_flux.mat,#refs#/#eb#,33217,6,1.6871275092882638,0.017610803423224596
F0_D3_raw_Yee_and_flux.mat,#refs#/#eb#,33223,1,2.3289461232239064,0.039267069651022821
F0_D3_raw_Yee_and_flux.mat,#refs#/#eb#,33224,1,2.8285122559054381,0.054148596771205912
F0_D3_raw_Yee_and_flux.mat,#refs#/#eb#,33225,1,1.6759701935109319,0.015227257426718901
F0_D3_raw_Yee_and_flux.mat,#refs#/#eb#,33226,24,1.3308520520784972,6.309339120543219e-11
F0_D3_raw_Yee_and_flux.mat,#refs#/#eb#,33250,18,1.3308004107594924,6.2524598152031427e-11
F0_D3_raw_Yee_and_flux.mat,#refs#/#eb#,33268,1,1.3799101634562789,1.2109804312460614e-10
F0_D3_raw_Yee_and_flux.mat,#refs#/#eb#,33269,422,1.4273084459471497,1.7582753441061516e-10
F0_D3_raw_Yee_and_flux.mat,#refs#/#eb#,33691,1,1.4726315757829196,0.0034324914064064759
F0_D3_raw_Yee_and_flux.mat,#refs#/#eb#,33692,6,1.6811493198668921,0.018044903002830893
F0_D3_raw_Yee_and_flux.mat,#refs#/#eb#,33698,1,2.3224022457887368,0.038549439302816207
F0_D3_raw_Yee_and_flux.mat,#refs#/#eb#,33699,1,2.8212975237468991,0.052702537146883638
F0_D3_raw_Yee_and_flux.mat,#refs#/#eb#,33700,1,1.673912333806765,0.014800977905162074
F0_D3_raw_Yee_and_flux.mat,#refs#/#eb#,33701,24,1.3308004107594924,6.2524598152031427e-11
F0_D3_raw_Yee_and_flux.mat,#refs#/#eb#,33725,18,1.3307499585539815,6.1966680841394655e-11
F0_D3_raw_Yee_and_flux.mat,#refs#/#eb#,33743,1,1.3798124052349841,1.2012082689729709e-10
F0_D3_raw_Yee_and_flux.mat,#refs#/#eb#,33744,422,1.4271664850210231,1.7446149673097922e-10
F0_D3_raw_Yee_and_flux.mat,#refs#/#eb#,34166,1,1.4713736108668813,0.0035070013740821845
F0_D3_raw_Yee_and_flux.mat,#refs#/#eb#,34167,6,1.6751348120923371,0.018486998647163883
F0_D3_raw_Yee_and_flux.mat,#refs#/#eb#,34173,1,2.3160492784611773,0.037895869306495612
F0_D3_raw_Yee_and_flux.mat,#refs#/#eb#,34174,1,2.8144183876295541,0.051357488039301194
F0_D3_raw_Yee_and_flux.mat,#refs#/#eb#,34175,1,1.6719516893514592,0.014404938808030371
F0_D3_raw_Yee_and_flux.mat,#refs#/#eb#,34176,24,1.3307499585539815,6.1966680841394655e-11
F0_D3_raw_Yee_and_flux.mat,#refs#/#eb#,34200,18,1.330700658561544,6.141931904958973e-11
F0_D3_raw_Yee_and_flux.mat,#refs#/#eb#,34218,1,1.3797167982259164,1.1916005670055664e-10
F0_D3_raw_Yee_and_flux.mat,#refs#/#eb#,34219,422,1.4270276064378948,1.7311730684684202e-10
F0_D3_raw_Yee_and_flux.mat,#refs#/#eb#,34641,1,1.4701140652490796,0.0035824892862310084
F0_D3_raw_Yee_and_flux.mat,#refs#/#eb#,34642,6,1.669082901332045,0.018937179692187653
F0_D3_raw_Yee_and_flux.mat,#refs#/#eb#,34648,1,2.3098722114377224,0.037298682958884846
F0_D3_raw_Yee_and_flux.mat,#refs#/#eb#,34649,1,2.8078503746462364,0.050100971555095603
F0_D3_raw_Yee_and_flux.mat,#refs#/#eb#,34650,1,1.6700810812463704,0.014035415106963461
F0_D3_raw_Yee_and_flux.mat,#refs#/#eb#,34651,24,1.330700658561544,6.141931904958973e-11
F0_D3_raw_Yee_and_flux.mat,#refs#/#eb#,34675,18,1.330652475325987,6.0882205198971537e-11
F0_D3_raw_Yee_and_flux.mat,#refs#/#eb#,34693,1,1.3796232790937795,1.1821530556668764e-10
F0_D3_raw_Yee_and_flux.mat,#refs#/#eb#,34694,422,1.4268917209566647,1.7179442998017446e-10
F0_D3_raw_Yee_and_flux.mat,#refs#/#eb#,35116,1,1.4688527351315364,0.0036589519007894544
F0_D3_raw_Yee_and_flux.mat,#refs#/#eb#,35117,6,1.6629925142601483,0.019395542799746968
F0_D3_raw_Yee_and_flux.mat,#refs#/#eb#,35123,1,2.3038574451559688,0.036751426831149576
F0_D3_raw_Yee_and_flux.mat,#refs#/#eb#,35124,1,2.8015713231322401,0.048922497820924588
F0_D3_raw_Yee_and_flux.mat,#refs#/#eb#,35125,1,1.6682940164903042,0.013689274204683096
F0_D3_raw_Yee_and_flux.mat,#refs#/#eb#,35126,24,1.330652475325987,6.0882205198971537e-11
F0_D3_raw_Yee_and_flux.mat,#refs#/#eb#,35150,18,1.3306053747670306,6.0355043736892195e-11
F0_D3_raw_Yee_and_flux.mat,#refs#/#eb#,35168,1,1.3795317868413386,1.172861615473104e-10
F0_D3_raw_Yee_and_flux.mat,#refs#/#eb#,35169,422,1.4267587425651402,1.7049234901531311e-10
F0_D3_raw_Yee_and_flux.mat,#refs#/#eb#,35591,1,1.4675894239208205,0.0037363866845147812
F0_D3_raw_Yee_and_flux.mat,#refs#/#eb#,35592,6,1.6568625873553819,0.019862191910795239
F0_D3_raw_Yee_and_flux.mat,#refs#/#eb#,35598,1,2.297992642188019,0.036248650534072231
F0_D3_raw_Yee_and_flux.mat,#refs#/#eb#,35599,1,2.7955611405152663,0.047813206882534584
F0_D3_raw_Yee_and_flux.mat,#refs#/#eb#,35600,1,1.6665846150894963,0.013363868973101576
F0_D3_raw_Yee_and_flux.mat,#refs#/#eb#,35601,24,1.3306053747670306,6.0355043736892195e-11
F0_D3_raw_Yee_and_flux.mat,#refs#/#eb#,35625,18,1.3305593241157823,5.9837550550678592e-11
F0_D3_raw_Yee_and_flux.mat,#refs#/#eb#,35643,1,1.379442262705574,1.1637222704814921e-10
F0_D3_raw_Yee_and_flux.mat,#refs#/#eb#,35644,422,1.4266285883399257,1.692105637659543e-10
F0_D3_raw_Yee_and_flux.mat,#refs#/#eb#,36066,1,1.4663239418786393,0.0038147917712784978
F0_D3_raw_Yee_and_flux.mat,#refs#/#eb#,36067,6,1.6506920654508317,0.020337238221352763
F0_D3_raw_Yee_and_flux.mat,#refs#/#eb#,36073,1,2.2922665934281858,0.035785729398435315
F0_D3_raw_Yee_and_flux.mat,#refs#/#eb#,36074,1,2.7898015844159882,0.046765580288780119
F0_D3_raw_Yee_and_flux.mat,#refs#/#eb#,36075,1,1.6649475443514197,0.013056951714701477
F0_D3_raw_Yee_and_flux.mat,#refs#/#eb#,36076,24,1.3305593241157823,5.9837550550678592e-11
F0_D3_raw_Yee_and_flux.mat,#refs#/#eb#,36100,18,1.3305142918537638,5.9329452416437214e-11
F0_D3_raw_Yee_and_flux.mat,#refs#/#eb#,36118,1,1.3793546500592218,1.154731181992203e-10
F0_D3_raw_Yee_and_flux.mat,#refs#/#eb#,36119,422,1.4265011783133956,1.6794859027866288e-10
F0_D3_raw_Yee_and_flux.mat,#refs#/#eb#,36541,1,1.4650561057917868,0.0038941659234047223
F0_D3_raw_Yee_and_flux.mat,#refs#/#eb#,36542,6,1.6444799003304102,0.020820800180598779
F0_D3_raw_Yee_and_flux.mat,#refs#/#eb#,36548,1,2.2866690980967497,0.035358721211056841
F0_D3_raw_Yee_and_flux.mat,#refs#/#eb#,36549,1,2.7842760662483714,0.045773208010967875
F0_D3_raw_Yee_and_flux.mat,#refs#/#eb#,36550,1,1.6633779600785539,0.012766604707472696
F0_D3_raw_Yee_and_flux.mat,#refs#/#eb#,36551,24,1.3305142918537638,5.9329452416437214e-11
F0_D3_raw_Yee_and_flux.mat,#refs#/#eb#,36575,18,1.3304702476552577,5.8830486479430666e-11
F0_D3_raw_Yee_and_flux.mat,#refs#/#eb#,36593,1,1.379268894317391,1.1458846425822943e-10
F0_D3_raw_Yee_and_flux.mat,#refs#/#eb#,36594,422,1.4263764353473483,1.6670596017078072e-10
F0_D3_raw_Yee_and_flux.mat,#refs#/#eb#,37016,1,1.4637857386601998,0.003974508495803341
F0_D3_raw_Yee_and_flux.mat,#refs#/#eb#,37017,6,1.638225049367263,0.021313003510485887
F0_D3_raw_Yee_and_flux.mat,#refs#/#eb#,37023,1,2.2811908566800594,0.03496425005533018
F0_D3_raw_Yee_and_flux.mat,#refs#/#eb#,37024,1,2.7789694759090882,0.044830599428179803
F0_D3_raw_Yee_and_flux.mat,#refs#/#eb#,37025,1,1.6618714541933315,0.012491183933591919
F0_D3_raw_Yee_and_flux.mat,#refs#/#eb#,37026,24,1.3304702476552577,5.8830486479430666e-11
F0_D3_raw_Yee_and_flux.mat,#refs#/#eb#,37050,18,1.330427162332775,5.8340399763940942e-11
F0_D3_raw_Yee_and_flux.mat,#refs#/#eb#,37068,1,1.3791849428489531,1.1371790704513991e-10
F0_D3_raw_Yee_and_flux.mat,#refs#/#eb#,37069,422,1.4262542850129529,1.6548222000075733e-10
F0_D3_raw_Yee_and_flux.mat,#refs#/#eb#,37491,1,1.462512669401977,0.0040558194026882538
F0_D3_raw_Yee_and_flux.mat,#refs#/#eb#,37492,6,1.6319264741995436,0.021813981246496143
F0_D3_raw_Yee_and_flux.mat,#refs#/#eb#,37498,1,2.2758233757356363,0.03459941179128706
F0_D3_raw_Yee_and_flux.mat,#refs#/#eb#,37499,1,2.773868025827428,0.043933029510989943
F0_D3_raw_Yee_and_flux.mat,#refs#/#eb#,37500,1,1.6604240082408408,0.012229273322618082
F0_D3_raw_Yee_and_flux.mat,#refs#/#eb#,37501,24,1.330427162332775,5.8340399763940942e-11
F0_D3_raw_Yee_and_flux.mat,#refs#/#eb#,37525,18,1.330385007785446,5.7858948710688413e-11
F0_D3_raw_Yee_and_flux.mat,#refs#/#eb#,37543,1,1.3791027448924249,1.128611004060157e-10
F0_D3_raw_Yee_and_flux.mat,#refs#/#eb#,37544,422,1.4261346554766328,1.6427693066905832e-10
F0_D3_raw_Yee_and_flux.mat,#refs#/#eb#,37966,1,1.4612367325742877,0.0041380990866707957
F0_D3_raw_Yee_and_flux.mat,#refs#/#eb#,37967,6,1.6255831394392577,0.022323873799176899
F0_D3_raw_Yee_and_flux.mat,#refs#/#eb#,37973,1,2.2705588834287744,0.034261696868066231
F0_D3_raw_Yee_and_flux.mat,#refs#/#eb#,37974,1,2.7689591125407014,0.043076413209425443
F0_D3_raw_Yee_and_flux.mat,#refs#/#eb#,37975,1,1.6590319521925372,0.011979647408241017
F0_D3_raw_Yee_and_flux.mat,#refs#/#eb#,37976,24,1.330385007785446,5.7858948710688413e-11
F0_D3_raw_Yee_and_flux.mat,#refs#/#eb#,38000,18,1.3303437569501535,5.7385898740020597e-11
F0_D3_raw_Yee_and_flux.mat,#refs#/#eb#,38018,1,1.3790222514760886,1.1201770970437523e-10
F0_D3_raw_Yee_and_flux.mat,#refs#/#eb#,38019,422,1.4260174773915519,1.6308966684792158e-10
F0_D3_raw_Yee_and_flux.mat,#refs#/#eb#,38441,1,1.4599577681091807,0.0042213484900592161
F0_D3_raw_Yee_and_flux.mat,#refs#/#eb#,38442,6,1.6191940114100472,0.022842829036338604
F0_D3_raw_Yee_and_flux.mat,#refs#/#eb#,38448,1,2.2653902546822118,0.033948927065032095
F0_D3_raw_Yee_and_flux.mat,#refs#/#eb#,38449,1,2.7642311939805335,0.042257202514067692
F0_D3_raw_Yee_and_flux.mat,#refs#/#eb#,38450,1,1.6576919279871098,0.011741240740248109
F0_D3_raw_Yee_and_flux.mat,#refs#/#eb#,38451,24,1.3303437569501535,5.7385898740020597e-11
F0_D3_raw_Yee_and_flux.mat,#refs#/#eb#,38475,18,1.3303033837552438,5.6921023839212806e-11
F0_D3_raw_Yee_and_flux.mat,#refs#/#eb#,38493,1,1.3789434153420954,1.1118741133841059e-10
F0_D3_raw_Yee_and_flux.mat,#refs#/#eb#,38494,422,1.4259026837943873,1.619200164383454e-10
F0_D3_raw_Yee_and_flux.mat,#refs#/#eb#,38916,1,1.4586756210633713,0.0043055690281782353
F0_D3_raw_Yee_and_flux.mat,#refs#/#eb#,38917,6,1.6127580569100002,0.023371002385735244
F0_D3_raw_Yee_and_flux.mat,#refs#/#eb#,38923,1,2.2603109448793783,0.033659203463725022
F0_D3_raw_Yee_and_flux.mat,#refs#/#eb#,38924,1,2.7596736807480875,0.041472301803736983
F0_D3_raw_Yee_and_flux.mat,#refs#/#eb#,38925,1,1.6564008572777231,0.011513122738813586
F0_D3_raw_Yee_and_flux.mat,#refs#/#eb#,38926,24,1.3303033837552438,5.6921023839212806e-11
F0_D3_raw_Yee_and_flux.mat,#refs#/#eb#,38950,18,1.3302638630766586,5.64641061723453e-11
F0_D3_raw_Yee_and_flux.mat,#refs#/#eb#,38968,1,1.3788661908743354,1.1036989228254231e-10
F0_D3_raw_Yee_and_flux.mat,#refs#/#eb#,38969,422,1.4257902100070974,1.6076758005279636e-10
F0_D3_raw_Yee_and_flux.mat,#refs#/#eb#,39391,1,1.4573901413811445,0.0043907625645833509
F0_D3_raw_Yee_and_flux.mat,#refs#/#eb#,39392,6,1.6062742419957108,0.023908556958409925
F0_D3_raw_Yee_and_flux.mat,#refs#/#eb#,39398,1,2.255314931143118,0.033390863505936078
F0_D3_raw_Yee_and_flux.mat,#refs#/#eb#,39399,1,2.7552768397863896,0.040718997990515288
F0_D3_raw_Yee_and_flux.mat,#refs#/#eb#,39400,1,1.6551559128979092,0.01129447694843881
F0_D3_raw_Yee_and_flux.mat,#refs#/#eb#,39401,24,1.3302638630766586,5.64641061723453e-11
F0_D3_raw_Yee_and_flux.mat,#refs#/#eb#,39425,18,1.3302251706963424,5.6014935711331423e-11
F0_D3_raw_Yee_and_flux.mat,#refs#/#eb#,39443,1,1.3787905340298534,1.0956484965187996e-10
F0_D3_raw_Yee_and_flux.mat,#refs#/#eb#,39444,422,1.4256799935434077,1.5963197052221769e-10
F0_D3_raw_Yee_and_flux.mat,#refs#/#eb#,39866,1,1.4561011836695827,0.0044769313879978942
F0_D3_raw_Yee_and_flux.mat,#refs#/#eb#,39867,6,1.5997415307839593,0.024455663692676238
F0_D3_raw_Yee_and_flux.mat,#refs#/#eb#,39873,1,2.2503966603024419,0.033142445427378868
F0_D3_raw_Yee_and_flux.mat,#refs#/#eb#,39874,1,2.7510317090037573,0.039994902678085392
F0_D3_raw_Yee_and_flux.mat,#refs#/#eb#,39875,1,1.6539544936052104,0.01108458386081553
F0_D3_raw_Yee_and_flux.mat,#refs#/#eb#,39876,24,1.3302251706963424,5.6014935711331423e-11
F0_D3_raw_Yee_and_flux.mat,#refs#/#eb#,39900,18,1.3301872832627892,5.5573309886771834e-11
F0_D3_raw_Yee_and_flux.mat,#refs#/#eb#,39918,1,1.3787164022736138,1.0877199028825492e-10
F0_D3_raw_Yee_and_flux.mat,#refs#/#eb#,39919,422,1.4255719740197548,1.5851281242600934e-10
F0_D3_raw_Yee_and_flux.mat,#refs#/#eb#,40341,1,1.4548086069853661,0.0045640781908736243
F0_D3_raw_Yee_and_flux.mat,#refs#/#eb#,40342,6,1.5931588842674997,0.025012501519144744
F0_D3_raw_Yee_and_flux.mat,#refs#/#eb#,40348,1,2.2455510027516956,0.032912658698545552
F0_D3_raw_Yee_and_flux.mat,#refs#/#eb#,40349,1,2.7469300215506443,0.039297904105100166
F0_D3_raw_Yee_and_flux.mat,#refs#/#eb#,40350,1,1.6527942017084747,0.010882806642586911
F0_D3_raw_Yee_and_flux.mat,#refs#/#eb#,40351,24,1.3301872832627892,5.5573309886771834e-11
F0_D3_raw_Yee_and_flux.mat,#refs#/#eb#,40375,18,1.3301501782536056,5.5139033257405715e-11
F0_D3_raw_Yee_and_flux.mat,#refs#/#eb#,40393,1,1.3786437545164261,1.0799103036658183e-10
F0_D3_raw_Yee_and_flux.mat,#refs#/#eb#,40394,422,1.4254660930704495,1.5740974164373462e-10
F0_D3_raw_Yee_and_flux.mat,#refs#/#eb#,40816,1,1.4535122746324591,0.0046522060494343454
F0_D3_raw_Yee_and_flux.mat,#refs#/#eb#,40817,6,1.5865252591415488,0.025579257547031924
F0_D3_raw_Yee_and_flux.mat,#refs#/#eb#,40823,1,2.2407732114948034,0.032700359374325479
F0_D3_raw_Yee_and_flux.mat,#refs#/#eb#,40824,1,2.7429641385951591,0.038626127084470809
F0_D3_raw_Yee_and_flux.mat,#refs#/#eb#,40825,1,1.6516728232292883,0.01068857923549133
F0_D3_raw_Yee_and_flux.mat,#refs#/#eb#,40826,24,1.3301501782536056,5.5139033257405715e-11
F0_D3_raw_Yee_and_flux.mat,#refs#/#eb#,40850,18,1.330113833939967,5.471191719701389e-11
F0_D3_raw_Yee_and_flux.mat,#refs#/#eb#,40868,1,1.3785725510558569,1.0722169502038459e-10
F0_D3_raw_Yee_and_flux.mat,#refs#/#eb#,40869,422,1.4253622942668269,1.5632240492738315e-10
F0_D3_raw_Yee_and_flux.mat,#refs#/#eb#,41291,1,1.4522120539700361,0.0047413184051079893
F0_D3_raw_Yee_and_flux.mat,#refs#/#eb#,41292,6,1.5798396066376401,0.026156127272295292
F0_D3_raw_Yee_and_flux.mat,#refs#/#eb#,41298,1,2.2360588857494803,0.032504529467986966
F0_D3_raw_Yee_and_flux.mat,#refs#/#eb#,41299,1,2.7391269895759516,0.037977899497550607
F0_D3_raw_Yee_and_flux.mat,#refs#/#eb#,41300,1,1.6505883102893475,0.010501396400440162
F0_D3_raw_Yee_and_flux.mat,#refs#/#eb#,41301,24,1.330113833939967,5.471191719701389e-11
F0_D3_raw_Yee_and_flux.mat,#refs#/#eb#,41325,18,1.3300782293528619,5.42917795977101e-11
F0_D3_raw_Yee_and_flux.mat,#refs#/#eb#,41343,1,1.3785027535199632,1.0646371798539941e-10
F0_D3_raw_Yee_and_flux.mat,#refs#/#eb#,41344,422,1.4252605230401729,1.5525045949309146e-10
F0_D3_raw_Yee_and_flux.mat,#refs#/#eb#,41766,1,1.4509078162300344,0.0048314190472451305
F0_D3_raw_Yee_and_flux.mat,#refs#/#eb#,41767,6,1.5731008713615824,0.026743314808162891
F0_D3_raw_Yee_and_flux.mat,#refs#/#eb#,41773,1,2.2314039385612738,0.032324259635083237
F0_D3_raw_Yee_and_flux.mat,#refs#/#eb#,41774,1,2.7354120190329607,0.03735172417890005
F0_D3_raw_Yee_and_flux.mat,#refs#/#eb#,41775,1,1.6495387654530147,0.010320805359685412
F0_D3_raw_Yee_and_flux.mat,#refs#/#eb#,41776,24,1.3300782293528619,5.42917795977101e-11
F0_D3_raw_Yee_and_flux.mat,#refs#/#eb#,41800,18,1.3300433442510182,5.3878444588629071e-11
F0_D3_raw_Yee_and_flux.mat,#refs#/#eb#,41818,1,1.3784343248136945,1.0571684126023992e-10
F0_D3_raw_Yee_and_flux.mat,#refs#/#eb#,41819,422,1.4251607266082222,1.5419357263129445e-10
F0_D3_raw_Yee_and_flux.mat,#refs#/#eb#,42241,1,1.449599436343789,0.0049225120970216472
F0_D3_raw_Yee_and_flux.mat,#refs#/#eb#,42242,6,1.5663079901323114,0.027341033138693436
F0_D3_raw_Yee_and_flux.mat,#refs#/#eb#,42248,1,2.2268045679446677,0.03215873458831759
F0_D3_raw_Yee_and_flux.mat,#refs#/#eb#,42249,1,2.73181313922619,0.036746255247966812
F0_D3_raw_Yee_and_flux.mat,#refs#/#eb#,42250,1,1.6485224277878678,0.010146398757012181
F0_D3_raw_Yee_and_flux.mat,#refs#/#eb#,42251,24,1.3300433442510182,5.3878444588629071e-11
F0_D3_raw_Yee_and_flux.mat,#refs#/#eb#,42275,18,1.3300091590904171,5.3471742269087735e-11
F0_D3_raw_Yee_and_flux.mat,#refs#/#eb#,42293,1,1.3783672290678137,1.0498081478316888e-10
F0_D3_raw_Yee_and_flux.mat,#refs#/#eb#,42294,422,1.4250628539050438,1.5315142133433192e-10
F0_D3_raw_Yee_and_flux.mat,#refs#/#eb#,42716,1,1.4482867927772023,0.0050146019924640125
F0_D3_raw_Yee_and_flux.mat,#refs#/#eb#,42717,6,1.5594598908184449,0.027949504396307771
F0_D3_raw_Yee_and_flux.mat,#refs#/#eb#,42723,1,2.2222572311284048,0.032007220772787393
F0_D3_raw_Yee_and_flux.mat,#refs#/#eb#,42724,1,2.7283246878502712,0.036160278120483308
F0_D3_raw_Yee_and_flux.mat,#refs#/#eb#,42725,1,1.6475376604358041,0.0099778087084338024
F0_D3_raw_Yee_and_flux.mat,#refs#/#eb#,42726,24,1.3300091590904171,5.3471742269087735e-11
F0_D3_raw_Yee_and_flux.mat,#refs#/#eb#,42750,18,1.3299756549953026,5.3071508455359614e-11
F0_D3_raw_Yee_and_flux.mat,#refs#/#eb#,42768,1,1.3783014315902111,1.0425539612408972e-10
F0_D3_raw_Yee_and_flux.mat,#refs#/#eb#,42769,422,1.4249668555141317,1.5212369194060802e-10
F0_D3_raw_Yee_and_flux.mat,#refs#/#eb#,43191,1,1.4469697673739754,0.0051076934744911815
F0_D3_raw_Yee_and_flux.mat,#refs#/#eb#,43192,6,1.5525554911693826,0.028568960164072267
F0_D3_raw_Yee_and_flux.mat,#refs#/#eb#,43198,1,2.2177586215351299,0.031869055917796874
F0_D3_raw_Yee_and_flux.mat,#refs#/#eb#,43199,1,2.7249413902389277,0.035592692573958092
F0_D3_raw_Yee_and_flux.mat,#refs#/#eb#,43200,1,1.6465829395134595,0.009814701757972109
F0_D3_raw_Yee_and_flux.mat,#refs#/#eb#,43201,24,1.3299756549953026,5.3071508455359614e-11
F0_D3_raw_Yee_and_flux.mat,#refs#/#f#,0,1,121,
F0_D3_raw_Yee_and_flux.mat,#refs#/#f#,1,1,95,
F0_D3_raw_Yee_and_flux.mat,#refs#/#f#,2,1,111,
F0_D3_raw_Yee_and_flux.mat,#refs#/#f#,3,2,102,
F0_D3_raw_Yee_and_flux.mat,#refs#/#f#,5,1,115,
F0_D3_raw_Yee_and_flux.mat,#refs#/#f#,6,1,101,
F0_D3_raw_Yee_and_flux.mat,#refs#/#f#,7,1,116,
F0_D3_raw_Yee_and_flux.mat,#refs#/#fb#,0,18,1.3441317652061457,1.9345146030599138e-10
F0_D3_raw_Yee_and_flux.mat,#refs#/#fb#,18,1,1.4031760122337429,3.0535816888775261e-10
F0_D3_raw_Yee_and_flux.mat,#refs#/#fb#,19,422,1.4598069921340606,4.0884585181494408e-10
F0_D3_raw_Yee_and_flux.mat,#refs#/#fb#,441,1,1.5954807161152793,0.0056715154770758704
F0_D3_raw_Yee_and_flux.mat,#refs#/#fb#,442,6,2.1492377222330719,0.025267571012604677
F0_D3_raw_Yee_and_flux.mat,#refs#/#fb#,448,1,2.1831600054476255,0.55259576687209344
F0_D3_raw_Yee_and_flux.mat,#refs#/#fb#,449,1,2.3116264022404112,1.0200357310167356
F0_D3_raw_Yee_and_flux.mat,#refs#/#fb#,450,1,1.5132979981911132,0.25962785274796829
F0_D3_raw_Yee_and_flux.mat,#refs#/#fb#,451,24,1.3441317652061457,1.9345146030599138e-10
F0_D3_raw_Yee_and_flux.mat,#refs#/#fb#,475,18,1.3435189423092053,1.8730481596388907e-10
F0_D3_raw_Yee_and_flux.mat,#refs#/#fb#,493,1,1.4022045761488737,2.9817631313318356e-10
F0_D3_raw_Yee_and_flux.mat,#refs#/#fb#,494,422,1.4585038699430253,4.0073911873083343e-10
F0_D3_raw_Yee_and_flux.mat,#refs#/#fb#,916,1,1.5916051914678329,0.0051575939373268171
F0_D3_raw_Yee_and_flux.mat,#refs#/#fb#,917,6,2.1363618108125957,0.023060300070924734
F0_D3_raw_Yee_and_flux.mat,#refs#/#fb#,923,1,2.1768585196111072,0.5651209328537824
F0_D3_raw_Yee_and_flux.mat,#refs#/#fb#,924,1,2.3150497118480446,1.0412454626491103
F0_D3_raw_Yee_and_flux.mat,#refs#/#fb#,925,1,1.5123432388728268,0.26558636933503232
F0_D3_raw_Yee_and_flux.mat,#refs#/#fb#,926,24,1.3435189423092053,1.8730481596388907e-10
F0_D3_raw_Yee_and_flux.mat,#refs#/#fb#,950,18,1.3429417559153305,1.8155312648394022e-10
F0_D3_raw_Yee_and_flux.mat,#refs#/#fb#,968,1,1.4012820236484151,2.9136167837997241e-10
F0_D3_raw_Yee_and_flux.mat,#refs#/#fb#,969,422,1.4572617835112047,3.9297277346581922e-10
F0_D3_raw_Yee_and_flux.mat,#refs#/#fb#,1391,1,1.5879306223542677,0.0047042750650962929
F0_D3_raw_Yee_and_flux.mat,#refs#/#fb#,1392,6,2.1241417312082924,0.021105614665280624
F0_D3_raw_Yee_and_flux.mat,#refs#/#fb#,1398,1,2.1741095660054519,0.58000144933603948
F0_D3_raw_Yee_and_flux.mat,#refs#/#fb#,1399,1,2.3246828734226499,1.0653274169602149
F0_D3_raw_Yee_and_flux.mat,#refs#/#fb#,1400,1,1.5128613536089062,0.27276610312344046
F0_D3_raw_Yee_and_flux.mat,#refs#/#fb#,1401,24,1.3429417559153305,1.8155312648394022e-10
F0_D3_raw_Yee_and_flux.mat,#refs#/#fb#,1425,18,1.3423973404922973,1.7615996566612735e-10
F0_D3_raw_Yee_and_flux.mat,#refs#/#fb#,1443,1,1.4004049721854595,2.8488554514238259e-10
F0_D3_raw_Yee_and_flux.mat,#refs#/#fb#,1444,422,1.4560768812824636,3.8552516685309373e-10
F0_D3_raw_Yee_and_flux.mat,#refs#/#fb#,1866,1,1.5844390913524085,0.0043036129257430014
F0_D3_raw_Yee_and_flux.mat,#refs#/#fb#,1867,6,2.1125150745656431,0.019371631445775646
F0_D3_raw_Yee_and_flux.mat,#refs#/#fb#,1873,1,2.175323384976986,0.59650744270426515
F0_D3_raw_Yee_and_flux.mat,#refs#/#fb#,1874,1,2.3409596495722012,1.0908589797462784
F0_D3_raw_Yee_and_flux.mat,#refs#/#fb#,1875,1,1.5150858479291134,0.28084584648574812
F0_D3_raw_Yee_and_flux.mat,#refs#/#fb#,1876,24,1.3423973404922973,1.7615996566612735e-10
F0_D3_raw_Yee_and_flux.mat,#refs#/#fb#,1900,18,1.3418831247200131,1.7109317350474071e-10
F0_D3_raw_Yee_and_flux.mat,#refs#/#fb#,1918,1,1.3995703397609436,2.7872217226950783e-10
F0_D3_raw_Yee_and_flux.mat,#refs#/#fb#,1919,422,1.4549456176063673,3.7837646277506035e-10
F0_D3_raw_Yee_and_flux.mat,#refs#/#fb#,2341,1,1.5811146651959882,0.0039489006284038897
F0_D3_raw_Yee_and_flux.mat,#refs#/#fb#,2342,6,2.1014265108297723,0.017831284344222518
F0_D3_raw_Yee_and_flux.mat,#refs#/#fb#,2348,1,2.180769982794672,0.61381601633672978
F0_D3_raw_Yee_and_flux.mat,#refs#/#fb#,2349,1,2.3640143580164077,1.1163539622959384
F0_D3_raw_Yee_and_flux.mat,#refs#/#fb#,2350,1,1.5191914881017443,0.2894557742775174
F0_D3_raw_Yee_and_flux.mat,#refs#/#fb#,2351,24,1.3418831247200131,1.7109317350474071e-10
F0_D3_raw_Yee_and_flux.mat,#refs#/#fb#,2375,18,1.3413967948852912,1.6632425881863229e-10
F0_D3_raw_Yee_and_flux.mat,#refs#/#fb#,2393,1,1.3987753121522426,2.728484163687138e-10
F0_D3_raw_Yee_and_flux.mat,#refs#/#fb#,2394,422,1.4538647234804178,3.7150845233675743e-10
F0_D3_raw_Yee_and_flux.mat,#refs#/#fb#,2816,1,1.5779431293211501,0.0036344484898010831
F0_D3_raw_Yee_and_flux.mat,#refs#/#fb#,2817,6,2.0908268301022606,0.01646148681696526
F0_D3_raw_Yee_and_flux.mat,#refs#/#fb#,2823,1,2.1905452743125844,0.6310386603331285
F0_D3_raw_Yee_and_flux.mat,#refs#/#fb#,2824,1,2.3936601798727684,1.1403295343629369
F0_D3_raw_Yee_and_flux.mat,#refs#/#fb#,2825,1,1.5252775873091766,0.2981856139206584
F0_D3_raw_Yee_and_flux.mat,#refs#/#fb#,2826,24,1.3413967948852912,1.6632425881863229e-10
F0_D3_raw_Yee_and_flux.mat,#refs#/#fb#,2850,18,1.340936263598647,1.618278983330722e-10
F0_D3_raw_Yee_and_flux.mat,#refs#/#fb#,2868,1,1.398017314385104,2.6724340855888117e-10
F0_D3_raw_Yee_and_flux.mat,#refs#/#fb#,2869,422,1.4528311805584417,3.6490439035841489e-10
F0_D3_raw_Yee_and_flux.mat,#refs#/#fb#,3291,1,1.5749117633528238,0.00335540680529497
F0_D3_raw_Yee_and_flux.mat,#refs#/#fb#,3292,6,2.0806721322630355,0.015242458223169169
F0_D3_raw_Yee_and_flux.mat,#refs#/#fb#,3298,1,2.204544197103433,0.64726461837527871
F0_D3_raw_Yee_and_flux.mat,#refs#/#fb#,3299,1,2.4293870041502545,1.1613840305897676
F0_D3_raw_Yee_and_flux.mat,#refs#/#fb#,3300,1,1.5333520272852734,0.306600875158553
F0_D3_raw_Yee_and_flux.mat,#refs#/#fb#,3301,24,1.340936263598647,1.618278983330722e-10
F0_D3_raw_Yee_and_flux.mat,#refs#/#fb#,3325,18,1.3404996429523337,1.575815146891731e-10
F0_D3_raw_Yee_and_flux.mat,#refs#/#fb#,3343,1,1.3972939858127775,2.6188827867146331e-10
F0_D3_raw_Yee_and_flux.mat,#refs#/#fb#,3344,422,1.4518421980093486,3.5854885113372047e-10
F0_D3_raw_Yee_and_flux.mat,#refs#/#fb#,3766,1,1.5720091505099538,0.0031076233311596543
F0_D3_raw_Yee_and_flux.mat,#refs#/#fb#,3767,6,2.0709231394732965,0.014157178765059373
F0_D3_raw_Yee_and_flux.mat,#refs#/#fb#,3773,1,2.2224485669635179,0.66161715495421158
F0_D3_raw_Yee_and_flux.mat,#refs#/#fb#,3774,1,2.4703832865318605,1.1782780009466933
F0_D3_raw_Yee_and_flux.mat,#refs#/#fb#,3775,1,1.5433200834764327,0.31426702174191096
F0_D3_raw_Yee_and_flux.mat,#refs#/#fb#,3776,24,1.3404996429523337,1.575815146891731e-10
F0_D3_raw_Yee_and_flux.mat,#refs#/#fb#,3800,18,1.3400852214015524,1.5356491937672174e-10
F0_D3_raw_Yee_and_flux.mat,#refs#/#fb#,3818,1,1.3966031582743923,2.5676591892478039e-10
F0_D3_raw_Yee_and_flux.mat,#refs#/#fb#,3819,422,1.4508951918697421,3.5242760086678054e-10
F0_D3_raw_Yee_and_flux.mat,#refs#/#fb#,4241,1,1.5692250152064973,0.0028875279706540549
F0_D3_raw_Yee_and_flux.mat,#refs#/#fb#,4242,6,2.0615446108554507,0.01319094582506429
F0_D3_raw_Yee_and_flux.mat,#refs#/#fb#,4248,1,2.2437356208267691,0.67331595069254402
F0_D3_raw_Yee_and_flux.mat,#refs#/#fb#,4249,1,2.5155832587923443,1.1900095212756607
F0_D3_raw_Yee_and_flux.mat,#refs#/#fb#,4250,1,1.5549820055963082,0.32077940111340608
F0_D3_raw_Yee_and_flux.mat,#refs#/#fb#,4251,24,1.3400852214015524,1.5356491937672174e-10
F0_D3_raw_Yee_and_flux.mat,#refs#/#fb#,4275,18,1.3396914437804199,1.4976000933497553e-10
F0_D3_raw_Yee_and_flux.mat,#refs#/#fb#,4293,1,1.3959428368923061,2.518607805988248e-10
F0_D3_raw_Yee_and_flux.mat,#refs#/#fb#,4294,422,1.4499877665838392,3.4652748458876991e-10
F0_D3_raw_Yee_and_flux.mat,#refs#/#fb#,4716,1,1.5665500841725144,0.0026920389247125677
F0_D3_raw_Yee_and_flux.mat,#refs#/#fb#,4717,6,2.0525048424228132,0.012331010800225341
F0_D3_raw_Yee_and_flux.mat,#refs#/#fb#,4723,1,2.2677095796682423,0.68173630440841193
F0_D3_raw_Yee_and_flux.mat,#refs#/#fb#,4724,1,2.5637373778232888,1.1958744800137953
F0_D3_raw_Yee_and_flux.mat,#refs#/#fb#,4725,1,1.5680420650880158,0.32579478787844407
F0_D3_raw_Yee_and_flux.mat,#refs#/#fb#,4726,24,1.3396914437804199,1.4976000933497553e-10
F0_D3_raw_Yee_and_flux.mat,#refs#/#fb#,4750,18,1.3393168939681888,1.4615050812587868e-10
F0_D3_raw_Yee_and_flux.mat,#refs#/#fb#,4768,1,1.3953111831395804,2.47158698427931e-10
F0_D3_raw_Yee_and_flux.mat,#refs#/#fb#,4769,422,1.4491176984663623,3.408363256792649e-10
F0_D3_raw_Yee_and_flux.mat,#refs#/#fb#,5191,1,1.5639759672649083,0.0025184858877874976
F0_D3_raw_Yee_and_flux.mat,#refs#/#fb#,5192,6,2.0437752383811576,0.011566280240120429
F0_D3_raw_Yee_and_flux.mat,#refs#/#fb#,5198,1,2.293553942521747,0.68645531651770719
F0_D3_raw_Yee_and_flux.mat,#refs#/#fb#,5199,1,2.6135002945633743,1.1955034751014344
F0_D3_raw_Yee_and_flux.mat,#refs#/#fb#,5200,1,1.582129528380086,0.3290592230725477
F0_D3_raw_Yee_and_flux.mat,#refs#/#fb#,5201,24,1.3393168939681888,1.4615050812587868e-10
F0_D3_raw_Yee_and_flux.mat,#refs#/#fb#,5225,18,1.3389602798049161,1.4272174429144667e-10
F0_D3_raw_Yee_and_flux.mat,#refs#/#fb#,5243,1,1.3947064998671965,2.4264673837739676e-10
F0_D3_raw_Yee_and_flux.mat,#refs#/#fb#,5244,422,1.4482829208598766,3.3534283638867817e-10
F0_D3_raw_Yee_and_flux.mat,#refs#/#fb#,5666,1,1.5614950548202733,0.0023645468619903193
F0_D3_raw_Yee_and_flux.mat,#refs#/#fb#,5667,6,2.0353299423896996,0.010887068656034388
F0_D3_raw_Yee_and_flux.mat,#refs#/#fb#,5673,1,2.320397792329207,0.68727710245304252
F0_D3_raw_Yee_and_flux.mat,#refs#/#fb#,5674,1,2.6635272831128671,1.1888694001030773
F0_D3_raw_Yee_and_flux.mat,#refs#/#fb#,5675,1,1.5968293064526331,0.33042698835434869
F0_D3_raw_Yee_and_flux.mat,#refs#/#fb#,5676,24,1.3389602798049161,1.4272174429144667e-10
F0_D3_raw_Yee_and_flux.mat,#refs#/#fb#,5700,18,1.3386204199235687,1.3946046086421632e-10
F0_D3_raw_Yee_and_flux.mat,#refs#/#fb#,5718,1,1.3941272180287976,2.3831306523081863e-10
F0_D3_raw_Yee_and_flux.mat,#refs#/#fb#,5719,422,1.4474815107884773,3.300365379863832e-10
F0_D3_raw_Yee_and_flux.mat,#refs#/#fb#,6141,1,1.5591004289550092,0.0022281959147714974
F0_D3_raw_Yee_and_flux.mat,#refs#/#fb#,6142,6,2.0271455193666119,0.010284893083874683
F0_D3_raw_Yee_and_flux.mat,#refs#/#fb#,6148,1,2.3473863953891589,0.68423295558072439
F0_D3_raw_Yee_and_flux.mat,#refs#/#fb#,6149,1,2.7125678446404309,1.1762638141933173
F0_D3_raw_Yee_and_flux.mat,#refs#/#fb#,6150,1,1.6117177076715856,0.32986715628257995
F0_D3_raw_Yee_and_flux.mat,#refs#/#fb#,6151,24,1.3386204199235687,1.3946046086421632e-10
F0_D3_raw_Yee_and_flux.mat,#refs#/#fb#,6175,18,1.3382962322207008,1.363546510842955e-10
F0_D3_raw_Yee_and_flux.mat,#refs#/#fb#,6193,1,1.3935718848804963,2.3414682702814748e-10
F0_D3_raw_Yee_and_flux.mat,#refs#/#fb#,6194,422,1.4467116769356958,3.2490768935151446e-10
F0_D3_raw_Yee_and_flux.mat,#refs#/#fb#,6616,1,1.5567857866663555,0.0021076597792999995
F0_D3_raw_Yee_and_flux.mat,#refs#/#fb#,6617,6,2.0192006800465818,0.0097523015671627435
F0_D3_raw_Yee_and_flux.mat,#refs#/#fb#,6623,1,2.3737456699841473,0.67755722190616341
F0_D3_raw_Yee_and_flux.mat,#refs#/#fb#,6624,1,2.7595450263721681,1.1582451588589762
F0_D3_raw_Yee_and_flux.mat,#refs#/#fb#,6625,1,1.6263975619103972,0.32745676843195543
F0_D3_raw_Yee_and_flux.mat,#refs#/#fb#,6626,24,1.3382962322207008,1.363546510842955e-10
F0_D3_raw_Yee_and_flux.mat,#refs#/#fb#,6650,18,1.3379867237329361,1.3339341624784394e-10
F0_D3_raw_Yee_and_flux.mat,#refs#/#fb#,6668,1,1.3930391534663844,2.301380538914292e-10
F0_D3_raw_Yee_and_flux.mat,#refs#/#fb#,6669,422,1.4459717487966941,3.1994722298616812e-10
F0_D3_raw_Yee_and_flux.mat,#refs#/#fb#,7091,1,1.5545453729528727,0.0020013816375545842
F0_D3_raw_Yee_and_flux.mat,#refs#/#fb#,7092,6,2.0114760418192921,0.0092827293362160446
F0_D3_raw_Yee_and_flux.mat,#refs#/#fb#,7098,1,2.3988318419834185,0.66764411005949664
F0_D3_raw_Yee_and_flux.mat,#refs#/#fb#,7099,1,2.8036113093377986,1.1355665436173417
F0_D3_raw_Yee_and_flux.mat,#refs#/#fb#,7100,1,1.640527354041287,0.32336247750446578
F0_D3_raw_Yee_and_flux.mat,#refs#/#fb#,7101,24,1.3379867237329361,1.3339341624784394e-10
F0_D3_raw_Yee_and_flux.mat,#refs#/#fb#,7125,18,1.3376909817235028,1.3056684231517667e-10
F0_D3_raw_Yee_and_flux.mat,#refs#/#fb#,7143,1,1.3925277732279171,2.2627756917991453e-10
F0_D3_raw_Yee_and_flux.mat,#refs#/#fb#,7144,422,1.4452601668738478,3.1514668756879058e-10
F0_D3_raw_Yee_and_flux.mat,#refs#/#fb#,7566,1,1.5523739224706374,0.0019079907670193378
F0_D3_raw_Yee_and_flux.mat,#refs#/#fb#,7567,6,2.0039539204571462,0.0088703777113331647
F0_D3_raw_Yee_and_flux.mat,#refs#/#fb#,7573,1,2.4221611632301938,0.65499353554628215
F0_D3_raw_Yee_and_flux.mat,#refs#/#fb#,7574,1,2.8441762446748724,1.1090937820951834
F0_D3_raw_Yee_and_flux.mat,#refs#/#fb#,7575,1,1.6538406905772456,0.31781457504740424
F0_D3_raw_Yee_and_flux.mat,#refs#/#fb#,7576,24,1.3376909817235028,1.3056684231517667e-10
F0_D3_raw_Yee_and_flux.mat,#refs#/#fb#,7600,18,1.3374081658136014,1.2786589247714714e-10
F0_D3_raw_Yee_and_flux.mat,#refs#/#fb#,7618,1,1.3920365815984543,2.2255691124739665e-10
F0_D3_raw_Yee_and_flux.mat,#refs#/#fb#,7619,422,1.4445754738011809,3.1049819628299434e-10
F0_D3_raw_Yee_and_flux.mat,#refs#/#fb#,8041,1,1.550266608485197,0.0018262769969944978
F0_D3_raw_Yee_and_flux.mat,#refs#/#fb#,8042,6,1.9966181482250789,0.008510111736518413
F0_D3_raw_Yee_and_flux.mat,#refs#/#fb#,8048,1,2.4434187666494673,0.64015478077440413
F0_D3_raw_Yee_and_flux.mat,#refs#/#fb#,8049,1,2.8809060802946864,1.0797247836418564
F0_D3_raw_Yee_and_flux.mat,#refs#/#fb#,8050,1,1.6661547575608182,0.31107817372568369
F0_D3_raw_Yee_and_flux.mat,#refs#/#fb#,8051,24,1.3374081658136014,1.2786589247714714e-10
F0_D3_raw_Yee_and_flux.mat,#refs#/#fb#,8075,18,1.3371375010186584,1.2528231334322532e-10
F0_D3_raw_Yee_and_flux.mat,#refs#/#fb#,8093,1,1.3915644964636409,2.1896826434685273e-10
F0_D3_raw_Yee_and_flux.mat,#refs#/#fb#,8094,422,1.4439163062972185,3.0599438025725587e-10
F0_D3_raw_Yee_and_flux.mat,#refs#/#fb#,8516,1,1.5482189980794967,0.0017551691280136186
F0_D3_raw_Yee_and_flux.mat,#refs#/#fb#,8517,6,1.9894539145923751,0.0081973733202902362
F0_D3_raw_Yee_and_flux.mat,#refs#/#fb#,8523,1,2.4624493332993755,0.62367541732984166
F0_D3_raw_Yee_and_flux.mat,#refs#/#fb#,8524,1,2.9136999176072496,1.048319414487483
F0_D3_raw_Yee_and_flux.mat,#refs#/#fb#,8525,1,1.6773686184533556,0.30342589718646112
F0_D3_raw_Yee_and_flux.mat,#refs#/#fb#,8526,24,1.3371375010186584,1.2528231334322532e-10
F0_D3_raw_Yee_and_flux.mat,#refs#/#fb#,8550,18,1.3368782715705272,1.2280855279495635e-10
F0_D3_raw_Yee_and_flux.mat,#refs#/#fb#,8568,1,1.3911105093846881,2.1550439745218136e-10
F0_D3_raw_Yee_and_flux.mat,#refs#/#fb#,8569,422,1.4432813878580009,3.0162834653665667e-10
F0_D3_raw_Yee_and_flux.mat,#refs#/#fb#,8991,1,1.5462270127429512,0.0016937166310894709
F0_D3_raw_Yee_and_flux.mat,#refs#/#fb#,8992,6,1.9824476263660538,0.0079281072689885556
F0_D3_raw_Yee_and_flux.mat,#refs#/#fb#,8998,1,2.4792344220195144,0.60606037176439975
F0_D3_raw_Yee_and_flux.mat,#refs#/#fb#,8999,1,2.9426494129230503,1.015645485089081
F0_D3_raw_Yee_and_flux.mat,#refs#/#fb#,9000,1,1.6874536655128543,0.29511515802596072
F0_D3_raw_Yee_and_flux.mat,#refs#/#fb#,9001,24,1.3368782715705272,1.2280855279495635e-10
F0_D3_raw_Yee_and_flux.mat,#refs#/#fb#,9025,18,1.3366298154242258,1.2043768786092512e-10
F0_D3_raw_Yee_and_flux.mat,#refs#/#fb#,9043,1,1.3906736794954868,2.1215860995312526e-10
F0_D3_raw_Yee_and_flux.mat,#refs#/#fb#,9044,422,1.4426695221125527,2.9739364008135396e-10
F0_D3_raw_Yee_and_flux.mat,#refs#/#fb#,9466,1,1.5442868936032144,0.001641074072639177
F0_D3_raw_Yee_and_flux.mat,#refs#/#fb#,9467,6,1.9755867845614259,0.0076986980820581462
F0_D3_raw_Yee_and_flux.mat,#refs#/#fb#,9473,1,2.4938618618344721,0.58774321729768753
F0_D3_raw_Yee_and_flux.mat,#refs#/#fb#,9474,1,2.9679894287360438,0.98234286647108304
F0_D3_raw_Yee_and_flux.mat,#refs#/#fb#,9475,1,1.6964390758853112,0.28637156038637473
F0_D3_raw_Yee_and_flux.mat,#refs#/#fb#,9476,24,1.3366298154242258,1.2043768786092512e-10
F0_D3_raw_Yee_and_flux.mat,#refs#/#fb#,9500,18,1.3363915193624729,1.1816336122706119e-10
F0_D3_raw_Yee_and_flux.mat,#refs#/#fb#,9518,1,1.390253127996266,2.0892468333449308e-10
F0_D3_raw_Yee_and_flux.mat,#refs#/#fb#,9519,422,1.4420795867722471,2.9328420934965869e-10
F0_D3_raw_Yee_and_flux.mat,#refs#/#fb#,9941,1,1.5423951706752939,0.0015964878136173922
F0_D3_raw_Yee_and_flux.mat,#refs#/#fb#,9942,6,1.9688598757371418,0.0075059157655632484
F0_D3_raw_Yee_and_flux.mat,#refs#/#fb#,9948,1,2.5064918756660179,0.56906955414810156
F0_D3_raw_Yee_and_flux.mat,#refs#/#fb#,9949,1,2.9900458098424565,0.94890494247531132
F0_D3_raw_Yee_and_flux.mat,#refs#/#fb#,9950,1,1.7043948813985168,0.27737865466187162
F0_D3_raw_Yee_and_flux.mat,#refs#/#fb#,9951,24,1.3363915193624729,1.1816336122706119e-10
F0_D3_raw_Yee_and_flux.mat,#refs#/#fb#,9975,18,1.33616281462361,1.1597972520951575e-10
F0_D3_raw_Yee_and_flux.mat,#refs#/#fb#,9993,1,1.3898480331765488,2.0579683808032485e-10
F0_D3_raw_Yee_and_flux.mat,#refs#/#fb#,9994,422,1.441510528113475,2.8929437507808155e-10
F0_D3_raw_Yee_and_flux.mat,#refs#/#fb#,10416,1,1.5405486355968019,0.0015592846134331977
F0_D3_raw_Yee_and_flux.mat,#refs#/#fb#,10417,6,1.9622562758648292,0.007346869230709388
F0_D3_raw_Yee_and_flux.mat,#refs#/#fb#,10423,1,2.517323219665915,0.55029112499692268
F0_D3_raw_Yee_and_flux.mat,#refs#/#fb#,10424,1,3.0091844606878562,0.91567521189463275
F0_D3_raw_Yee_and_flux.mat,#refs#/#fb#,10425,1,1.7114145789794102,0.26827348357578784
F0_D3_raw_Yee_and_flux.mat,#refs#/#fb#,10426,24,1.33616281462361,1.1597972520951575e-10
F0_D3_raw_Yee_and_flux.mat,#refs#/#fb#,10450,18,1.335943172988898,1.1388139219468025e-10
F0_D3_raw_Yee_and_flux.mat,#refs#/#fb#,10468,1,1.3894576259087461,2.0276969515223794e-10
F0_D3_raw_Yee_and_flux.mat,#refs#/#fb#,10469,422,1.4409613559399506,2.8541880191775783e-10
F0_D3_raw_Yee_and_flux.mat,#refs#/#fb#,10891,1,1.5387443173966961,0.0015288618350825592
F0_D3_raw_Yee_and_flux.mat,#refs#/#fb#,10892,6,1.9557661650896803,0.0072189660945244103
F0_D3_raw_Yee_and_flux.mat,#refs#/#fb#,10898,1,2.5265612425207431,0.53156913535654726
F0_D3_raw_Yee_and_flux.mat,#refs#/#fb#,10899,1,3.0257640338363929,0.88285688531433015
F0_D3_raw_Yee_and_flux.mat,#refs#/#fb#,10900,1,1.7175984604603223,0.2591471460435737
F0_D3_raw_Yee_and_flux.mat,#refs#/#fb#,10901,24,1.335943172988898,1.1388139219468025e-10
F0_D3_raw_Yee_and_flux.mat,#refs#/#fb#,10925,18,1.3357321032739513,1.1186339069881558e-10
F0_D3_raw_Yee_and_flux.mat,#refs#/#fb#,10943,1,1.3890811855610916,1.9983824148256979e-10
F0_D3_raw_Yee_and_flux.mat,#refs#/#fb#,10944,422,1.4404311389770605,2.8165247262740764e-10
F0_D3_raw_Yee_and_flux.mat,#refs#/#fb#,11366,1,1.5369794609106897,0.001504679001054671
F0_D3_raw_Yee_and_flux.mat,#refs#/#fb#,11367,6,1.9493804519781608,0.0071198779027457125
F0_D3_raw_Yee_and_flux.mat,#refs#/#fb#,11373,1,2.5343889369580905,0.51298585890189319
F0_D3_raw_Yee_and_flux.mat,#refs#/#fb#,11374,1,3.0400935599404328,0.85053439393836994
F0_D3_raw_Yee_and_flux.mat,#refs#/#fb#,11375,1,1.7230383403201668,0.25004984880017694
F0_D3_raw_Yee_and_flux.mat,#refs#/#fb#,11376,24,1.3357321032739513,1.1186339069881558e-10
F0_D3_raw_Yee_and_flux.mat,#refs#/#fb#,11400,18,1.3355291481765423,1.0992112632352731e-10
F0_D3_raw_Yee_and_flux.mat,#refs#/#fb#,11418,1,1.3887180362849507,1.9699779900007855e-10
F0_D3_raw_Yee_and_flux.mat,#refs#/#fb#,11419,422,1.4399190006559537,2.7799066455834734e-10
F0_D3_raw_Yee_and_flux.mat,#refs#/#fb#,11841,1,1.5352515075117872,0.0014862504925925463
F0_D3_raw_Yee_and_flux.mat,#refs#/#fb#,11842,6,1.9430907060504894,0.0070475099599722757
F0_D3_raw_Yee_and_flux.mat,#refs#/#fb#,11848,1,2.540942158400632,0.49456453777975473
F0_D3_raw_Yee_and_flux.mat,#refs#/#fb#,11849,1,3.0523967982832572,0.81870713849128041
F0_D3_raw_Yee_and_flux.mat,#refs#/#fb#,11850,1,1.7278043319266061,0.24100037359152032
F0_D3_raw_Yee_and_flux.mat,#refs#/#fb#,11851,24,1.3355291481765423,1.0992112632352731e-10
F0_D3_raw_Yee_and_flux.mat,#refs#/#fb#,11875,18,1.3353338814393336,1.080503469872293e-10
F0_D3_raw_Yee_and_flux.mat,#refs#/#fb#,11893,1,1.3883675436369887,1.9424399677129655e-10
F0_D3_raw_Yee_and_flux.mat,#refs#/#fb#,11894,422,1.4394241152497127,2.7442892819780562e-10
F0_D3_raw_Yee_and_flux.mat,#refs#/#fb#,12316,1,1.5335580778709836,0.0014731392198814336
F0_D3_raw_Yee_and_flux.mat,#refs#/#fb#,12317,6,1.936889097565337,0.006999975086925507
F0_D3_raw_Yee_and_flux.mat,#refs#/#fb#,12323,1,2.5462913992347631,0.47629814547214899
F0_D3_raw_Yee_and_flux.mat,#refs#/#fb#,12324,1,3.0627871871058527,0.78733650053058279
F0_D3_raw_Yee_and_flux.mat,#refs#/#fb#,12325,1,1.7319348760423852,0.23200019896392698
F0_D3_raw_Yee_and_flux.mat,#refs#/#fb#,12326,24,1.3353338814393336,1.080503469872293e-10
F0_D3_raw_Yee_and_flux.mat,#refs#/#fb#,12350,18,1.3351459052915216,1.0624711190025517e-10
F0_D3_raw_Yee_and_flux.mat,#refs#/#fb#,12368,1,1.3880291115014196,1.915727458961554e-10
F0_D3_raw_Yee_and_flux.mat,#refs#/#fb#,12369,422,1.4389457043280485,2.7096306756360034e-10
F0_D3_raw_Yee_and_flux.mat,#refs#/#fb#,12791,1,1.5318969565025531,0.0014649511193231604
F0_D3_raw_Yee_and_flux.mat,#refs#/#fb#,12792,6,1.9307683436676639,0.0069755707352239446
F0_D3_raw_Yee_and_flux.mat,#refs#/#fb#,12798,1,2.5504345922285245,0.4581868311438364
F0_D3_raw_Yee_and_flux.mat,#refs#/#fb#,12799,1,3.0712605904715176,0.75640569353576004
F0_D3_raw_Yee_and_flux.mat,#refs#/#fb#,12800,1,1.735432255132261,0.22305219377684635
F0_D3_raw_Yee_and_flux.mat,#refs#/#fb#,12801,24,1.3351459052915216,1.0624711190025517e-10
F0_D3_raw_Yee_and_flux.mat,#refs#/#fb#,12825,18,1.3349648481379912,1.0450776382520314e-10
F0_D3_raw_Yee_and_flux.mat,#refs#/#fb#,12843,1,1.3877021792816293,1.8898021684379691e-10
F0_D3_raw_Yee_and_flux.mat,#refs#/#fb#,12844,422,1.4384830335005308,2.6758912226661711e-10
F0_D3_raw_Yee_and_flux.mat,#refs#/#fb#,13266,1,1.5302660778816988,0.0014613303574795224
F0_D3_raw_Yee_and_flux.mat,#refs#/#fb#,13267,6,1.924721660132203,0.0069727589810381907
F0_D3_raw_Yee_and_flux.mat,#refs#/#fb#,13273,1,2.553307327654819,0.44028086031605596
F0_D3_raw_Yee_and_flux.mat,#refs#/#fb#,13274,1,3.0777158735936059,0.72598704312162388
F0_D3_raw_Yee_and_flux.mat,#refs#/#fb#,13275,1,1.7382668177520719,0.21418234158518376
F0_D3_raw_Yee_and_flux.mat,#refs#/#fb#,13276,24,1.3349648481379912,1.0450776382520314e-10
F0_D3_raw_Yee_and_flux.mat,#refs#/#fb#,13300,18,1.3347903624685629,1.0282890422674342e-10
F0_D3_raw_Yee_and_flux.mat,#refs#/#fb#,13318,1,1.3873862193340294,1.8646281895492551e-10
F0_D3_raw_Yee_and_flux.mat,#refs#/#fb#,13319,422,1.438035409421546,2.6430335107800575e-10
F0_D3_raw_Yee_and_flux.mat,#refs#/#fb#,13741,1,1.5286635139507303,0.0014619551405469322
F0_D3_raw_Yee_and_flux.mat,#refs#/#fb#,13742,6,1.9187427180384222,0.0069901489941504328
F0_D3_raw_Yee_and_flux.mat,#refs#/#fb#,13748,1,2.5548164791369423,0.42272044603495568
F0_D3_raw_Yee_and_flux.mat,#refs#/#fb#,13749,1,3.0820123452854102,0.69630265253145207
F0_D3_raw_Yee_and_flux.mat,#refs#/#fb#,13750,1,1.7403930133603065,0.20546024435548566
F0_D3_raw_Yee_and_flux.mat,#refs#/#fb#,13751,24,1.3347903624685629,1.0282890422674342e-10
F0_D3_raw_Yee_and_flux.mat,#refs#/#fb#,13775,18,1.3346221229633137,1.0120737096833717e-10
F0_D3_raw_Yee_and_flux.mat,#refs#/#fb#,13793,1,1.3870807346200926,1.8401718187169885e-10
F0_D3_raw_Yee_and_flux.mat,#refs#/#fb#,13794,422,1.4376021770329712,2.6110221685594566e-10
F0_D3_raw_Yee_and_flux.mat,#refs#/#fb#,14216,1,1.5270874628540854,0.0014665340441514965
F0_D3_raw_Yee_and_flux.mat,#refs#/#fb#,14217,6,1.9128256048008161,0.0070264816412748078
F0_D3_raw_Yee_and_flux.mat,#refs#/#fb#,14223,1,2.5548979965440881,0.40575797808634934
F0_D3_raw_Yee_and_flux.mat,#refs#/#fb#,14224,1,3.0840644092160918,0.66775536478986186
F0_D3_raw_Yee_and_flux.mat,#refs#/#fb#,14225,1,1.7417777816550877,0.19701114130184583
F0_D3_raw_Yee_and_flux.mat,#refs#/#fb#,14226,24,1.3346221229633137,1.0120737096833717e-10
F0_D3_raw_Yee_and_flux.mat,#refs#/#fb#,14250,18,1.3344598247729174,9.9640218258664897e-11
F0_D3_raw_Yee_and_flux.mat,#refs#/#fb#,14268,1,1.3867852565552192,1.8164013868593742e-10
F0_D3_raw_Yee_and_flux.mat,#refs#/#fb#,14269,422,1.437182717023018,2.5798237270259586e-10
F0_D3_raw_Yee_and_flux.mat,#refs#/#fb#,14691,1,1.5255362387631926,0.0014748027914414537
F0_D3_raw_Yee_and_flux.mat,#refs#/#fb#,14692,6,1.9069647890535781,0.0070806159342896129
F0_D3_raw_Yee_and_flux.mat,#refs#/#fb#,14698,1,2.553588939034614,0.38974646459588286
F0_D3_raw_Yee_and_flux.mat,#refs#/#fb#,14699,1,3.0839566947032848,0.64090484381976243
F0_D3_raw_Yee_and_flux.mat,#refs#/#fb#,14700,1,1.7424364889537836,0.18901121575544561
F0_D3_raw_Yee_and_flux.mat,#refs#/#fb#,14701,24,1.3344598247729174,9.9640218258664897e-11
F0_D3_raw_Yee_and_flux.mat,#refs#/#fb#,14725,18,1.3343031819554705,9.8124698589300248e-11
F0_D3_raw_Yee_and_flux.mat,#refs#/#fb#,14743,1,1.3864993430354511,1.793287106220779e-10
F0_D3_raw_Yee_and_flux.mat,#refs#/#fb#,14744,422,1.4367764434818984,2.5494064923569385e-10
F0_D3_raw_Yee_and_flux.mat,#refs#/#fb#,15166,1,1.5240082626698646,0.0014865214184291886
F0_D3_raw_Yee_and_flux.mat,#refs#/#fb#,15167,6,1.9011550889530726,0.0071515170773023976
F0_D3_raw_Yee_and_flux.mat,#refs#/#fb#,15173,1,2.5510920024212189,0.37508548121454222
F0_D3_raw_Yee_and_flux.mat,#refs#/#fb#,15174,1,3.0820445458361396,0.61637607670800498
F0_D3_raw_Yee_and_flux.mat,#refs#/#fb#,15175,1,1.7424655906881725,0.18166162004582914
F0_D3_raw_Yee_and_flux.mat,#refs#/#fb#,15176,24,1.3343031819554705,9.8124698589300248e-11
F0_D3_raw_Yee_and_flux.mat,#refs#/#fb#,15200,18,1.3341519260534971,9.665824643834653e-11
F0_D3_raw_Yee_and_flux.mat,#refs#/#fb#,15218,1,1.3862225766251108,1.7708009309346217e-10
F0_D3_raw_Yee_and_flux.mat,#refs#/#fb#,15219,422,1.436382801736908,2.5197404287149951e-10
F0_D3_raw_Yee_and_flux.mat,#refs#/#fb#,15641,1,1.5225020540421288,0.0015014717746886293
F0_D3_raw_Yee_and_flux.mat,#refs#/#fb#,15642,6,1.895391643516821,0.0072382459026838035
F0_D3_raw_Yee_and_flux.mat,#refs#/#fb#,15648,1,2.5478065802784746,0.3621322867738439
F0_D3_raw_Yee_and_flux.mat,#refs#/#fb#,15649,1,3.0789987757163071,0.59471379070067565
F0_D3_raw_Yee_and_flux.mat,#refs#/#fb#,15650,1,1.7420589589089319,0.17514485500331256
F0_D3_raw_Yee_and_flux.mat,#refs#/#fb#,15651,24,1.3341519260534971,9.665824643834653e-11
F0_D3_raw_Yee_and_flux.mat,#refs#/#fb#,15675,18,1.3340058047967187,9.523846354323865e-11
F0_D3_raw_Yee_and_flux.mat,#refs#/#fb#,15693,1,1.3859545628902825,1.748916429897304e-10
F0_D3_raw_Yee_and_flux.mat,#refs#/#fb#,15694,422,1.4360012663512478,2.4907970502654998e-10
F0_D3_raw_Yee_and_flux.mat,#refs#/#fb#,16116,1,1.5210162232494933,0.0015194553151610024
F0_D3_raw_Yee_and_flux.mat,#refs#/#fb#,16117,6,1.889669886665259,0.00733994951655527
F0_D3_raw_Yee_and_flux.mat,#refs#/#fb#,16123,1,2.5443099731298351,0.35110206996125004
F0_D3_raw_Yee_and_flux.mat,#refs#/#fb#,16124,1,3.075769427105072,0.57622186785455676
F0_D3_raw_Yee_and_flux.mat,#refs#/#fb#,16125,1,1.7414995518221768,0.16957540093124218
F0_D3_raw_Yee_and_flux.mat,#refs#/#fb#,16126,24,1.3340058047967187,9.523846354323865e-11
F0_D3_raw_Yee_and_flux.mat,#refs#/#fb#,16150,18,1.3338645809178564,9.3863105570435591e-11
F0_D3_raw_Yee_and_flux.mat,#refs#/#fb#,16168,1,1.3856949288646228,1.7276086706974223e-10
F0_D3_raw_Yee_and_flux.mat,#refs#/#fb#,16169,422,1.4356313392724429,2.4625493215524353e-10
F0_D3_raw_Yee_and_flux.mat,#refs#/#fb#,16591,1,1.5195494646759453,0.0015402911452629651
F0_D3_raw_Yee_and_flux.mat,#refs#/#fb#,16592,6,1.8839855236735377,0.0074558529998835854
F0_D3_raw_Yee_and_flux.mat,#refs#/#fb#,16598,1,2.5412912528195184,0.34198574914938973
F0_D3_raw_Yee_and_flux.mat,#refs#/#fb#,16599,1,3.0734734982598186,0.56083342518271972
F0_D3_raw_Yee_and_flux.mat,#refs#/#fb#,16600,1,1.7411276128818345,0.16495879167519853
F0_D3_raw_Yee_and_flux.mat,#refs#/#fb#,16601,24,1.3338645809178564,9.3863105570435591e-11
F0_D3_raw_Yee_and_flux.mat,#refs#/#fb#,16625,18,1.333728031070172,9.2530070030879833e-11
F0_D3_raw_Yee_and_flux.mat,#refs#/#fb#,16643,1,1.3854433216354349,1.7068541134892479e-10
F0_D3_raw_Yee_and_flux.mat,#refs#/#fb#,16644,422,1.4352725481175945,2.4349715654870248e-10
F0_D3_raw_Yee_and_flux.mat,#refs#/#fb#,17066,1,1.5181005504487823,0.0015638142868894085
F0_D3_raw_Yee_and_flux.mat,#refs#/#fb#,17067,6,1.8783345097761115,0.0075852520328996637
F0_D3_raw_Yee_and_flux.mat,#refs#/#fb#,17073,1,2.5394551522199227,0.33450348197923069
F0_D3_raw_Yee_and_flux.mat,#refs#/#fb#,17074,1,3.0732351324163796,0.54804066429583798
F0_D3_raw_Yee_and_flux.mat,#refs#/#fb#,17075,1,1.7412940906588874,0.16116812561024846
F0_D3_raw_Yee_and_flux.mat,#refs#/#fb#,17076,24,1.333728031070172,9.2530070030879833e-11
F0_D3_raw_Yee_and_flux.mat,#refs#/#fb#,17100,18,1.3335959448367334,9.1237385308389886e-11
F0_D3_raw_Yee_and_flux.mat,#refs#/#fb#,17118,1,1.3851994070391567,1.686630513825777e-10
F0_D3_raw_Yee_and_flux.mat,#refs#/#fb#,17119,422,1.4349244445839149,2.4080393782787258e-10
F0_D3_raw_Yee_and_flux.mat,#refs#/#fb#,17541,1,1.5166683247198292,0.0015898741374750932
F0_D3_raw_Yee_and_flux.mat,#refs#/#fb#,17542,6,1.8727130306975597,0.0077275063288931604
F0_D3_raw_Yee_and_flux.mat,#refs#/#fb#,17548,1,2.5394145089153413,0.3280970939455497
F0_D3_raw_Yee_and_flux.mat,#refs#/#fb#,17549,1,3.0760087157151648,0.53688988960052919
F0_D3_raw_Yee_and_flux.mat,#refs#/#fb#,17550,1,1.742308489592709,0.1579393849592029
F0_D3_raw_Yee_and_flux.mat,#refs#/#fb#,17551,24,1.3335959448367334,9.1237385308389886e-11
F0_D3_raw_Yee_and_flux.mat,#refs#/#fb#,17575,18,1.3334681238224884,8.998320068400429e-11
F0_D3_raw_Yee_and_flux.mat,#refs#/#fb#,17593,1,1.3849628684565365,1.6669168335768775e-10
F0_D3_raw_Yee_and_flux.mat,#refs#/#fb#,17594,422,1.4345866029740963,2.3817295507046617e-10
F0_D3_raw_Yee_and_flux.mat,#refs#/#fb#,18016,1,1.5152516984429967,0.0016183330981446532
F0_D3_raw_Yee_and_flux.mat,#refs#/#fb#,18017,6,1.8671174849097512,0.0078820337789814472
F0_D3_raw_Yee_and_flux.mat,#refs#/#fb#,18023,1,2.5415807404236355,0.32195831529296864
F0_D3_raw_Yee_and_flux.mat,#refs#/#fb#,18024,1,3.0824015533792117,0.5260369633703883
F0_D3_raw_Yee_and_flux.mat,#refs#/#fb#,18025,1,1.7443855857259738,0.1548836930827184
F0_D3_raw_Yee_and_flux.mat,#refs#/#fb#,18026,24,1.3334681238224884,8.998320068400429e-11
F0_D3_raw_Yee_and_flux.mat,#refs#/#fb#,18050,18,1.3333443808212173,8.876577725305508e-11
F0_D3_raw_Yee_and_flux.mat,#refs#/#fb#,18068,1,1.384733405698741,1.6476931591546318e-10
F0_D3_raw_Yee_and_flux.mat,#refs#/#fb#,18069,422,1.434258618827041,2.3560199951728413e-10
F0_D3_raw_Yee_and_flux.mat,#refs#/#fb#,18491,1,1.5138496445985297,0.0016490653502551618
F0_D3_raw_Yee_and_flux.mat,#refs#/#fb#,18492,6,1.8615444674386681,0.0080483052226581597
F0_D3_raw_Yee_and_flux.mat,#refs#/#fb#,18498,1,2.5460556177138716,0.31509613019920341
F0_D3_raw_Yee_and_flux.mat,#refs#/#fb#,18499,1,3.0925038277904981,0.51386773951161746
F0_D3_raw_Yee_and_flux.mat,#refs#/#fb#,18500,1,1.7475919602105894,0.15151801403013787
F0_D3_raw_Yee_and_flux.mat,#refs#/#fb#,18501,24,1.3333443808212173,8.876577725305508e-11
F0_D3_raw_Yee_and_flux.mat,#refs#/#fb#,18525,18,1.333224539050279,8.7583479643731012e-11
F0_D3_raw_Yee_and_flux.mat,#refs#/#fb#,18543,1,1.3845107339765101,1.6289406263526468e-10
F0_D3_raw_Yee_and_flux.mat,#refs#/#fb#,18544,422,1.433940107645358,2.33088967808732e-10
F0_D3_raw_Yee_and_flux.mat,#refs#/#fb#,18966,1,1.5124611938199231,0.0016819557624332673
F0_D3_raw_Yee_and_flux.mat,#refs#/#fb#,18967,6,1.8559907550644179,0.0082258397702540103
F0_D3_raw_Yee_and_flux.mat,#refs#/#fb#,18973,1,2.5525356545691422,0.30645683176571076
F0_D3_raw_Yee_and_flux.mat,#refs#/#fb#,18974,1,3.1057465401955762,0.49870215378703731
F0_D3_raw_Yee_and_flux.mat,#refs#/#fb#,18975,1,1.7517970600359776,0.14732151241033059
F0_D3_raw_Yee_and_flux.mat,#refs#/#fb#,18976,24,1.333224539050279,8.7583479643731012e-11
F0_D3_raw_Yee_and_flux.mat,#refs#/#fb#,19000,18,1.3331084314468296,8.6434768456329506e-11
F0_D3_raw_Yee_and_flux.mat,#refs#/#fb#,19018,1,1.3842945829452389,1.6106413511804891e-10
F0_D3_raw_Yee_and_flux.mat,#refs#/#fb#,19019,422,1.4336307037118157,2.3063185570705346e-10
F0_D3_raw_Yee_and_flux.mat,#refs#/#fb#,19441,1,1.511085430384371,0.0017168989125880883
F0_D3_raw_Yee_and_flux.mat,#refs#/#fb#,19442,6,1.8504532927756265,0.0084142006130980638
F0_D3_raw_Yee_and_flux.mat,#refs#/#fb#,19448,1,2.5602628120373963,0.29510757988899411
F0_D3_raw_Yee_and_flux.mat,#refs#/#fb#,19449,1,3.120841619484803,0.47909339536545487
F0_D3_raw_Yee_and_flux.mat,#refs#/#fb#,19450,1,1.7566449667857282,0.14182429231605856
F0_D3_raw_Yee_and_flux.mat,#refs#/#fb#,19451,24,1.3331084314468296,8.6434768456329506e-11
F0_D3_raw_Yee_and_flux.mat,#refs#/#fb#,19475,18,1.3329959000198444,8.5318193351527158e-11
F0_D3_raw_Yee_and_flux.mat,#refs#/#fb#,19493,1,1.3840846958195745,1.5927783661400095e-10
F0_D3_raw_Yee_and_flux.mat,#refs#/#fb#,19494,422,1.4333300589876563,2.2822875226402339e-10
F0_D3_raw_Yee_and_flux.mat,#refs#/#fb#,19916,1,1.509721488531911,0.0017537982114017754
F0_D3_raw_Yee_and_flux.mat,#refs#/#fb#,19917,6,1.8449291813548578,0.0086129912653811983
F0_D3_raw_Yee_and_flux.mat,#refs#/#fb#,19923,1,2.5680748967572575,0.28046412234153645
F0_D3_raw_Yee_and_flux.mat,#refs#/#fb#,19924,1,3.13588457665543,0.45418493801363646
F0_D3_raw_Yee_and_flux.mat,#refs#/#fb#,19925,1,1.7615741041029518,0.13472077963054671
F0_D3_raw_Yee_and_flux.mat,#refs#/#fb#,19926,24,1.3329959000198444,8.5318193351527158e-11
F0_D3_raw_Yee_and_flux.mat,#refs#/#fb#,19950,18,1.3328867952528778,8.4232386723979153e-11
F0_D3_raw_Yee_and_flux.mat,#refs#/#fb#,19968,1,1.3838808285517035,1.5753355614480105e-10
F0_D3_raw_Yee_and_flux.mat,#refs#/#fb#,19969,422,1.4330378420862988,2.2587783439759915e-10
F0_D3_raw_Yee_and_flux.mat,#refs#/#fb#,20391,1,1.5083685490821976,0.0017925651155740305
F0_D3_raw_Yee_and_flux.mat,#refs#/#fb#,20392,6,1.839415665985261,0.0088218521889911125
F0_D3_raw_Yee_and_flux.mat,#refs#/#fb#,20398,1,2.5745955263181068,0.26249204033128448
F0_D3_raw_Yee_and_flux.mat,#refs#/#fb#,20399,1,3.1486731941765163,0.42401117747907069
F0_D3_raw_Yee_and_flux.mat,#refs#/#fb#,20400,1,1.7659070764309295,0.12597366168257074
F0_D3_raw_Yee_and_flux.mat,#refs#/#fb#,20401,24,1.3328867952528778,8.4232386723979153e-11
F0_D3_raw_Yee_and_flux.mat,#refs#/#fb#,20425,18,1.332780975552996,8.3176057904567866e-11
F0_D3_raw_Yee_and_flux.mat,#refs#/#fb#,20443,1,1.3836827490680741,1.5582976307608818e-10
F0_D3_raw_Yee_and_flux.mat,#refs#/#fb#,20444,422,1.4327537373165484,2.2357736184441558e-10
F0_D3_raw_Yee_and_flux.mat,#refs#/#fb#,20866,1,1.5070258363211635,0.0018331184205599826
F0_D3_raw_Yee_and_flux.mat,#refs#/#fb#,20867,6,1.8339101257805321,0.0090404577585502834
F0_D3_raw_Yee_and_flux.mat,#refs#/#fb#,20873,1,2.5785386172550266,0.2417783781039291
F0_D3_raw_Yee_and_flux.mat,#refs#/#fb#,20874,1,3.1571926567241007,0.38958475848345381
F0_D3_raw_Yee_and_flux.mat,#refs#/#fb#,20875,1,1.7690010057990733,0.11585577053951204
F0_D3_raw_Yee_and_flux.mat,#refs#/#fb#,20876,24,1.332780975552996,8.3176057904567866e-11
F0_D3_raw_Yee_and_flux.mat,#refs#/#fb#,20900,18,1.3326783067417964,8.2147987840771116e-11
F0_D3_raw_Yee_and_flux.mat,#refs#/#fb#,20918,1,1.3834902365597861,1.5416500210019912e-10
F0_D3_raw_Yee_and_flux.mat,#refs#/#fb#,20919,422,1.4324774437899332,2.2132567245803302e-10
F0_D3_raw_Yee_and_flux.mat,#refs#/#fb#,21341,1,1.5056926151327383,0.0018753836238545234
F0_D3_raw_Yee_and_flux.mat,#refs#/#fb#,21342,6,1.8284100641507681,0.009268513529299964
F0_D3_raw_Yee_and_flux.mat,#refs#/#fb#,21348,1,2.5790180319847433,0.21940728098817996
F0_D3_raw_Yee_and_flux.mat,#refs#/#fb#,21349,1,3.1600920820346636,0.35267835217564553
F0_D3_raw_Yee_and_flux.mat,#refs#/#fb#,21350,1,1.770404809374104,0.10489352200660097
F0_D3_raw_Yee_and_flux.mat,#refs#/#fb#,21351,24,1.3326783067417964,8.2147987840771116e-11
F0_D3_raw_Yee_and_flux.mat,#refs#/#fb#,21375,18,1.3325786615848205,8.1147024210037688e-11
F0_D3_raw_Yee_and_flux.mat,#refs#/#fb#,21393,1,1.3833030808223019,1.5253788859327151e-10
F0_D3_raw_Yee_and_flux.mat,#refs#/#fb#,21394,422,1.4322086745872629,2.1912117782557016e-10
F0_D3_raw_Yee_and_flux.mat,#refs#/#fb#,21816,1,1.5043681883533881,0.0019192923509809181
F0_D3_raw_Yee_and_flux.mat,#refs#/#fb#,21817,6,1.8229130999259955,0.0095057537750150561
F0_D3_raw_Yee_and_flux.mat,#refs#/#fb#,21823,1,2.5757254428945791,0.1966769536705926
F0_D3_raw_Yee_and_flux.mat,#refs#/#fb#,21824,1,3.1569444210215756,0.31536971650589185
F0_D3_raw_Yee_and_flux.mat,#refs#/#fb#,21825,1,1.7699530773795333,0.09372768246405716
F0_D3_raw_Yee_and_flux.mat,#refs#/#fb#,21826,24,1.3325786615848205,8.1147024210037688e-11
F0_D3_raw_Yee_and_flux.mat,#refs#/#fb#,21850,18,1.3324819193560435,8.0172076925831713e-11
F0_D3_raw_Yee_and_flux.mat,#refs#/#fb#,21868,1,1.3831210816405641,1.5094710431435998e-10
F0_D3_raw_Yee_and_flux.mat,#refs#/#fb#,21869,422,1.4319471559799226,2.1696235917780122e-10
F0_D3_raw_Yee_and_flux.mat,#refs#/#fb#,22291,1,1.5030518943295028,0.0019647818373017775
F0_D3_raw_Yee_and_flux.mat,#refs#/#fb#,22292,6,1.8174169591673213,0.0097519392670975449
F0_D3_raw_Yee_and_flux.mat,#refs#/#fb#,22298,1,2.5689093059720784,0.17478620310585255
F0_D3_raw_Yee_and_flux.mat,#refs#/#fb#,22299,1,3.1481956175857024,0.27955249189779208
F0_D3_raw_Yee_and_flux.mat,#refs#/#fb#,22300,1,1.7677598245981676,0.082955374125647879
F0_D3_raw_Yee_and_flux.mat,#refs#/#fb#,22301,24,1.3324819193560435,8.0172076925831713e-11
F0_D3_raw_Yee_and_flux.mat,#refs#/#fb#,22325,18,1.3323879654344397,7.9222114000222891e-11
F0_D3_raw_Yee_and_flux.mat,#refs#/#fb#,22343,1,1.3829440482159139,1.4939139341738237e-10
F0_D3_raw_Yee_and_flux.mat,#refs#/#fb#,22344,422,1.4316926267017993,2.148477635700048e-10
F0_D3_raw_Yee_and_flux.mat,#refs#/#fb#,22766,1,1.5017431046597081,0.0020117944595979568
F0_D3_raw_Yee_and_flux.mat,#refs#/#fb#,22767,6,1.8119194676028456,0.010006855269416241
F0_D3_raw_Yee_and_flux.mat,#refs#/#fb#,22773,1,2.5591999130001284,0.15461873286334193
F0_D3_raw_Yee_and_flux.mat,#refs#/#fb#,22774,1,3.1348803355449797,0.24660736043462733
F0_D3_raw_Yee_and_flux.mat,#refs#/#fb#,22775,1,1.7641328358681962,0.073019428043406581
F0_D3_raw_Yee_and_flux.mat,#refs#/#fb#,22776,24,1.3323879654344397,7.9222114000222891e-11
F0_D3_raw_Yee_and_flux.mat,#refs#/#fb#,22800,18,1.3322966909299134,7.8296157730630736e-11
F0_D3_raw_Yee_and_flux.mat,#refs#/#fb#,22818,1,1.3827717986315662,1.478695587495329e-10
F0_D3_raw_Yee_and_flux.mat,#refs#/#fb#,22819,422,1.4314448372680797,2.127760003128341e-10
F0_D3_raw_Yee_and_flux.mat,#refs#/#fb#,23241,1,1.5004412221059442,0.0020602773121030245
F0_D3_raw_Yee_and_flux.mat,#refs#/#fb#,23242,6,1.8064185436318638,0.010270309726556012
F0_D3_raw_Yee_and_flux.mat,#refs#/#fb#,23248,1,2.5473874244137056,0.13667443310816399
F0_D3_raw_Yee_and_flux.mat,#refs#/#fb#,23249,1,3.1182716777353789,0.21730373525584382
F0_D3_raw_Yee_and_flux.mat,#refs#/#fb#,23250,1,1.7594624526831477,0.064171744611109943
F0_D3_raw_Yee_and_flux.mat,#refs#/#fb#,23251,24,1.3322966909299134,7.8296157730630736e-11
F0_D3_raw_Yee_and_flux.mat,#refs#/#fb#,23275,18,1.3322079923361443,7.7393281181629984e-11
F0_D3_raw_Yee_and_flux.mat,#refs#/#fb#,23293,1,1.382604159353654,1.4638045841231679e-10
F0_D3_raw_Yee_and_flux.mat,#refs#/#fb#,23294,422,1.4312035493374775,2.1074573763427626e-10
F0_D3_raw_Yee_and_flux.mat,#refs#/#fb#,23716,1,1.4991456786587631,0.0021101818222820658
F0_D3_raw_Yee_and_flux.mat,#refs#/#fb#,23717,6,1.8009121918465263,0.010542131625619514
F0_D3_raw_Yee_and_flux.mat,#refs#/#fb#,23723,1,2.5342423358254709,0.12111612179505302
F0_D3_raw_Yee_and_flux.mat,#refs#/#fb#,23724,1,3.099601498844188,0.19187924200566339
F0_D3_raw_Yee_and_flux.mat,#refs#/#fb#,23725,1,1.7541308242509743,0.056495594662888553
F0_D3_raw_Yee_and_flux.mat,#refs#/#fb#,23726,24,1.3322079923361443,7.7393281181629984e-11
F0_D3_raw_Yee_and_flux.mat,#refs#/#fb#,23750,18,1.3321217712081261,7.6512604935660329e-11
F0_D3_raw_Yee_and_flux.mat,#refs#/#fb#,23768,1,1.3824409647651326,1.4492300256361227e-10
F0_D3_raw_Yee_and_flux.mat,#refs#/#fb#,23769,422,1.430968535114727,2.0875569955538947e-10
F0_D3_raw_Yee_and_flux.mat,#refs#/#fb#,24191,1,1.4978559337437147,0.0021614634022227501
F0_D3_raw_Yee_and_flux.mat,#refs#/#fb#,24192,6,1.7953984970251784,0.010822169514166251
F0_D3_raw_Yee_and_flux.mat,#refs#/#fb#,24198,1,2.5204129688897017,0.1078688444153533
F0_D3_raw_Yee_and_flux.mat,#refs#/#fb#,24199,1,3.0799023888641677,0.17019848754689426
F0_D3_raw_Yee_and_flux.mat,#refs#/#fb#,24200,1,1.7484598351985574,0.049955084384144373
F0_D3_raw_Yee_and_flux.mat,#refs#/#fb#,24201,24,1.3321217712081261,7.6512604935660329e-11
F0_D3_raw_Yee_and_flux.mat,#refs#/#fb#,24225,18,1.3320379338623836,7.5653294089084541e-11
F0_D3_raw_Yee_and_flux.mat,#refs#/#fb#,24243,1,1.3822820567300562,1.4349615044117756e-10
F0_D3_raw_Yee_and_flux.mat,#refs#/#fb#,24244,422,1.4307395767904412,2.0680466296397469e-10
F0_D3_raw_Yee_and_flux.mat,#refs#/#fb#,24666,1,1.4965714725569483,0.0022140811319381029
F0_D3_raw_Yee_and_flux.mat,#refs#/#fb#,24667,6,1.7898756185560507,0.011110290158642453
F0_D3_raw_Yee_and_flux.mat,#refs#/#fb#,24673,1,2.5063909206340442,0.096720951402726046
F0_D3_raw_Yee_and_flux.mat,#refs#/#fb#,24674,1,3.0599557163088553,0.15191277312391177
F0_D3_raw_Yee_and_flux.mat,#refs#/#fb#,24675,1,1.7426934244238677,0.044445843104224461
F0_D3_raw_Yee_and_flux.mat,#refs#/#fb#,24676,24,1.3320379338623836,7.5653294089084541e-11
F0_D3_raw_Yee_and_flux.mat,#refs#/#fb#,24700,18,1.3319563910980363,7.481455547235704e-11
F0_D3_raw_Yee_and_flux.mat,#refs#/#fb#,24718,1,1.3821272841859595,1.4209890758982253e-10
F0_D3_raw_Yee_and_flux.mat,#refs#/#fb#,24719,422,1.4305164660156671,2.0489145487166323e-10
F0_D3_raw_Yee_and_flux.mat,#refs#/#fb#,25141,1,1.4952918045192987,0.0022679974713696099
F0_D3_raw_Yee_and_flux.mat,#refs#/#fb#,25142,6,1.784341785253956,0.011406377329765066
F0_D3_raw_Yee_and_flux.mat,#refs#/#fb#,25148,1,2.4925188538466592,0.087402192744522697
F0_D3_raw_Yee_and_flux.mat,#refs#/#fb#,25149,1,3.0403053673080707,0.13658297089209639
F0_D3_raw_Yee_and_flux.mat,#refs#/#fb#,25150,1,1.7370013687629613,0.039834219198469904
F0_D3_raw_Yee_and_flux.mat,#refs#/#fb#,25151,24,1.3319563910980363,7.481455547235704e-11
F0_D3_raw_Yee_and_flux.mat,#refs#/#fb#,25175,18,1.3318770579370496,7.3995635075131571e-11
F0_D3_raw_Yee_and_flux.mat,#refs#/#fb#,25193,1,1.3819765027622644,1.4073032327608673e-10
F0_D3_raw_Yee_and_flux.mat,#refs#/#fb#,25194,422,1.4302990034086838,2.0301494984111334e-10
F0_D3_raw_Yee_and_flux.mat,#refs#/#fb#,25616,1,1.4940164618391152,0.0023231779981596713
F0_D3_raw_Yee_and_flux.mat,#refs#/#fb#,25617,6,1.7787952905362192,0.011710330702435708
F0_D3_raw_Yee_and_flux.mat,#refs#/#fb#,25623,1,2.479017173765004,0.079634131785243201
F0_D3_raw_Yee_and_flux.mat,#refs#/#fb#,25624,1,3.0213006118283618,0.12375871384648865
F0_D3_raw_Yee_and_flux.mat,#refs#/#fb#,25625,1,1.7314926294081714,0.035982537535339996
F0_D3_raw_Yee_and_flux.mat,#refs#/#fb#,25626,24,1.3318770579370496,7.3995635075131571e-11
F0_D3_raw_Yee_and_flux.mat,#refs#/#fb#,25650,18,1.331799853382156,7.3195815658977633e-11
F0_D3_raw_Yee_and_flux.mat,#refs#/#fb#,25668,1,1.3818295744228037,1.3938948807571573e-10
F0_D3_raw_Yee_and_flux.mat,#refs#/#fb#,25669,422,1.4300869980917859,2.0117406757109332e-10
F0_D3_raw_Yee_and_flux.mat,#refs#/#fb#,26091,1,1.4927449981750216,0.0023795911686520354
F0_D3_raw_Yee_and_flux.mat,#refs#/#fb#,26092,6,1.7732344879272159,0.012022064859458538
F0_D3_raw_Yee_and_flux.mat,#refs#/#fb#,26098,1,2.4660146155838478,0.07315782764276485
F0_D3_raw_Yee_and_flux.mat,#refs#/#fb#,26099,1,3.0031448223812296,0.11302183631057024
F0_D3_raw_Yee_and_flux.mat,#refs#/#fb#,26100,1,1.7262306654001243,0.032762913572333408
F0_D3_raw_Yee_and_flux.mat,#refs#/#fb#,26101,24,1.331799853382156,7.3195815658977633e-11
F0_D3_raw_Yee_and_flux.mat,#refs#/#fb#,26125,18,1.331724700191069,7.2414414542024172e-11
F0_D3_raw_Yee_and_flux.mat,#refs#/#fb#,26143,1,1.3816863671307194,1.3807553162054042e-10
F0_D3_raw_Yee_and_flux.mat,#refs#/#fb#,26144,422,1.4298802672559698,1.9936777062823398e-10
F0_D3_raw_Yee_and_flux.mat,#refs#/#fb#,26566,1,1.4914769873905831,0.0024372080998332078
F0_D3_raw_Yee_and_flux.mat,#refs#/#fb#,26567,6,1.767657786863754,0.012341508389392427
F0_D3_raw_Yee_and_flux.mat,#refs#/#fb#,26573,1,2.4535754581957923,0.067746068315977709
F0_D3_raw_Yee_and_flux.mat,#refs#/#fb#,26574,1,2.9859387370997843,0.10400552467505493
F0_D3_raw_Yee_and_flux.mat,#refs#/#fb#,26575,1,1.7212470333863357,0.030063310745198277
F0_D3_raw_Yee_and_flux.mat,#refs#/#fb#,26576,24,1.331724700191069,7.2414414542024172e-11
F0_D3_raw_Yee_and_flux.mat,#refs#/#fb#,26600,18,1.3316515246657308,7.1650781541321066e-11
F0_D3_raw_Yee_and_flux.mat,#refs#/#fb#,26618,1,1.3815467545341218,1.3678762049253673e-10
F0_D3_raw_Yee_and_flux.mat,#refs#/#fb#,26619,422,1.4296786357516047,1.9759506231512324e-10
F0_D3_raw_Yee_and_flux.mat,#refs#/#fb#,27041,1,1.490212022393592,0.0024960023701631265
F0_D3_raw_Yee_and_flux.mat,#refs#/#fb#,27042,6,1.7620636487760568,0.012668603069856739
F0_D3_raw_Yee_and_flux.mat,#refs#/#fb#,27048,1,2.4417209610803008,0.063206416791834724
F0_D3_raw_Yee_and_flux.mat,#refs#/#fb#,27049,1,2.9697145467722601,0.096399008725499918
F0_D3_raw_Yee_and_flux.mat,#refs#/#fb#,27050,1,1.7165520715089104,0.027789005234863537
F0_D3_raw_Yee_and_flux.mat,#refs#/#fb#,27051,24,1.3316515246657308,7.1650781541321066e-11
F0_D3_raw_Yee_and_flux.mat,#refs#/#fb#,27075,18,1.3315802564554469,7.0904297060030553e-11
F0_D3_raw_Yee_and_flux.mat,#refs#/#fb#,27093,1,1.3814106156710431,1.3552495625391214e-10
F0_D3_raw_Yee_and_flux.mat,#refs#/#fb#,27094,422,1.4294819357033171,1.9585498466525087e-10
F0_D3_raw_Yee_and_flux.mat,#refs#/#fb#,27516,1,1.4889497140533405,0.0025559498374939831
F0_D3_raw_Yee_and_flux.mat,#refs#/#fb#,27517,6,1.7564505834214019,0.01300330312870346
F0_D3_raw_Yee_and_flux.mat,#refs#/#fb#,27523,1,2.4304450695956161,0.059379447807791752
F0_D3_raw_Yee_and_flux.mat,#refs#/#fb#,27524,1,2.9544608958318861,0.089944670437870147
F0_D3_raw_Yee_and_flux.mat,#refs#/#fb#,27525,1,1.7121427018787152,0.025861661952740367
F0_D3_raw_Yee_and_flux.mat,#refs#/#fb#,27526,24,1.3315802564554469,7.0904297060030553e-11
F0_D3_raw_Yee_and_flux.mat,#refs#/#fb#,27550,18,1.3315108283728561,7.0174370307743659e-11
F0_D3_raw_Yee_and_flux.mat,#refs#/#fb#,27568,1,1.3812778346923198,1.342867736030186e-10
F0_D3_raw_Yee_and_flux.mat,#refs#/#fb#,27569,422,1.4292900061474558,1.9414661655605025e-10
F0_D3_raw_Yee_and_flux.mat,#refs#/#fb#,27991,1,1.4876896901898362,0.0026170284724437881
F0_D3_raw_Yee_and_flux.mat,#refs#/#fb#,27992,6,1.7508171454494992,0.013345574576166782
F0_D3_raw_Yee_and_flux.mat,#refs#/#fb#,27998,1,2.419725372046996,0.056134876233363093
F0_D3_raw_Yee_and_flux.mat,#refs#/#fb#,27999,1,2.9401403511254509,0.084431821893544215
F0_D3_raw_Yee_and_flux.mat,#refs#/#fb#,28000,1,1.7080078550148727,0.024217375073798314
F0_D3_raw_Yee_and_flux.mat,#refs#/#fb#,28001,24,1.3315108283728561,7.0174370307743659e-11
F0_D3_raw_Yee_and_flux.mat,#refs#/#fb#,28025,18,1.3314431762217758,6.946043764328249e-11
F0_D3_raw_Yee_and_flux.mat,#refs#/#fb#,28043,1,1.3811483006011618,1.3307233864676544e-10
F0_D3_raw_Yee_and_flux.mat,#refs#/#fb#,28044,422,1.4291026926906218,1.9246907193197741e-10
F0_D3_raw_Yee_and_flux.mat,#refs#/#fb#,28466,1,1.4864315946294384,0.0026792182057644885
F0_D3_raw_Yee_and_flux.mat,#refs#/#fb#,28467,6,1.7451619311805318,0.013695394601847355
F0_D3_raw_Yee_and_flux.mat,#refs#/#fb#,28473,1,2.4095304670202138,0.053367087273588562
F0_D3_raw_Yee_and_flux.mat,#refs#/#fb#,28474,1,2.9267011671649685,0.079689536327900892
F0_D3_raw_Yee_and_flux.mat,#refs#/#fb#,28475,1,1.7041321031823853,0.02280442526639621
F0_D3_raw_Yee_and_flux.mat,#refs#/#fb#,28476,24,1.3314431762217758,6.946043764328249e-11
F0_D3_raw_Yee_and_flux.mat,#refs#/#fb#,28500,18,1.331377238636047,6.8761961030304154e-11
F0_D3_raw_Yee_and_flux.mat,#refs#/#fb#,28518,1,1.3810219070082517,1.3188094728098441e-10
F0_D3_raw_Yee_and_flux.mat,#refs#/#fb#,28519,422,1.4289198471878697,1.9082149813018129e-10
F0_D3_raw_Yee_and_flux.mat,#refs#/#fb#,28941,1,1.4851750863218824,0.0027425007884174187
F0_D3_raw_Yee_and_flux.mat,#refs#/#fb#,28942,6,1.7394835755784483,0.014052751031151558
F0_D3_raw_Yee_and_flux.mat,#refs#/#fb#,28948,1,2.3998247615347745,0.050990829822455334
F0_D3_raw_Yee_and_flux.mat,#refs#/#fb#,28949,1,2.9140849613411688,0.075579738514907666
F0_D3_raw_Yee_and_flux.mat,#refs#/#fb#,28950,1,1.7004980166592201,0.021581129640333922
F0_D3_raw_Yee_and_flux.mat,#refs#/#fb#,28951,24,1.331377238636047,6.8761961030304154e-11
F0_D3_raw_Yee_and_flux.mat,#refs#/#fb#,28975,18,1.3313129569285669,6.8078426596885098e-11
F0_D3_raw_Yee_and_flux.mat,#refs#/#fb#,28993,1,1.3808985519013162,1.307119236709176e-10
F0_D3_raw_Yee_and_flux.mat,#refs#/#fb#,28994,422,1.4287413274392866,1.8920307430190175e-10
F0_D3_raw_Yee_and_flux.mat,#refs#/#fb#,29416,1,1.483919838514087,0.002806859663164045
F0_D3_raw_Yee_and_flux.mat,#refs#/#fb#,29417,6,1.7337807494035582,0.014417641836190398
F0_D3_raw_Yee_and_flux.mat,#refs#/#fb#,29423,1,2.3905714961197728,0.048937401687397471
F0_D3_raw_Yee_and_flux.mat,#refs#/#fb#,29424,1,2.9022315604870323,0.071991077981638771
F0_D3_raw_Yee_and_flux.mat,#refs#/#fb#,29425,1,1.6970876420231424,0.02051394443881328
F0_D3_raw_Yee_and_flux.mat,#refs#/#fb#,29426,24,1.3313129569285669,6.8078426596885098e-11
F0_D3_raw_Yee_and_flux.mat,#refs#/#fb#,29450,18,1.331250274949775,6.7409343291039794e-11
F0_D3_raw_Yee_and_flux.mat,#refs#/#fb#,29468,1,1.3807781374281856,1.2956461882463634e-10
F0_D3_raw_Yee_and_flux.mat,#refs#/#fb#,29469,422,1.4285669969037471,1.8761300992323958e-10
F0_D3_raw_Yee_and_flux.mat,#refs#/#fb#,29891,1,1.4826655379765237,0.0028722798466470733
F0_D3_raw_Yee_and_flux.mat,#refs#/#fb#,29892,6,1.7280521565298486,0.014790074696906625
F0_D3_raw_Yee_and_flux.mat,#refs#/#fb#,29898,1,2.3817345782737616,0.047151423673865815
F0_D3_raw_Yee_and_flux.mat,#refs#/#fb#,29899,1,2.891081942309909,0.068833741362911954
F0_D3_raw_Yee_and_flux.mat,#refs#/#fb#,29900,1,1.693883392707197,0.019575865633525327
F0_D3_raw_Yee_and_flux.mat,#refs#/#fb#,29901,24,1.331250274949775,6.7409343291039794e-11
F0_D3_raw_Yee_and_flux.mat,#refs#/#fb#,29925,18,1.3311891389549122,6.6754241624829333e-11
F0_D3_raw_Yee_and_flux.mat,#refs#/#fb#,29943,1,1.3806605696924408,1.2843840925279278e-10
F0_D3_raw_Yee_and_flux.mat,#refs#/#fb#,29944,422,1.4283967244287403,1.8605054338943431e-10
F0_D3_raw_Yee_and_flux.mat,#refs#/#fb#,30366,1,1.4814118842783019,0.0029387478209907882
F0_D3_raw_Yee_and_flux.mat,#refs#/#fb#,30367,6,1.7222965314136254,0.015170066608397778
F0_D3_raw_Yee_and_flux.mat,#refs#/#fb#,30373,1,2.3732796322610055,0.045588185907503347
F0_D3_raw_Yee_and_flux.mat,#refs#/#fb#,30374,1,2.8805799212299767,0.066035179264636937
F0_D3_raw_Yee_and_flux.mat,#refs#/#fb#,30375,1,1.6908685546406101,0.018745116828872962
F0_D3_raw_Yee_and_flux.mat,#refs#/#fb#,30376,24,1.3311891389549122,6.6754241624829333e-11
F0_D3_raw_Yee_and_flux.mat,#refs#/#fb#,30400,18,1.3311294974794272,6.6112672500348508e-11
F0_D3_raw_Yee_and_flux.mat,#refs#/#fb#,30418,1,1.3805457585608079,1.2733269570863178e-10
F0_D3_raw_Yee_and_flux.mat,#refs#/#fb#,30419,422,1.4282303839952308,1.8451494068720935e-10
F0_D3_raw_Yee_and_flux.mat,#refs#/#fb#,30841,1,1.4801585891074061,0.0030062514340899664
F0_D3_raw_Yee_and_flux.mat,#refs#/#fb#,30842,6,1.7165126367011847,0.015557643531055638
F0_D3_raw_Yee_and_flux.mat,#refs#/#fb#,30848,1,2.3651745439411442,0.0442115014916621
F0_D3_raw_Yee_and_flux.mat,#refs#/#fb#,30849,1,2.8706730234533655,0.063536645508032882
F0_D3_raw_Yee_and_flux.mat,#refs#/#fb#,30850,1,1.68802754498656,0.018004090604374558
F0_D3_raw_Yee_and_flux.mat,#refs#/#fb#,30851,24,1.3311294974794272,6.6112672500348508e-11
F0_D3_raw_Yee_and_flux.mat,#refs#/#fb#,30875,18,1.3310713012219602,6.5484206111452068e-11
F0_D3_raw_Yee_and_flux.mat,#refs#/#fb#,30893,1,1.3804336174815286,1.2624690200268096e-10
F0_D3_raw_Yee_and_flux.mat,#refs#/#fb#,30894,422,1.4280678544766081,1.8300549414015817e-10
F0_D3_raw_Yee_and_flux.mat,#refs#/#fb#,31316,1,1.4789053756328654,0.0030747798078117074
F0_D3_raw_Yee_and_flux.mat,#refs#/#fb#,31317,6,1.7106992609642091,0.015952840080368937
F0_D3_raw_Yee_and_flux.mat,#refs#/#fb#,31323,1,2.3573896874341025,0.042991988299253464
F0_D3_raw_Yee_and_flux.mat,#refs#/#fb#,31324,1,2.8613128501538863,0.061290423202519866
F0_D3_raw_Yee_and_flux.mat,#refs#/#fb#,31325,1,1.6853460161183635,0.017338502900471949
F0_D3_raw_Yee_and_flux.mat,#refs#/#fb#,31326,24,1.3310713012219602,6.5484206111452068e-11
F0_D3_raw_Yee_and_flux.mat,#refs#/#fb#,31350,18,1.3310145029343707,6.4868430915599993e-11
F0_D3_raw_Yee_and_flux.mat,#refs#/#fb#,31368,1,1.380324063312987,1.2518047388697397e-10
F0_D3_raw_Yee_and_flux.mat,#refs#/#fb#,31369,422,1.4279090194108277,1.8152152122250231e-10
F0_D3_raw_Yee_and_flux.mat,#refs#/#fb#,31791,1,1.477651977905843,0.0031443232534153699
F0_D3_raw_Yee_and_flux.mat,#refs#/#fb#,31792,6,1.7048552165524564,0.016355699253602592
F0_D3_raw_Yee_and_flux.mat,#refs#/#fb#,31798,1,2.3498979569627019,0.041905701717333793
F0_D3_raw_Yee_and_flux.mat,#refs#/#fb#,31799,1,2.8524551265711642,0.059257614804115302
F0_D3_raw_Yee_and_flux.mat,#refs#/#fb#,31800,1,1.6828108654294223,0.016736721480533078
F0_D3_raw_Yee_and_flux.mat,#refs#/#fb#,31801,24,1.3310145029343707,6.4868430915599993e-11
F0_D3_raw_Yee_and_flux.mat,#refs#/#fb#,31825,18,1.3309590573183279,6.4264952670670436e-11
F0_D3_raw_Yee_and_flux.mat,#refs#/#fb#,31843,1,1.3802170161619347,1.241328780040662e-10
F0_D3_raw_Yee_and_flux.mat,#refs#/#fb#,31844,422,1.4277537667849267,1.8006236343689563e-10
F0_D3_raw_Yee_and_flux.mat,#refs#/#fb#,32266,1,1.476398140296922,0.0032148731935706617
F0_D3_raw_Yee_and_flux.mat,#refs#/#fb#,32267,6,1.6989793375541276,0.016766272190912052
F0_D3_raw_Yee_and_flux.mat,#refs#/#fb#,32273,1,2.3426746842291131,0.040933050008388559
F0_D3_raw_Yee_and_flux.mat,#refs#/#fb#,32274,1,2.8440595661929984,0.057406387072200381
F0_D3_raw_Yee_and_flux.mat,#refs#/#fb#,32275,1,1.6804101902872284,0.016189234185398554
F0_D3_raw_Yee_and_flux.mat,#refs#/#fb#,32276,24,1.3309590573183279,6.4264952670670436e-11
F0_D3_raw_Yee_and_flux.mat,#refs#/#fb#,32300,18,1.3309049209280088,6.3673393532017043e-11
F0_D3_raw_Yee_and_flux.mat,#refs#/#fb#,32318,1,1.3801123992306894,1.2310360089647082e-10
F0_D3_raw_Yee_and_flux.mat,#refs#/#fb#,32319,422,1.4276019888311413,1.7862738525226216e-10
F0_D3_raw_Yee_and_flux.mat,#refs#/#fb#,32741,1,1.4751436169670478,0.0032864220904076061
F0_D3_raw_Yee_and_flux.mat,#refs#/#fb#,32742,6,1.6930704778550256,0.017184617968694811
F0_D3_raw_Yee_and_flux.mat,#refs#/#fb#,32748,1,2.3356974929558123,0.040057934787197949
F0_D3_raw_Yee_and_flux.mat,#refs#/#fb#,32749,1,2.8360896332051704,0.055710578908981262
F0_D3_raw_Yee_and_flux.mat,#refs#/#fb#,32750,1,1.6781332132726328,0.015688228265748047
F0_D3_raw_Yee_and_flux.mat,#refs#/#fb#,32751,24,1.3309049209280088,6.3673393532017043e-11
F0_D3_raw_Yee_and_flux.mat,#refs#/#fb#,32775,18,1.3308520520784972,6.309339120543219e-11
F0_D3_raw_Yee_and_flux.mat,#refs#/#fb#,32793,1,1.3800101386727497,1.220921480724751e-10
F0_D3_raw_Yee_and_flux.mat,#refs#/#fb#,32794,422,1.427453581833918,1.7721597309793245e-10
F0_D3_raw_Yee_and_flux.mat,#refs#/#fb#,33216,1,1.4738881713698111,0.0033589633790845519
F0_D3_raw_Yee_and_flux.mat,#refs#/#fb#,33217,6,1.6871275092882638,0.017610803423224596
F0_D3_raw_Yee_and_flux.mat,#refs#/#fb#,33223,1,2.3289461232239064,0.039267069651022821
F0_D3_raw_Yee_and_flux.mat,#refs#/#fb#,33224,1,2.8285122559054381,0.054148596771205912
F0_D3_raw_Yee_and_flux.mat,#refs#/#fb#,33225,1,1.6759701935109319,0.015227257426718901
F0_D3_raw_Yee_and_flux.mat,#refs#/#fb#,33226,24,1.3308520520784972,6.309339120543219e-11
F0_D3_raw_Yee_and_flux.mat,#refs#/#fb#,33250,18,1.3308004107594924,6.2524598152031427e-11
F0_D3_raw_Yee_and_flux.mat,#refs#/#fb#,33268,1,1.3799101634562789,1.2109804312460614e-10
F0_D3_raw_Yee_and_flux.mat,#refs#/#fb#,33269,422,1.4273084459471497,1.7582753441061516e-10
F0_D3_raw_Yee_and_flux.mat,#refs#/#fb#,33691,1,1.4726315757829196,0.0034324914064064759
F0_D3_raw_Yee_and_flux.mat,#refs#/#fb#,33692,6,1.6811493198668921,0.018044903002830893
F0_D3_raw_Yee_and_flux.mat,#refs#/#fb#,33698,1,2.3224022457887368,0.038549439302816207
F0_D3_raw_Yee_and_flux.mat,#refs#/#fb#,33699,1,2.8212975237468991,0.052702537146883638
F0_D3_raw_Yee_and_flux.mat,#refs#/#fb#,33700,1,1.673912333806765,0.014800977905162074
F0_D3_raw_Yee_and_flux.mat,#refs#/#fb#,33701,24,1.3308004107594924,6.2524598152031427e-11
F0_D3_raw_Yee_and_flux.mat,#refs#/#fb#,33725,18,1.3307499585539815,6.1966680841394655e-11
F0_D3_raw_Yee_and_flux.mat,#refs#/#fb#,33743,1,1.3798124052349841,1.2012082689729709e-10
F0_D3_raw_Yee_and_flux.mat,#refs#/#fb#,33744,422,1.4271664850210231,1.7446149673097922e-10
F0_D3_raw_Yee_and_flux.mat,#refs#/#fb#,34166,1,1.4713736108668813,0.0035070013740821845
F0_D3_raw_Yee_and_flux.mat,#refs#/#fb#,34167,6,1.6751348120923371,0.018486998647163883
F0_D3_raw_Yee_and_flux.mat,#refs#/#fb#,34173,1,2.3160492784611773,0.037895869306495612
F0_D3_raw_Yee_and_flux.mat,#refs#/#fb#,34174,1,2.8144183876295541,0.051357488039301194
F0_D3_raw_Yee_and_flux.mat,#refs#/#fb#,34175,1,1.6719516893514592,0.014404938808030371
F0_D3_raw_Yee_and_flux.mat,#refs#/#fb#,34176,24,1.3307499585539815,6.1966680841394655e-11
F0_D3_raw_Yee_and_flux.mat,#refs#/#fb#,34200,18,1.330700658561544,6.141931904958973e-11
F0_D3_raw_Yee_and_flux.mat,#refs#/#fb#,34218,1,1.3797167982259164,1.1916005670055664e-10
F0_D3_raw_Yee_and_flux.mat,#refs#/#fb#,34219,422,1.4270276064378948,1.7311730684684202e-10
F0_D3_raw_Yee_and_flux.mat,#refs#/#fb#,34641,1,1.4701140652490796,0.0035824892862310084
F0_D3_raw_Yee_and_flux.mat,#refs#/#fb#,34642,6,1.669082901332045,0.018937179692187653
F0_D3_raw_Yee_and_flux.mat,#refs#/#fb#,34648,1,2.3098722114377224,0.037298682958884846
F0_D3_raw_Yee_and_flux.mat,#refs#/#fb#,34649,1,2.8078503746462364,0.050100971555095603
F0_D3_raw_Yee_and_flux.mat,#refs#/#fb#,34650,1,1.6700810812463704,0.014035415106963461
F0_D3_raw_Yee_and_flux.mat,#refs#/#fb#,34651,24,1.330700658561544,6.141931904958973e-11
F0_D3_raw_Yee_and_flux.mat,#refs#/#fb#,34675,18,1.330652475325987,6.0882205198971537e-11
F0_D3_raw_Yee_and_flux.mat,#refs#/#fb#,34693,1,1.3796232790937795,1.1821530556668764e-10
F0_D3_raw_Yee_and_flux.mat,#refs#/#fb#,34694,422,1.4268917209566647,1.7179442998017446e-10
F0_D3_raw_Yee_and_flux.mat,#refs#/#fb#,35116,1,1.4688527351315364,0.0036589519007894544
F0_D3_raw_Yee_and_flux.mat,#refs#/#fb#,35117,6,1.6629925142601483,0.019395542799746968
F0_D3_raw_Yee_and_flux.mat,#refs#/#fb#,35123,1,2.3038574451559688,0.036751426831149576
F0_D3_raw_Yee_and_flux.mat,#refs#/#fb#,35124,1,2.8015713231322401,0.048922497820924588
F0_D3_raw_Yee_and_flux.mat,#refs#/#fb#,35125,1,1.6682940164903042,0.013689274204683096
F0_D3_raw_Yee_and_flux.mat,#refs#/#fb#,35126,24,1.330652475325987,6.0882205198971537e-11
F0_D3_raw_Yee_and_flux.mat,#refs#/#fb#,35150,18,1.3306053747670306,6.0355043736892195e-11
F0_D3_raw_Yee_and_flux.mat,#refs#/#fb#,35168,1,1.3795317868413386,1.172861615473104e-10
F0_D3_raw_Yee_and_flux.mat,#refs#/#fb#,35169,422,1.4267587425651402,1.7049234901531311e-10
F0_D3_raw_Yee_and_flux.mat,#refs#/#fb#,35591,1,1.4675894239208205,0.0037363866845147812
F0_D3_raw_Yee_and_flux.mat,#refs#/#fb#,35592,6,1.6568625873553819,0.019862191910795239
F0_D3_raw_Yee_and_flux.mat,#refs#/#fb#,35598,1,2.297992642188019,0.036248650534072231
F0_D3_raw_Yee_and_flux.mat,#refs#/#fb#,35599,1,2.7955611405152663,0.047813206882534584
F0_D3_raw_Yee_and_flux.mat,#refs#/#fb#,35600,1,1.6665846150894963,0.013363868973101576
F0_D3_raw_Yee_and_flux.mat,#refs#/#fb#,35601,24,1.3306053747670306,6.0355043736892195e-11
F0_D3_raw_Yee_and_flux.mat,#refs#/#fb#,35625,18,1.3305593241157823,5.9837550550678592e-11
F0_D3_raw_Yee_and_flux.mat,#refs#/#fb#,35643,1,1.379442262705574,1.1637222704814921e-10
F0_D3_raw_Yee_and_flux.mat,#refs#/#fb#,35644,422,1.4266285883399257,1.692105637659543e-10
F0_D3_raw_Yee_and_flux.mat,#refs#/#fb#,36066,1,1.4663239418786393,0.0038147917712784978
F0_D3_raw_Yee_and_flux.mat,#refs#/#fb#,36067,6,1.6506920654508317,0.020337238221352763
F0_D3_raw_Yee_and_flux.mat,#refs#/#fb#,36073,1,2.2922665934281858,0.035785729398435315
F0_D3_raw_Yee_and_flux.mat,#refs#/#fb#,36074,1,2.7898015844159882,0.046765580288780119
F0_D3_raw_Yee_and_flux.mat,#refs#/#fb#,36075,1,1.6649475443514197,0.013056951714701477
F0_D3_raw_Yee_and_flux.mat,#refs#/#fb#,36076,24,1.3305593241157823,5.9837550550678592e-11
F0_D3_raw_Yee_and_flux.mat,#refs#/#fb#,36100,18,1.3305142918537638,5.9329452416437214e-11
F0_D3_raw_Yee_and_flux.mat,#refs#/#fb#,36118,1,1.3793546500592218,1.154731181992203e-10
F0_D3_raw_Yee_and_flux.mat,#refs#/#fb#,36119,422,1.4265011783133956,1.6794859027866288e-10
F0_D3_raw_Yee_and_flux.mat,#refs#/#fb#,36541,1,1.4650561057917868,0.0038941659234047223
F0_D3_raw_Yee_and_flux.mat,#refs#/#fb#,36542,6,1.6444799003304102,0.020820800180598779
F0_D3_raw_Yee_and_flux.mat,#refs#/#fb#,36548,1,2.2866690980967497,0.035358721211056841
F0_D3_raw_Yee_and_flux.mat,#refs#/#fb#,36549,1,2.7842760662483714,0.045773208010967875
F0_D3_raw_Yee_and_flux.mat,#refs#/#fb#,36550,1,1.6633779600785539,0.012766604707472696
F0_D3_raw_Yee_and_flux.mat,#refs#/#fb#,36551,24,1.3305142918537638,5.9329452416437214e-11
F0_D3_raw_Yee_and_flux.mat,#refs#/#fb#,36575,18,1.3304702476552577,5.8830486479430666e-11
F0_D3_raw_Yee_and_flux.mat,#refs#/#fb#,36593,1,1.379268894317391,1.1458846425822943e-10
F0_D3_raw_Yee_and_flux.mat,#refs#/#fb#,36594,422,1.4263764353473483,1.6670596017078072e-10
F0_D3_raw_Yee_and_flux.mat,#refs#/#fb#,37016,1,1.4637857386601998,0.003974508495803341
F0_D3_raw_Yee_and_flux.mat,#refs#/#fb#,37017,6,1.638225049367263,0.021313003510485887
F0_D3_raw_Yee_and_flux.mat,#refs#/#fb#,37023,1,2.2811908566800594,0.03496425005533018
F0_D3_raw_Yee_and_flux.mat,#refs#/#fb#,37024,1,2.7789694759090882,0.044830599428179803
F0_D3_raw_Yee_and_flux.mat,#refs#/#fb#,37025,1,1.6618714541933315,0.012491183933591919
F0_D3_raw_Yee_and_flux.mat,#refs#/#fb#,37026,24,1.3304702476552577,5.8830486479430666e-11
F0_D3_raw_Yee_and_flux.mat,#refs#/#fb#,37050,18,1.330427162332775,5.8340399763940942e-11
F0_D3_raw_Yee_and_flux.mat,#refs#/#fb#,37068,1,1.3791849428489531,1.1371790704513991e-10
F0_D3_raw_Yee_and_flux.mat,#refs#/#fb#,37069,422,1.4262542850129529,1.6548222000075733e-10
F0_D3_raw_Yee_and_flux.mat,#refs#/#fb#,37491,1,1.462512669401977,0.0040558194026882538
F0_D3_raw_Yee_and_flux.mat,#refs#/#fb#,37492,6,1.6319264741995436,0.021813981246496143
F0_D3_raw_Yee_and_flux.mat,#refs#/#fb#,37498,1,2.2758233757356363,0.03459941179128706
F0_D3_raw_Yee_and_flux.mat,#refs#/#fb#,37499,1,2.773868025827428,0.043933029510989943
F0_D3_raw_Yee_and_flux.mat,#refs#/#fb#,37500,1,1.6604240082408408,0.012229273322618082
F0_D3_raw_Yee_and_flux.mat,#refs#/#fb#,37501,24,1.330427162332775,5.8340399763940942e-11
F0_D3_raw_Yee_and_flux.mat,#refs#/#fb#,37525,18,1.330385007785446,5.7858948710688413e-11
F0_D3_raw_Yee_and_flux.mat,#refs#/#fb#,37543,1,1.3791027448924249,1.128611004060157e-10
F0_D3_raw_Yee_and_flux.mat,#refs#/#fb#,37544,422,1.4261346554766328,1.6427693066905832e-10
F0_D3_raw_Yee_and_flux.mat,#refs#/#fb#,37966,1,1.4612367325742877,0.0041380990866707957
F0_D3_raw_Yee_and_flux.mat,#refs#/#fb#,37967,6,1.6255831394392577,0.022323873799176899
F0_D3_raw_Yee_and_flux.mat,#refs#/#fb#,37973,1,2.2705588834287744,0.034261696868066231
F0_D3_raw_Yee_and_flux.mat,#refs#/#fb#,37974,1,2.7689591125407014,0.043076413209425443
F0_D3_raw_Yee_and_flux.mat,#refs#/#fb#,37975,1,1.6590319521925372,0.011979647408241017
F0_D3_raw_Yee_and_flux.mat,#refs#/#fb#,37976,24,1.330385007785446,5.7858948710688413e-11
F0_D3_raw_Yee_and_flux.mat,#refs#/#fb#,38000,18,1.3303437569501535,5.7385898740020597e-11
F0_D3_raw_Yee_and_flux.mat,#refs#/#fb#,38018,1,1.3790222514760886,1.1201770970437523e-10
F0_D3_raw_Yee_and_flux.mat,#refs#/#fb#,38019,422,1.4260174773915519,1.6308966684792158e-10
F0_D3_raw_Yee_and_flux.mat,#refs#/#fb#,38441,1,1.4599577681091807,0.0042213484900592161
F0_D3_raw_Yee_and_flux.mat,#refs#/#fb#,38442,6,1.6191940114100472,0.022842829036338604
F0_D3_raw_Yee_and_flux.mat,#refs#/#fb#,38448,1,2.2653902546822118,0.033948927065032095
F0_D3_raw_Yee_and_flux.mat,#refs#/#fb#,38449,1,2.7642311939805335,0.042257202514067692
F0_D3_raw_Yee_and_flux.mat,#refs#/#fb#,38450,1,1.6576919279871098,0.011741240740248109
F0_D3_raw_Yee_and_flux.mat,#refs#/#fb#,38451,24,1.3303437569501535,5.7385898740020597e-11
F0_D3_raw_Yee_and_flux.mat,#refs#/#fb#,38475,18,1.3303033837552438,5.6921023839212806e-11
F0_D3_raw_Yee_and_flux.mat,#refs#/#fb#,38493,1,1.3789434153420954,1.1118741133841059e-10
F0_D3_raw_Yee_and_flux.mat,#refs#/#fb#,38494,422,1.4259026837943873,1.619200164383454e-10
F0_D3_raw_Yee_and_flux.mat,#refs#/#fb#,38916,1,1.4586756210633713,0.0043055690281782353
F0_D3_raw_Yee_and_flux.mat,#refs#/#fb#,38917,6,1.6127580569100002,0.023371002385735244
F0_D3_raw_Yee_and_flux.mat,#refs#/#fb#,38923,1,2.2603109448793783,0.033659203463725022
F0_D3_raw_Yee_and_flux.mat,#refs#/#fb#,38924,1,2.7596736807480875,0.041472301803736983
F0_D3_raw_Yee_and_flux.mat,#refs#/#fb#,38925,1,1.6564008572777231,0.011513122738813586
F0_D3_raw_Yee_and_flux.mat,#refs#/#fb#,38926,24,1.3303033837552438,5.6921023839212806e-11
F0_D3_raw_Yee_and_flux.mat,#refs#/#fb#,38950,18,1.3302638630766586,5.64641061723453e-11
F0_D3_raw_Yee_and_flux.mat,#refs#/#fb#,38968,1,1.3788661908743354,1.1036989228254231e-10
F0_D3_raw_Yee_and_flux.mat,#refs#/#fb#,38969,422,1.4257902100070974,1.6076758005279636e-10
F0_D3_raw_Yee_and_flux.mat,#refs#/#fb#,39391,1,1.4573901413811445,0.0043907625645833509
F0_D3_raw_Yee_and_flux.mat,#refs#/#fb#,39392,6,1.6062742419957108,0.023908556958409925
F0_D3_raw_Yee_and_flux.mat,#refs#/#fb#,39398,1,2.255314931143118,0.033390863505936078
F0_D3_raw_Yee_and_flux.mat,#refs#/#fb#,39399,1,2.7552768397863896,0.040718997990515288
F0_D3_raw_Yee_and_flux.mat,#refs#/#fb#,39400,1,1.6551559128979092,0.01129447694843881
F0_D3_raw_Yee_and_flux.mat,#refs#/#fb#,39401,24,1.3302638630766586,5.64641061723453e-11
F0_D3_raw_Yee_and_flux.mat,#refs#/#fb#,39425,18,1.3302251706963424,5.6014935711331423e-11
F0_D3_raw_Yee_and_flux.mat,#refs#/#fb#,39443,1,1.3787905340298534,1.0956484965187996e-10
F0_D3_raw_Yee_and_flux.mat,#refs#/#fb#,39444,422,1.4256799935434077,1.5963197052221769e-10
F0_D3_raw_Yee_and_flux.mat,#refs#/#fb#,39866,1,1.4561011836695827,0.0044769313879978942
F0_D3_raw_Yee_and_flux.mat,#refs#/#fb#,39867,6,1.5997415307839593,0.024455663692676238
F0_D3_raw_Yee_and_flux.mat,#refs#/#fb#,39873,1,2.2503966603024419,0.033142445427378868
F0_D3_raw_Yee_and_flux.mat,#refs#/#fb#,39874,1,2.7510317090037573,0.039994902678085392
F0_D3_raw_Yee_and_flux.mat,#refs#/#fb#,39875,1,1.6539544936052104,0.01108458386081553
F0_D3_raw_Yee_and_flux.mat,#refs#/#fb#,39876,24,1.3302251706963424,5.6014935711331423e-11
F0_D3_raw_Yee_and_flux.mat,#refs#/#fb#,39900,18,1.3301872832627892,5.5573309886771834e-11
F0_D3_raw_Yee_and_flux.mat,#refs#/#fb#,39918,1,1.3787164022736138,1.0877199028825492e-10
F0_D3_raw_Yee_and_flux.mat,#refs#/#fb#,39919,422,1.4255719740197548,1.5851281242600934e-10
F0_D3_raw_Yee_and_flux.mat,#refs#/#fb#,40341,1,1.4548086069853661,0.0045640781908736243
F0_D3_raw_Yee_and_flux.mat,#refs#/#fb#,40342,6,1.5931588842674997,0.025012501519144744
F0_D3_raw_Yee_and_flux.mat,#refs#/#fb#,40348,1,2.2455510027516956,0.032912658698545552
F0_D3_raw_Yee_and_flux.mat,#refs#/#fb#,40349,1,2.7469300215506443,0.039297904105100166
F0_D3_raw_Yee_and_flux.mat,#refs#/#fb#,40350,1,1.6527942017084747,0.010882806642586911
F0_D3_raw_Yee_and_flux.mat,#refs#/#fb#,40351,24,1.3301872832627892,5.5573309886771834e-11
F0_D3_raw_Yee_and_flux.mat,#refs#/#fb#,40375,18,1.3301501782536056,5.5139033257405715e-11
F0_D3_raw_Yee_and_flux.mat,#refs#/#fb#,40393,1,1.3786437545164261,1.0799103036658183e-10
F0_D3_raw_Yee_and_flux.mat,#refs#/#fb#,40394,422,1.4254660930704495,1.5740974164373462e-10
F0_D3_raw_Yee_and_flux.mat,#refs#/#fb#,40816,1,1.4535122746324591,0.0046522060494343454
F0_D3_raw_Yee_and_flux.mat,#refs#/#fb#,40817,6,1.5865252591415488,0.025579257547031924
F0_D3_raw_Yee_and_flux.mat,#refs#/#fb#,40823,1,2.2407732114948034,0.032700359374325479
F0_D3_raw_Yee_and_flux.mat,#refs#/#fb#,40824,1,2.7429641385951591,0.038626127084470809
F0_D3_raw_Yee_and_flux.mat,#refs#/#fb#,40825,1,1.6516728232292883,0.01068857923549133
F0_D3_raw_Yee_and_flux.mat,#refs#/#fb#,40826,24,1.3301501782536056,5.5139033257405715e-11
F0_D3_raw_Yee_and_flux.mat,#refs#/#fb#,40850,18,1.330113833939967,5.471191719701389e-11
F0_D3_raw_Yee_and_flux.mat,#refs#/#fb#,40868,1,1.3785725510558569,1.0722169502038459e-10
F0_D3_raw_Yee_and_flux.mat,#refs#/#fb#,40869,422,1.4253622942668269,1.5632240492738315e-10
F0_D3_raw_Yee_and_flux.mat,#refs#/#fb#,41291,1,1.4522120539700361,0.0047413184051079893
F0_D3_raw_Yee_and_flux.mat,#refs#/#fb#,41292,6,1.5798396066376401,0.026156127272295292
F0_D3_raw_Yee_and_flux.mat,#refs#/#fb#,41298,1,2.2360588857494803,0.032504529467986966
F0_D3_raw_Yee_and_flux.mat,#refs#/#fb#,41299,1,2.7391269895759516,0.037977899497550607
F0_D3_raw_Yee_and_flux.mat,#refs#/#fb#,41300,1,1.6505883102893475,0.010501396400440162
F0_D3_raw_Yee_and_flux.mat,#refs#/#fb#,41301,24,1.330113833939967,5.471191719701389e-11
F0_D3_raw_Yee_and_flux.mat,#refs#/#fb#,41325,18,1.3300782293528619,5.42917795977101e-11
F0_D3_raw_Yee_and_flux.mat,#refs#/#fb#,41343,1,1.3785027535199632,1.0646371798539941e-10
F0_D3_raw_Yee_and_flux.mat,#refs#/#fb#,41344,422,1.4252605230401729,1.5525045949309146e-10
F0_D3_raw_Yee_and_flux.mat,#refs#/#fb#,41766,1,1.4509078162300344,0.0048314190472451305
F0_D3_raw_Yee_and_flux.mat,#refs#/#fb#,41767,6,1.5731008713615824,0.026743314808162891
F0_D3_raw_Yee_and_flux.mat,#refs#/#fb#,41773,1,2.2314039385612738,0.032324259635083237
F0_D3_raw_Yee_and_flux.mat,#refs#/#fb#,41774,1,2.7354120190329607,0.03735172417890005
F0_D3_raw_Yee_and_flux.mat,#refs#/#fb#,41775,1,1.6495387654530147,0.010320805359685412
F0_D3_raw_Yee_and_flux.mat,#refs#/#fb#,41776,24,1.3300782293528619,5.42917795977101e-11
F0_D3_raw_Yee_and_flux.mat,#refs#/#fb#,41800,18,1.3300433442510182,5.3878444588629071e-11
F0_D3_raw_Yee_and_flux.mat,#refs#/#fb#,41818,1,1.3784343248136945,1.0571684126023992e-10
F0_D3_raw_Yee_and_flux.mat,#refs#/#fb#,41819,422,1.4251607266082222,1.5419357263129445e-10
F0_D3_raw_Yee_and_flux.mat,#refs#/#fb#,42241,1,1.449599436343789,0.0049225120970216472
F0_D3_raw_Yee_and_flux.mat,#refs#/#fb#,42242,6,1.5663079901323114,0.027341033138693436
F0_D3_raw_Yee_and_flux.mat,#refs#/#fb#,42248,1,2.2268045679446677,0.03215873458831759
F0_D3_raw_Yee_and_flux.mat,#refs#/#fb#,42249,1,2.73181313922619,0.036746255247966812
F0_D3_raw_Yee_and_flux.mat,#refs#/#fb#,42250,1,1.6485224277878678,0.010146398757012181
F0_D3_raw_Yee_and_flux.mat,#refs#/#fb#,42251,24,1.3300433442510182,5.3878444588629071e-11
F0_D3_raw_Yee_and_flux.mat,#refs#/#fb#,42275,18,1.3300091590904171,5.3471742269087735e-11
F0_D3_raw_Yee_and_flux.mat,#refs#/#fb#,42293,1,1.3783672290678137,1.0498081478316888e-10
F0_D3_raw_Yee_and_flux.mat,#refs#/#fb#,42294,422,1.4250628539050438,1.5315142133433192e-10
F0_D3_raw_Yee_and_flux.mat,#refs#/#fb#,42716,1,1.4482867927772023,0.0050146019924640125
F0_D3_raw_Yee_and_flux.mat,#refs#/#fb#,42717,6,1.5594598908184449,0.027949504396307771
F0_D3_raw_Yee_and_flux.mat,#refs#/#fb#,42723,1,2.2222572311284048,0.032007220772787393
F0_D3_raw_Yee_and_flux.mat,#refs#/#fb#,42724,1,2.7283246878502712,0.036160278120483308
F0_D3_raw_Yee_and_flux.mat,#refs#/#fb#,42725,1,1.6475376604358041,0.0099778087084338024
F0_D3_raw_Yee_and_flux.mat,#refs#/#fb#,42726,24,1.3300091590904171,5.3471742269087735e-11
F0_D3_raw_Yee_and_flux.mat,#refs#/#fb#,42750,18,1.3299756549953026,5.3071508455359614e-11
F0_D3_raw_Yee_and_flux.mat,#refs#/#fb#,42768,1,1.3783014315902111,1.0425539612408972e-10
F0_D3_raw_Yee_and_flux.mat,#refs#/#fb#,42769,422,1.4249668555141317,1.5212369194060802e-10
F0_D3_raw_Yee_and_flux.mat,#refs#/#fb#,43191,1,1.4469697673739754,0.0051076934744911815
F0_D3_raw_Yee_and_flux.mat,#refs#/#fb#,43192,6,1.5525554911693826,0.028568960164072267
F0_D3_raw_Yee_and_flux.mat,#refs#/#fb#,43198,1,2.2177586215351299,0.031869055917796874
F0_D3_raw_Yee_and_flux.mat,#refs#/#fb#,43199,1,2.7249413902389277,0.035592692573958092
F0_D3_raw_Yee_and_flux.mat,#refs#/#fb#,43200,1,1.6465829395134595,0.009814701757972109
F0_D3_raw_Yee_and_flux.mat,#refs#/#fb#,43201,24,1.3299756549953026,5.3071508455359614e-11
F0_D3_raw_Yee_and_flux.mat,#refs#/#g#,0,1,121,
F0_D3_raw_Yee_and_flux.mat,#refs#/#gb#,0,18,1.3441317652061457,1.9345146030599138e-10
F0_D3_raw_Yee_and_flux.mat,#refs#/#gb#,18,423,1.4598069921340606,4.0884585181494408e-10
F0_D3_raw_Yee_and_flux.mat,#refs#/#gb#,441,1,1.8235488530656379,0.010286133937647809
F0_D3_raw_Yee_and_flux.mat,#refs#/#gb#,442,6,2.1492377222330719,0.025267571012604677
F0_D3_raw_Yee_and_flux.mat,#refs#/#gb#,448,1,2.3116264022404112,1.0200357310167356
F0_D3_raw_Yee_and_flux.mat,#refs#/#gb#,449,1,1.9168749521797268,0.28367132675494722
F0_D3_raw_Yee_and_flux.mat,#refs#/#gb#,450,25,1.3441317652061457,1.9345146030599138e-10
F0_D3_raw_Yee_and_flux.mat,#refs#/#gb#,475,18,1.3435189423092053,1.8730481596388907e-10
F0_D3_raw_Yee_and_flux.mat,#refs#/#gb#,493,423,1.4585038699430253,4.0073911873083343e-10
F0_D3_raw_Yee_and_flux.mat,#refs#/#gb#,916,1,1.817427386536332,0.0094627275124819932
F0_D3_raw_Yee_and_flux.mat,#refs#/#gb#,917,6,2.1363618108125957,0.023060300070924734
F0_D3_raw_Yee_and_flux.mat,#refs#/#gb#,923,1,2.3150497118480446,1.0412454626491103
F0_D3_raw_Yee_and_flux.mat,#refs#/#gb#,924,1,1.921649180162933,0.28702471097648619
F0_D3_raw_Yee_and_flux.mat,#refs#/#gb#,925,25,1.3435189423092053,1.8730481596388907e-10
F0_D3_raw_Yee_and_flux.mat,#refs#/#gb#,950,18,1.3429417559153305,1.8155312648394022e-10
F0_D3_raw_Yee_and_flux.mat,#refs#/#gb#,968,423,1.4572617835112047,3.9297277346581922e-10
F0_D3_raw_Yee_and_flux.mat,#refs#/#gb#,1391,1,1.8115831031145984,0.0087264773794401163
F0_D3_raw_Yee_and_flux.mat,#refs#/#gb#,1392,6,2.1241417312082924,0.021105614665280624
F0_D3_raw_Yee_and_flux.mat,#refs#/#gb#,1398,1,2.3246828734226499,1.0653274169602149
F0_D3_raw_Yee_and_flux.mat,#refs#/#gb#,1399,1,1.9283430565646098,0.28947112988129126
F0_D3_raw_Yee_and_flux.mat,#refs#/#gb#,1400,25,1.3429417559153305,1.8155312648394022e-10
F0_D3_raw_Yee_and_flux.mat,#refs#/#gb#,1425,18,1.3423973404922973,1.7615996566612735e-10
F0_D3_raw_Yee_and_flux.mat,#refs#/#gb#,1443,423,1.4560768812824636,3.8552516685309373e-10
F0_D3_raw_Yee_and_flux.mat,#refs#/#gb#,1866,1,1.8059919844941255,0.0080675329348215384
F0_D3_raw_Yee_and_flux.mat,#refs#/#gb#,1867,6,2.1125150745656431,0.019371631445775646
F0_D3_raw_Yee_and_flux.mat,#refs#/#gb#,1873,1,2.3409596495722012,1.0908589797462784
F0_D3_raw_Yee_and_flux.mat,#refs#/#gb#,1874,1,1.936611187643029,0.29056858072172498
F0_D3_raw_Yee_and_flux.mat,#refs#/#gb#,1875,25,1.3423973404922973,1.7615996566612735e-10
F0_D3_raw_Yee_and_flux.mat,#refs#/#gb#,1900,18,1.3418831247200131,1.7109317350474071e-10
F0_D3_raw_Yee_and_flux.mat,#refs#/#gb#,1918,423,1.4549456176063673,3.7837646277506035e-10
F0_D3_raw_Yee_and_flux.mat,#refs#/#gb#,2341,1,1.80063245041633,0.007477387901025266
F0_D3_raw_Yee_and_flux.mat,#refs#/#gb#,2342,6,2.1014265108297723,0.017831284344222518
F0_D3_raw_Yee_and_flux.mat,#refs#/#gb#,2348,1,2.3640143580164077,1.1163539622959384
F0_D3_raw_Yee_and_flux.mat,#refs#/#gb#,2349,1,1.9459987112832222,0.28999241152739297
F0_D3_raw_Yee_and_flux.mat,#refs#/#gb#,2350,25,1.3418831247200131,1.7109317350474071e-10
F0_D3_raw_Yee_and_flux.mat,#refs#/#gb#,2375,18,1.3413967948852912,1.6632425881863229e-10
F0_D3_raw_Yee_and_flux.mat,#refs#/#gb#,2393,423,1.4538647234804178,3.7150845233675743e-10
F0_D3_raw_Yee_and_flux.mat,#refs#/#gb#,2816,1,1.7954850591556002,0.0069486697084886421
F0_D3_raw_Yee_and_flux.mat,#refs#/#gb#,2817,6,2.0908268301022606,0.01646148681696526
F0_D3_raw_Yee_and_flux.mat,#refs#/#gb#,2823,1,2.3936601798727684,1.1403295343629369
F0_D3_raw_Yee_and_flux.mat,#refs#/#gb#,2824,1,1.9559876492391335,0.28756897784211916
F0_D3_raw_Yee_and_flux.mat,#refs#/#gb#,2825,25,1.3413967948852912,1.6632425881863229e-10
F0_D3_raw_Yee_and_flux.mat,#refs#/#gb#,2850,18,1.340936263598647,1.618278983330722e-10
F0_D3_raw_Yee_and_flux.mat,#refs#/#gb#,2868,423,1.4528311805584417,3.6490439035841489e-10
F0_D3_raw_Yee_and_flux.mat,#refs#/#gb#,3291,1,1.790532250366885,0.0064749661037709974
F0_D3_raw_Yee_and_flux.mat,#refs#/#gb#,3292,6,2.0806721322630355,0.015242458223169169
F0_D3_raw_Yee_and_flux.mat,#refs#/#gb#,3298,1,2.4293870041502545,1.1613840305897676
F0_D3_raw_Yee_and_flux.mat,#refs#/#gb#,3299,1,1.9660542092886355,0.28328654543255855
F0_D3_raw_Yee_and_flux.mat,#refs#/#gb#,3300,25,1.340936263598647,1.618278983330722e-10
F0_D3_raw_Yee_and_flux.mat,#refs#/#gb#,3325,18,1.3404996429523337,1.575815146891731e-10
F0_D3_raw_Yee_and_flux.mat,#refs#/#gb#,3343,423,1.4518421980093486,3.5854885113372047e-10
F0_D3_raw_Yee_and_flux.mat,#refs#/#gb#,3766,1,1.7857581235821118,0.0060506816956994317
F0_D3_raw_Yee_and_flux.mat,#refs#/#gb#,3767,6,2.0709231394732965,0.014157178765059373
F0_D3_raw_Yee_and_flux.mat,#refs#/#gb#,3773,1,2.4703832865318605,1.1782780009466933
F0_D3_raw_Yee_and_flux.mat,#refs#/#gb#,3774,1,1.975724355097555,0.27728108081025532
F0_D3_raw_Yee_and_flux.mat,#refs#/#gb#,3775,25,1.3404996429523337,1.575815146891731e-10
F0_D3_raw_Yee_and_flux.mat,#refs#/#gb#,3800,18,1.3400852214015524,1.5356491937672174e-10
F0_D3_raw_Yee_and_flux.mat,#refs#/#gb#,3818,423,1.4508951918697421,3.5242760086678054e-10
F0_D3_raw_Yee_and_flux.mat,#refs#/#gb#,4241,1,1.781148246806183,0.0056709187104176202
F0_D3_raw_Yee_and_flux.mat,#refs#/#gb#,4242,6,2.0615446108554507,0.01319094582506429
F0_D3_raw_Yee_and_flux.mat,#refs#/#gb#,4248,1,2.5155832587923443,1.1900095212756607
F0_D3_raw_Yee_and_flux.mat,#refs#/#gb#,4249,1,1.9846160998093774,0.26980181858627367
F0_D3_raw_Yee_and_flux.mat,#refs#/#gb#,4250,25,1.3400852214015524,1.5356491937672174e-10
F0_D3_raw_Yee_and_flux.mat,#refs#/#gb#,4275,18,1.3396914437804199,1.4976000933497553e-10
F0_D3_raw_Yee_and_flux.mat,#refs#/#gb#,4293,423,1.4499877665838392,3.4652748458876991e-10
F0_D3_raw_Yee_and_flux.mat,#refs#/#gb#,4716,1,1.7766894906110999,0.0053313774248098453
F0_D3_raw_Yee_and_flux.mat,#refs#/#gb#,4717,6,2.0525048424228132,0.012331010800225341
F0_D3_raw_Yee_and_flux.mat,#refs#/#gb#,4723,1,2.5637373778232888,1.1958744800137953
F0_D3_raw_Yee_and_flux.mat,#refs#/#gb#,4724,1,1.9924619770550707,0.26116632321627098
F0_D3_raw_Yee_and_flux.mat,#refs#/#gb#,4725,25,1.3396914437804199,1.4976000933497553e-10
F0_D3_raw_Yee_and_flux.mat,#refs#/#gb#,4750,18,1.3393168939681888,1.4615050812587868e-10
F0_D3_raw_Yee_and_flux.mat,#refs#/#gb#,4768,423,1.4491176984663623,3.408363256792649e-10
F0_D3_raw_Yee_and_flux.mat,#refs#/#gb#,5191,1,1.7723698839002944,0.0050282726752783492
F0_D3_raw_Yee_and_flux.mat,#refs#/#gb#,5192,6,2.0437752383811576,0.011566280240120429
F0_D3_raw_Yee_and_flux.mat,#refs#/#gb#,5198,1,2.6135002945633743,1.1955034751014344
F0_D3_raw_Yee_and_flux.mat,#refs#/#gb#,5199,1,1.9991113998058143,0.25171558556603241
F0_D3_raw_Yee_and_flux.mat,#refs#/#gb#,5200,25,1.3393168939681888,1.4615050812587868e-10
F0_D3_raw_Yee_and_flux.mat,#refs#/#gb#,5225,18,1.3389602798049161,1.4272174429144667e-10
F0_D3_raw_Yee_and_flux.mat,#refs#/#gb#,5243,423,1.4482829208598766,3.3534283638867817e-10
F0_D3_raw_Yee_and_flux.mat,#refs#/#gb#,5666,1,1.7681784881484341,0.0047582635609626951
F0_D3_raw_Yee_and_flux.mat,#refs#/#gb#,5667,6,2.0353299423896996,0.010887068656034388
F0_D3_raw_Yee_and_flux.mat,#refs#/#gb#,5673,1,2.6635272831128671,1.1888694001030773
F0_D3_raw_Yee_and_flux.mat,#refs#/#gb#,5674,1,2.0045174693760757,0.24177709422081647
F0_D3_raw_Yee_and_flux.mat,#refs#/#gb#,5675,25,1.3389602798049161,1.4272174429144667e-10
F0_D3_raw_Yee_and_flux.mat,#refs#/#gb#,5700,18,1.3386204199235687,1.3946046086421632e-10
F0_D3_raw_Yee_and_flux.mat,#refs#/#gb#,5718,423,1.4474815107884773,3.300365379863832e-10
F0_D3_raw_Yee_and_flux.mat,#refs#/#gb#,6141,1,1.7641052874418,0.0045183940259063944
F0_D3_raw_Yee_and_flux.mat,#refs#/#gb#,6142,6,2.0271455193666119,0.010284893083874683
F0_D3_raw_Yee_and_flux.mat,#refs#/#gb#,6148,1,2.7125678446404309,1.1762638141933173
F0_D3_raw_Yee_and_flux.mat,#refs#/#gb#,6149,1,2.0087149136075362,0.23163970809727871
F0_D3_raw_Yee_and_flux.mat,#refs#/#gb#,6150,25,1.3386204199235687,1.3946046086421632e-10
F0_D3_raw_Yee_and_flux.mat,#refs#/#gb#,6175,18,1.3382962322207008,1.363546510842955e-10
F0_D3_raw_Yee_and_flux.mat,#refs#/#gb#,6193,423,1.4467116769356958,3.2490768935151446e-10
F0_D3_raw_Yee_and_flux.mat,#refs#/#gb#,6616,1,1.7601410920724516,0.0043060424499624965
F0_D3_raw_Yee_and_flux.mat,#refs#/#gb#,6617,6,2.0192006800465818,0.0097523015671627435
F0_D3_raw_Yee_and_flux.mat,#refs#/#gb#,6623,1,2.7595450263721681,1.1582451588589762
F0_D3_raw_Yee_and_flux.mat,#refs#/#gb#,6624,1,2.011795438773107,0.22154041899253712
F0_D3_raw_Yee_and_flux.mat,#refs#/#gb#,6625,25,1.3382962322207008,1.363546510842955e-10
F0_D3_raw_Yee_and_flux.mat,#refs#/#gb#,6650,18,1.3379867237329361,1.3339341624784394e-10
F0_D3_raw_Yee_and_flux.mat,#refs#/#gb#,6668,423,1.4459717487966941,3.1994722298616812e-10
F0_D3_raw_Yee_and_flux.mat,#refs#/#gb#,7091,1,1.7562774537930184,0.0041188787306641857
F0_D3_raw_Yee_and_flux.mat,#refs#/#gb#,7092,6,2.0114760418192921,0.0092827293362160446
F0_D3_raw_Yee_and_flux.mat,#refs#/#gb#,7098,1,2.8036113093377986,1.1355665436173417
F0_D3_raw_Yee_and_flux.mat,#refs#/#gb#,7099,1,2.0138849630748097,0.21166074914188135
F0_D3_raw_Yee_and_flux.mat,#refs#/#gb#,7100,25,1.3379867237329361,1.3339341624784394e-10
F0_D3_raw_Yee_and_flux.mat,#refs#/#gb#,7125,18,1.3376909817235028,1.3056684231517667e-10
F0_D3_raw_Yee_and_flux.mat,#refs#/#gb#,7143,423,1.4452601668738478,3.1514668756879058e-10
F0_D3_raw_Yee_and_flux.mat,#refs#/#gb#,7566,1,1.7525065911320457,0.0039548276187987832
F0_D3_raw_Yee_and_flux.mat,#refs#/#gb#,7567,6,2.0039539204571462,0.0088703777113331647
F0_D3_raw_Yee_and_flux.mat,#refs#/#gb#,7573,1,2.8441762446748724,1.1090937820951834
F0_D3_raw_Yee_and_flux.mat,#refs#/#gb#,7574,1,2.0151250849837234,0.20212967100182888
F0_D3_raw_Yee_and_flux.mat,#refs#/#gb#,7575,25,1.3376909817235028,1.3056684231517667e-10
F0_D3_raw_Yee_and_flux.mat,#refs#/#gb#,7600,18,1.3374081658136014,1.2786589247714714e-10
F0_D3_raw_Yee_and_flux.mat,#refs#/#gb#,7618,423,1.4445754738011809,3.1049819628299434e-10
F0_D3_raw_Yee_and_flux.mat,#refs#/#gb#,8041,1,1.7488213234134062,0.0038120372946222271
F0_D3_raw_Yee_and_flux.mat,#refs#/#gb#,8042,6,1.9966181482250789,0.008510111736518413
F0_D3_raw_Yee_and_flux.mat,#refs#/#gb#,8048,1,2.8809060802946864,1.0797247836418564
F0_D3_raw_Yee_and_flux.mat,#refs#/#gb#,8049,1,2.0156594282046632,0.19303012717394571
F0_D3_raw_Yee_and_flux.mat,#refs#/#gb#,8050,25,1.3374081658136014,1.2786589247714714e-10
F0_D3_raw_Yee_and_flux.mat,#refs#/#gb#,8075,18,1.3371375010186584,1.2528231334322532e-10
F0_D3_raw_Yee_and_flux.mat,#refs#/#gb#,8093,423,1.4439163062972185,3.0599438025725587e-10
F0_D3_raw_Yee_and_flux.mat,#refs#/#gb#,8516,1,1.7452150123264349,0.0036888523518396666
F0_D3_raw_Yee_and_flux.mat,#refs#/#gb#,8517,6,1.9894539145923751,0.0081973733202902362
F0_D3_raw_Yee_and_flux.mat,#refs#/#gb#,8523,1,2.9136999176072496,1.048319414487483
F0_D3_raw_Yee_and_flux.mat,#refs#/#gb#,8524,1,2.0156244309093778,0.18440692747543413
F0_D3_raw_Yee_and_flux.mat,#refs#/#gb#,8525,25,1.3371375010186584,1.2528231334322532e-10
F0_D3_raw_Yee_and_flux.mat,#refs#/#gb#,8550,18,1.3368782715705272,1.2280855279495635e-10
F0_D3_raw_Yee_and_flux.mat,#refs#/#gb#,8568,423,1.4432813878580009,3.0162834653665667e-10
F0_D3_raw_Yee_and_flux.mat,#refs#/#gb#,8991,1,1.7416815100632923,0.0035837905018405889
F0_D3_raw_Yee_and_flux.mat,#refs#/#gb#,8992,6,1.9824476263660538,0.0079281072689885556
F0_D3_raw_Yee_and_flux.mat,#refs#/#gb#,8998,1,2.9426494129230503,1.015645485089081
F0_D3_raw_Yee_and_flux.mat,#refs#/#gb#,8999,1,2.0151436448472455,0.17627460345122806
F0_D3_raw_Yee_and_flux.mat,#refs#/#gb#,9000,25,1.3368782715705272,1.2280855279495635e-10
F0_D3_raw_Yee_and_flux.mat,#refs#/#gb#,9025,18,1.3366298154242258,1.2043768786092512e-10
F0_D3_raw_Yee_and_flux.mat,#refs#/#gb#,9043,423,1.4426695221125527,2.9739364008135396e-10
F0_D3_raw_Yee_and_flux.mat,#refs#/#gb#,9466,1,1.7382151131826005,0.0034955224284928172
F0_D3_raw_Yee_and_flux.mat,#refs#/#gb#,9467,6,1.9755867845614259,0.0076986980820581462
F0_D3_raw_Yee_and_flux.mat,#refs#/#gb#,9473,1,2.9679894287360438,0.98234286647108304
F0_D3_raw_Yee_and_flux.mat,#refs#/#gb#,9474,1,2.0143245019673883,0.16862449437363811
F0_D3_raw_Yee_and_flux.mat,#refs#/#gb#,9475,25,1.3366298154242258,1.2043768786092512e-10
F0_D3_raw_Yee_and_flux.mat,#refs#/#gb#,9500,18,1.3363915193624729,1.1816336122706119e-10
F0_D3_raw_Yee_and_flux.mat,#refs#/#gb#,9518,423,1.4420795867722471,2.9328420934965869e-10
F0_D3_raw_Yee_and_flux.mat,#refs#/#gb#,9941,1,1.734810521478257,0.0034228543196934556
F0_D3_raw_Yee_and_flux.mat,#refs#/#gb#,9942,6,1.9688598757371418,0.0075059157655632484
F0_D3_raw_Yee_and_flux.mat,#refs#/#gb#,9948,1,2.9900458098424565,0.94890494247531132
F0_D3_raw_Yee_and_flux.mat,#refs#/#gb#,9949,1,2.0132566211091723,0.16143085597410475
F0_D3_raw_Yee_and_flux.mat,#refs#/#gb#,9950,25,1.3363915193624729,1.1816336122706119e-10
F0_D3_raw_Yee_and_flux.mat,#refs#/#gb#,9975,18,1.33616281462361,1.1597972520951575e-10
F0_D3_raw_Yee_and_flux.mat,#refs#/#gb#,9993,423,1.441510528113475,2.8929437507808155e-10
F0_D3_raw_Yee_and_flux.mat,#refs#/#gb#,10416,1,1.7314628012334929,0.003364712680234431
F0_D3_raw_Yee_and_flux.mat,#refs#/#gb#,10417,6,1.9622562758648292,0.007346869230709388
F0_D3_raw_Yee_and_flux.mat,#refs#/#gb#,10423,1,3.0091844606878562,0.91567521189463275
F0_D3_raw_Yee_and_flux.mat,#refs#/#gb#,10424,1,2.0120109499904046,0.15465613601596789
F0_D3_raw_Yee_and_flux.mat,#refs#/#gb#,10425,25,1.33616281462361,1.1597972520951575e-10
F0_D3_raw_Yee_and_flux.mat,#refs#/#gb#,10450,18,1.335943172988898,1.1388139219468025e-10
F0_D3_raw_Yee_and_flux.mat,#refs#/#gb#,10468,423,1.4409613559399506,2.8541880191775783e-10
F0_D3_raw_Yee_and_flux.mat,#refs#/#gb#,10891,1,1.7281673523258207,0.0033201310947871248
F0_D3_raw_Yee_and_flux.mat,#refs#/#gb#,10892,6,1.9557661650896803,0.0072189660945244103
F0_D3_raw_Yee_and_flux.mat,#refs#/#gb#,10898,1,3.0257640338363929,0.88285688531433015
F0_D3_raw_Yee_and_flux.mat,#refs#/#gb#,10899,1,2.0106393138927081,0.1482557848076346
F0_D3_raw_Yee_and_flux.mat,#refs#/#gb#,10900,25,1.335943172988898,1.1388139219468025e-10
F0_D3_raw_Yee_and_flux.mat,#refs#/#gb#,10925,18,1.3357321032739513,1.1186339069881558e-10
F0_D3_raw_Yee_and_flux.mat,#refs#/#gb#,10943,423,1.4404311389770605,2.8165247262740764e-10
F0_D3_raw_Yee_and_flux.mat,#refs#/#gb#,11366,1,1.7249198787211308,0.0032882386627383639
F0_D3_raw_Yee_and_flux.mat,#refs#/#gb#,11367,6,1.9493804519781608,0.0071198779027457125
F0_D3_raw_Yee_and_flux.mat,#refs#/#gb#,11373,1,3.0400935599404328,0.85053439393836994
F0_D3_raw_Yee_and_flux.mat,#refs#/#gb#,11374,1,2.0091742626396414,0.14218308450180264
F0_D3_raw_Yee_and_flux.mat,#refs#/#gb#,11375,25,1.3357321032739513,1.1186339069881558e-10
F0_D3_raw_Yee_and_flux.mat,#refs#/#gb#,11400,18,1.3355291481765423,1.0992112632352731e-10
F0_D3_raw_Yee_and_flux.mat,#refs#/#gb#,11418,423,1.4399190006559537,2.7799066455834734e-10
F0_D3_raw_Yee_and_flux.mat,#refs#/#gb#,11841,1,1.7217163619569524,0.0032682498703212248
F0_D3_raw_Yee_and_flux.mat,#refs#/#gb#,11842,6,1.9430907060504894,0.0070475099599722757
F0_D3_raw_Yee_and_flux.mat,#refs#/#gb#,11848,1,3.0523967982832572,0.81870713849128041
F0_D3_raw_Yee_and_flux.mat,#refs#/#gb#,11849,1,2.007629479344915,0.13639447016933198
F0_D3_raw_Yee_and_flux.mat,#refs#/#gb#,11850,25,1.3355291481765423,1.0992112632352731e-10
F0_D3_raw_Yee_and_flux.mat,#refs#/#gb#,11875,18,1.3353338814393336,1.080503469872293e-10
F0_D3_raw_Yee_and_flux.mat,#refs#/#gb#,11893,423,1.4394241152497127,2.7442892819780562e-10
F0_D3_raw_Yee_and_flux.mat,#refs#/#gb#,12316,1,1.7185530372675795,0.0032594557017254343
F0_D3_raw_Yee_and_flux.mat,#refs#/#gb#,12317,6,1.936889097565337,0.006999975086925507
F0_D3_raw_Yee_and_flux.mat,#refs#/#gb#,12323,1,3.0627871871058527,0.78733650053058279
F0_D3_raw_Yee_and_flux.mat,#refs#/#gb#,12324,1,2.0060014217788664,0.13085561112891911
F0_D3_raw_Yee_and_flux.mat,#refs#/#gb#,12325,25,1.3353338814393336,1.080503469872293e-10
F0_D3_raw_Yee_and_flux.mat,#refs#/#gb#,12350,18,1.3351459052915216,1.0624711190025517e-10
F0_D3_raw_Yee_and_flux.mat,#refs#/#gb#,12368,423,1.4389457043280485,2.7096306756360034e-10
F0_D3_raw_Yee_and_flux.mat,#refs#/#gb#,12791,1,1.7154263720488045,0.0032612158210357516
F0_D3_raw_Yee_and_flux.mat,#refs#/#gb#,12792,6,1.9307683436676639,0.0069755707352239446
F0_D3_raw_Yee_and_flux.mat,#refs#/#gb#,12798,1,3.0712605904715176,0.75640569353576004
F0_D3_raw_Yee_and_flux.mat,#refs#/#gb#,12799,1,2.0042732139651269,0.12554802702778867
F0_D3_raw_Yee_and_flux.mat,#refs#/#gb#,12800,25,1.3351459052915216,1.0624711190025517e-10
F0_D3_raw_Yee_and_flux.mat,#refs#/#gb#,12825,18,1.3349648481379912,1.0450776382520314e-10
F0_D3_raw_Yee_and_flux.mat,#refs#/#gb#,12843,423,1.4384830335005308,2.6758912226661711e-10
F0_D3_raw_Yee_and_flux.mat,#refs#/#gb#,13266,1,1.7123330463986117,0.003272951681999656
F0_D3_raw_Yee_and_flux.mat,#refs#/#gb#,13267,6,1.924721660132203,0.0069727589810381907
F0_D3_raw_Yee_and_flux.mat,#refs#/#gb#,13273,1,3.0777158735936059,0.72598704312162388
F0_D3_raw_Yee_and_flux.mat,#refs#/#gb#,13274,1,2.0024218650682268,0.12047518375218742
F0_D3_raw_Yee_and_flux.mat,#refs#/#gb#,13275,25,1.3349648481379912,1.0450776382520314e-10
F0_D3_raw_Yee_and_flux.mat,#refs#/#gb#,13300,18,1.3347903624685629,1.0282890422674342e-10
F0_D3_raw_Yee_and_flux.mat,#refs#/#gb#,13318,423,1.438035409421546,2.6430335107800575e-10
F0_D3_raw_Yee_and_flux.mat,#refs#/#gb#,13741,1,1.7092699355033505,0.0032941404436885708
F0_D3_raw_Yee_and_flux.mat,#refs#/#gb#,13742,6,1.9187427180384222,0.0069901489941504328
F0_D3_raw_Yee_and_flux.mat,#refs#/#gb#,13748,1,3.0820123452854102,0.69630265253145207
F0_D3_raw_Yee_and_flux.mat,#refs#/#gb#,13749,1,2.0004293301005229,0.11566600429159997
F0_D3_raw_Yee_and_flux.mat,#refs#/#gb#,13750,25,1.3347903624685629,1.0282890422674342e-10
F0_D3_raw_Yee_and_flux.mat,#refs#/#gb#,13775,18,1.3346221229633137,1.0120737096833717e-10
F0_D3_raw_Yee_and_flux.mat,#refs#/#gb#,13793,423,1.4376021770329712,2.6110221685594566e-10
F0_D3_raw_Yee_and_flux.mat,#refs#/#gb#,14216,1,1.7062340936674969,0.0033243095878150012
F0_D3_raw_Yee_and_flux.mat,#refs#/#gb#,14217,6,1.9128256048008161,0.0070264816412748078
F0_D3_raw_Yee_and_flux.mat,#refs#/#gb#,14223,1,3.0840644092160918,0.66775536478986186
F0_D3_raw_Yee_and_flux.mat,#refs#/#gb#,14224,1,1.9982964981218345,0.11117304373830307
F0_D3_raw_Yee_and_flux.mat,#refs#/#gb#,14225,25,1.3346221229633137,1.0120737096833717e-10
F0_D3_raw_Yee_and_flux.mat,#refs#/#gb#,14250,18,1.3344598247729174,9.9640218258664897e-11
F0_D3_raw_Yee_and_flux.mat,#refs#/#gb#,14268,423,1.437182717023018,2.5798237270259586e-10
F0_D3_raw_Yee_and_flux.mat,#refs#/#gb#,14691,1,1.7032227398097595,0.0033630321483465349
F0_D3_raw_Yee_and_flux.mat,#refs#/#gb#,14692,6,1.9069647890535781,0.0070806159342896129
F0_D3_raw_Yee_and_flux.mat,#refs#/#gb#,14698,1,3.0839566947032848,0.64090484381976243
F0_D3_raw_Yee_and_flux.mat,#refs#/#gb#,14699,1,1.9960571294135847,0.10706299641148605
F0_D3_raw_Yee_and_flux.mat,#refs#/#gb#,14700,25,1.3344598247729174,9.9640218258664897e-11
F0_D3_raw_Yee_and_flux.mat,#refs#/#gb#,14725,18,1.3343031819554705,9.8124698589300248e-11
F0_D3_raw_Yee_and_flux.mat,#refs#/#gb#,14743,423,1.4367764434818984,2.5494064923569385e-10
F0_D3_raw_Yee_and_flux.mat,#refs#/#gb#,15166,1,1.7002332442696231,0.0034099224766445317
F0_D3_raw_Yee_and_flux.mat,#refs#/#gb#,15167,6,1.9011550889530726,0.0071515170773023976
F0_D3_raw_Yee_and_flux.mat,#refs#/#gb#,15173,1,3.0820445458361396,0.61637607670800498
F0_D3_raw_Yee_and_flux.mat,#refs#/#gb#,15174,1,1.9937870531655475,0.10339926060604639
F0_D3_raw_Yee_and_flux.mat,#refs#/#gb#,15175,25,1.3343031819554705,9.8124698589300248e-11
F0_D3_raw_Yee_and_flux.mat,#refs#/#gb#,15200,18,1.3341519260534971,9.665824643834653e-11
F0_D3_raw_Yee_and_flux.mat,#refs#/#gb#,15218,423,1.436382801736908,2.5197404287149951e-10
F0_D3_raw_Yee_and_flux.mat,#refs#/#gb#,15641,1,1.6972631167869403,0.0034646324760099008
F0_D3_raw_Yee_and_flux.mat,#refs#/#gb#,15642,6,1.895391643516821,0.0072382459026838035
F0_D3_raw_Yee_and_flux.mat,#refs#/#gb#,15648,1,3.0789987757163071,0.59471379070067565
F0_D3_raw_Yee_and_flux.mat,#refs#/#gb#,15649,1,1.9916039639684173,0.10021949431033422
F0_D3_raw_Yee_and_flux.mat,#refs#/#gb#,15650,25,1.3341519260534971,9.665824643834653e-11
F0_D3_raw_Yee_and_flux.mat,#refs#/#gb#,15675,18,1.3340058047967187,9.523846354323865e-11
F0_D3_raw_Yee_and_flux.mat,#refs#/#gb#,15693,423,1.4360012663512478,2.4907970502654998e-10
F0_D3_raw_Yee_and_flux.mat,#refs#/#gb#,16116,1,1.6943099955332332,0.0035268482485360563
F0_D3_raw_Yee_and_flux.mat,#refs#/#gb#,16117,6,1.889669886665259,0.00733994951655527
F0_D3_raw_Yee_and_flux.mat,#refs#/#gb#,16123,1,3.075769427105072,0.57622186785455676
F0_D3_raw_Yee_and_flux.mat,#refs#/#gb#,16124,1,1.9896555408733199,0.097513773510436913
F0_D3_raw_Yee_and_flux.mat,#refs#/#gb#,16125,25,1.3340058047967187,9.523846354323865e-11
F0_D3_raw_Yee_and_flux.mat,#refs#/#gb#,16150,18,1.3338645809178564,9.3863105570435591e-11
F0_D3_raw_Yee_and_flux.mat,#refs#/#gb#,16168,423,1.4356313392724429,2.4625493215524353e-10
F0_D3_raw_Yee_and_flux.mat,#refs#/#gb#,16591,1,1.6913716370873695,0.0035962871048970651
F0_D3_raw_Yee_and_flux.mat,#refs#/#gb#,16592,6,1.8839855236735377,0.0074558529998835854
F0_D3_raw_Yee_and_flux.mat,#refs#/#gb#,16598,1,3.0734734982598186,0.56083342518271972
F0_D3_raw_Yee_and_flux.mat,#refs#/#gb#,16599,1,1.9880972715602445,0.095209388769359055
F0_D3_raw_Yee_and_flux.mat,#refs#/#gb#,16600,25,1.3338645809178564,9.3863105570435591e-11
F0_D3_raw_Yee_and_flux.mat,#refs#/#gb#,16625,18,1.333728031070172,9.2530070030879833e-11
F0_D3_raw_Yee_and_flux.mat,#refs#/#gb#,16643,423,1.4352725481175945,2.4349715654870248e-10
F0_D3_raw_Yee_and_flux.mat,#refs#/#gb#,17066,1,1.6884459072604896,0.0036726948942396478
F0_D3_raw_Yee_and_flux.mat,#refs#/#gb#,17067,6,1.8783345097761115,0.0075852520328996637
F0_D3_raw_Yee_and_flux.mat,#refs#/#gb#,17073,1,3.0732351324163796,0.54804066429583798
F0_D3_raw_Yee_and_flux.mat,#refs#/#gb#,17074,1,1.9870641473987209,0.09316637512670288
F0_D3_raw_Yee_and_flux.mat,#refs#/#gb#,17075,25,1.333728031070172,9.2530070030879833e-11
F0_D3_raw_Yee_and_flux.mat,#refs#/#gb#,17100,18,1.3335959448367334,9.1237385308389886e-11
F0_D3_raw_Yee_and_flux.mat,#refs#/#gb#,17118,423,1.4349244445839149,2.4080393782787258e-10
F0_D3_raw_Yee_and_flux.mat,#refs#/#gb#,17541,1,1.6855307726857163,0.0037558436169768902
F0_D3_raw_Yee_and_flux.mat,#refs#/#gb#,17542,6,1.8727130306975597,0.0077275063288931604
F0_D3_raw_Yee_and_flux.mat,#refs#/#gb#,17548,1,3.0760087157151648,0.53688988960052919
F0_D3_raw_Yee_and_flux.mat,#refs#/#gb#,17549,1,1.9866410830019754,0.091185300139964343
F0_D3_raw_Yee_and_flux.mat,#refs#/#gb#,17550,25,1.3335959448367334,9.1237385308389886e-11
F0_D3_raw_Yee_and_flux.mat,#refs#/#gb#,17575,18,1.3334681238224884,8.998320068400429e-11
F0_D3_raw_Yee_and_flux.mat,#refs#/#gb#,17593,423,1.4345866029740963,2.3817295507046617e-10
F0_D3_raw_Yee_and_flux.mat,#refs#/#gb#,18016,1,1.6826242930975392,0.0038455292880981858
F0_D3_raw_Yee_and_flux.mat,#refs#/#gb#,18017,6,1.8671174849097512,0.0078820337789814472
F0_D3_raw_Yee_and_flux.mat,#refs#/#gb#,18023,1,3.0824015533792117,0.5260369633703883
F0_D3_raw_Yee_and_flux.mat,#refs#/#gb#,18024,1,1.9868364184547835,0.089027425865038548
F0_D3_raw_Yee_and_flux.mat,#refs#/#gb#,18025,25,1.3334681238224884,8.998320068400429e-11
F0_D3_raw_Yee_and_flux.mat,#refs#/#gb#,18050,18,1.3333443808212173,8.876577725305508e-11
F0_D3_raw_Yee_and_flux.mat,#refs#/#gb#,18068,423,1.434258618827041,2.3560199951728413e-10
F0_D3_raw_Yee_and_flux.mat,#refs#/#gb#,18491,1,1.6797246142339357,0.0039415700227352435
F0_D3_raw_Yee_and_flux.mat,#refs#/#gb#,18492,6,1.8615444674386681,0.0080483052226581597
F0_D3_raw_Yee_and_flux.mat,#refs#/#gb#,18498,1,3.0925038277904981,0.51386773951161746
F0_D3_raw_Yee_and_flux.mat,#refs#/#gb#,18499,1,1.9875631597848178,0.086446964690976597
F0_D3_raw_Yee_and_flux.mat,#refs#/#gb#,18500,25,1.3333443808212173,8.876577725305508e-11
F0_D3_raw_Yee_and_flux.mat,#refs#/#gb#,18525,18,1.333224539050279,8.7583479643731012e-11
F0_D3_raw_Yee_and_flux.mat,#refs#/#gb#,18543,423,1.433940107645358,2.33088967808732e-10
F0_D3_raw_Yee_and_flux.mat,#refs#/#gb#,18966,1,1.6768299613015234,0.0040438043193046797
F0_D3_raw_Yee_and_flux.mat,#refs#/#gb#,18967,6,1.8559907550644179,0.0082258397702540103
F0_D3_raw_Yee_and_flux.mat,#refs#/#gb#,18973,1,3.1057465401955762,0.49870215378703731
F0_D3_raw_Yee_and_flux.mat,#refs#/#gb#,18974,1,1.9886343482470297,0.083233600034788247
F0_D3_raw_Yee_and_flux.mat,#refs#/#gb#,18975,25,1.333224539050279,8.7583479643731012e-11
F0_D3_raw_Yee_and_flux.mat,#refs#/#gb#,19000,18,1.3331084314468296,8.6434768456329506e-11
F0_D3_raw_Yee_and_flux.mat,#refs#/#gb#,19018,423,1.4336307037118157,2.3063185570705346e-10
F0_D3_raw_Yee_and_flux.mat,#refs#/#gb#,19441,1,1.6739386329503632,0.0041520895186212816
F0_D3_raw_Yee_and_flux.mat,#refs#/#gb#,19442,6,1.8504532927756265,0.0084142006130980638
F0_D3_raw_Yee_and_flux.mat,#refs#/#gb#,19448,1,3.120841619484803,0.47909339536545487
F0_D3_raw_Yee_and_flux.mat,#refs#/#gb#,19449,1,1.9897798980459256,0.079258746722675882
F0_D3_raw_Yee_and_flux.mat,#refs#/#gb#,19450,25,1.3331084314468296,8.6434768456329506e-11
F0_D3_raw_Yee_and_flux.mat,#refs#/#gb#,19475,18,1.3329959000198444,8.5318193351527158e-11
F0_D3_raw_Yee_and_flux.mat,#refs#/#gb#,19493,423,1.4333300589876563,2.2822875226402339e-10
F0_D3_raw_Yee_and_flux.mat,#refs#/#gb#,19916,1,1.6710489957106101,0.0042663004200020095
F0_D3_raw_Yee_and_flux.mat,#refs#/#gb#,19917,6,1.8449291813548578,0.0086129912653811983
F0_D3_raw_Yee_and_flux.mat,#refs#/#gb#,19923,1,3.13588457665543,0.45418493801363646
F0_D3_raw_Yee_and_flux.mat,#refs#/#gb#,19924,1,1.9906884090350938,0.074512424895625609
F0_D3_raw_Yee_and_flux.mat,#refs#/#gb#,19925,25,1.3329959000198444,8.5318193351527158e-11
F0_D3_raw_Yee_and_flux.mat,#refs#/#gb#,19950,18,1.3328867952528778,8.4232386723979153e-11
F0_D3_raw_Yee_and_flux.mat,#refs#/#gb#,19968,423,1.4330378420862988,2.2587783439759915e-10
F0_D3_raw_Yee_and_flux.mat,#refs#/#gb#,20391,1,1.6681594788481839,0.0043863280377595265
F0_D3_raw_Yee_and_flux.mat,#refs#/#gb#,20392,6,1.839415665985261,0.0088218521889911125
F0_D3_raw_Yee_and_flux.mat,#refs#/#gb#,20398,1,3.1486731941765163,0.42401117747907069
F0_D3_raw_Yee_and_flux.mat,#refs#/#gb#,20399,1,1.9910672066594168,0.069114699474185276
F0_D3_raw_Yee_and_flux.mat,#refs#/#gb#,20400,25,1.3328867952528778,8.4232386723979153e-11
F0_D3_raw_Yee_and_flux.mat,#refs#/#gb#,20425,18,1.332780975552996,8.3176057904567866e-11
F0_D3_raw_Yee_and_flux.mat,#refs#/#gb#,20443,423,1.4327537373165484,2.2357736184441558e-10
F0_D3_raw_Yee_and_flux.mat,#refs#/#gb#,20866,1,1.6652685696009664,0.0045120784834032229
F0_D3_raw_Yee_and_flux.mat,#refs#/#gb#,20867,6,1.8339101257805321,0.0090404577585502834
F0_D3_raw_Yee_and_flux.mat,#refs#/#gb#,20873,1,3.1571926567241007,0.38958475848345381
F0_D3_raw_Yee_and_flux.mat,#refs#/#gb#,20874,1,1.9907021295426321,0.063292378804219784
F0_D3_raw_Yee_and_flux.mat,#refs#/#gb#,20875,25,1.332780975552996,8.3176057904567866e-11
F0_D3_raw_Yee_and_flux.mat,#refs#/#gb#,20900,18,1.3326783067417964,8.2147987840771116e-11
F0_D3_raw_Yee_and_flux.mat,#refs#/#gb#,20918,423,1.4324774437899332,2.2132567245803302e-10
F0_D3_raw_Yee_and_flux.mat,#refs#/#gb#,21341,1,1.6623748087609194,0.0046434719606664732
F0_D3_raw_Yee_and_flux.mat,#refs#/#gb#,21342,6,1.8284100641507681,0.009268513529299964
F0_D3_raw_Yee_and_flux.mat,#refs#/#gb#,21348,1,3.1600920820346636,0.35267835217564553
F0_D3_raw_Yee_and_flux.mat,#refs#/#gb#,21349,1,1.9894950549067689,0.057327036198336415
F0_D3_raw_Yee_and_flux.mat,#refs#/#gb#,21350,25,1.3326783067417964,8.2147987840771116e-11
F0_D3_raw_Yee_and_flux.mat,#refs#/#gb#,21375,18,1.3325786615848205,8.1147024210037688e-11
F0_D3_raw_Yee_and_flux.mat,#refs#/#gb#,21393,423,1.4322086745872629,2.1912117782557016e-10
F0_D3_raw_Yee_and_flux.mat,#refs#/#gb#,21816,1,1.6594767865709481,0.0047804418619804296
F0_D3_raw_Yee_and_flux.mat,#refs#/#gb#,21817,6,1.8229130999259955,0.0095057537750150561
F0_D3_raw_Yee_and_flux.mat,#refs#/#gb#,21823,1,3.1569444210215756,0.31536971650589185
F0_D3_raw_Yee_and_flux.mat,#refs#/#gb#,21824,1,1.9874668884544011,0.051494274582100694
F0_D3_raw_Yee_and_flux.mat,#refs#/#gb#,21825,25,1.3325786615848205,8.1147024210037688e-11
F0_D3_raw_Yee_and_flux.mat,#refs#/#gb#,21850,18,1.3324819193560435,8.0172076925831713e-11
F0_D3_raw_Yee_and_flux.mat,#refs#/#gb#,21868,423,1.4319471559799226,2.1696235917780122e-10
F0_D3_raw_Yee_and_flux.mat,#refs#/#gb#,22291,1,1.656573138908398,0.0049229339563392083
F0_D3_raw_Yee_and_flux.mat,#refs#/#gb#,22292,6,1.8174169591673213,0.0097519392670975449
F0_D3_raw_Yee_and_flux.mat,#refs#/#gb#,22298,1,3.1481956175857024,0.27955249189779208
F0_D3_raw_Yee_and_flux.mat,#refs#/#gb#,22299,1,1.9847304168305073,0.046016103503888926
F0_D3_raw_Yee_and_flux.mat,#refs#/#gb#,22300,25,1.3324819193560435,8.0172076925831713e-11
F0_D3_raw_Yee_and_flux.mat,#refs#/#gb#,22325,18,1.3323879654344397,7.9222114000222891e-11
F0_D3_raw_Yee_and_flux.mat,#refs#/#gb#,22343,423,1.4316926267017993,2.148477635700048e-10
F0_D3_raw_Yee_and_flux.mat,#refs#/#gb#,22766,1,1.6536625437297587,0.0050709056596493687
F0_D3_raw_Yee_and_flux.mat,#refs#/#gb#,22767,6,1.8119194676028456,0.010006855269416241
F0_D3_raw_Yee_and_flux.mat,#refs#/#gb#,22773,1,3.1348803355449797,0.24660736043462733
F0_D3_raw_Yee_and_flux.mat,#refs#/#gb#,22774,1,1.9814490234274174,0.041038177964072414
F0_D3_raw_Yee_and_flux.mat,#refs#/#gb#,22775,25,1.3323879654344397,7.9222114000222891e-11
F0_D3_raw_Yee_and_flux.mat,#refs#/#gb#,22800,18,1.3322966909299134,7.8296157730630736e-11
F0_D3_raw_Yee_and_flux.mat,#refs#/#gb#,22818,423,1.4314448372680797,2.127760003128341e-10
F0_D3_raw_Yee_and_flux.mat,#refs#/#gb#,23241,1,1.6507437177536111,0.0052243253797239521
F0_D3_raw_Yee_and_flux.mat,#refs#/#gb#,23242,6,1.8064185436318638,0.010270309726556012
F0_D3_raw_Yee_and_flux.mat,#refs#/#gb#,23248,1,3.1182716777353789,0.21730373525584382
F0_D3_raw_Yee_and_flux.mat,#refs#/#gb#,23249,1,1.9777977914195091,0.036630530077626428
F0_D3_raw_Yee_and_flux.mat,#refs#/#gb#,23250,25,1.3322966909299134,7.8296157730630736e-11
F0_D3_raw_Yee_and_flux.mat,#refs#/#gb#,23275,18,1.3322079923361443,7.7393281181629984e-11
F0_D3_raw_Yee_and_flux.mat,#refs#/#gb#,23293,423,1.4312035493374775,2.1074573763427626e-10
F0_D3_raw_Yee_and_flux.mat,#refs#/#gb#,23716,1,1.6478154133609775,0.005383171928908248
F0_D3_raw_Yee_and_flux.mat,#refs#/#gb#,23717,6,1.8009121918465263,0.010542131625619514
F0_D3_raw_Yee_and_flux.mat,#refs#/#gb#,23723,1,3.099601498844188,0.19187924200566339
F0_D3_raw_Yee_and_flux.mat,#refs#/#gb#,23724,1,1.9739364261478762,0.032802711380345018
F0_D3_raw_Yee_and_flux.mat,#refs#/#gb#,23725,25,1.3322079923361443,7.7393281181629984e-11
F0_D3_raw_Yee_and_flux.mat,#refs#/#gb#,23750,18,1.3321217712081261,7.6512604935660329e-11
F0_D3_raw_Yee_and_flux.mat,#refs#/#gb#,23768,423,1.430968535114727,2.0875569955538947e-10
F0_D3_raw_Yee_and_flux.mat,#refs#/#gb#,24191,1,1.6448764156941806,0.0055474339981921921
F0_D3_raw_Yee_and_flux.mat,#refs#/#gb#,24192,6,1.7953984970251784,0.010822169514166251
F0_D3_raw_Yee_and_flux.mat,#refs#/#gb#,24198,1,3.0799023888641677,0.17019848754689426
F0_D3_raw_Yee_and_flux.mat,#refs#/#gb#,24199,1,1.9699955643672078,0.029523608920302119
F0_D3_raw_Yee_and_flux.mat,#refs#/#gb#,24200,25,1.3321217712081261,7.6512604935660329e-11
F0_D3_raw_Yee_and_flux.mat,#refs#/#gb#,24225,18,1.3320379338623836,7.5653294089084541e-11
F0_D3_raw_Yee_and_flux.mat,#refs#/#gb#,24243,423,1.4307395767904412,2.0680466296397469e-10
F0_D3_raw_Yee_and_flux.mat,#refs#/#gb#,24666,1,1.6419255399370349,0.0057171096872418812
F0_D3_raw_Yee_and_flux.mat,#refs#/#gb#,24667,6,1.7898756185560507,0.011110290158642453
F0_D3_raw_Yee_and_flux.mat,#refs#/#gb#,24673,1,3.0599557163088553,0.15191277312391177
F0_D3_raw_Yee_and_flux.mat,#refs#/#gb#,24674,1,1.9660734154485016,0.026739470013578182
F0_D3_raw_Yee_and_flux.mat,#refs#/#gb#,24675,25,1.3320379338623836,7.5653294089084541e-11
F0_D3_raw_Yee_and_flux.mat,#refs#/#gb#,24700,18,1.3319563910980363,7.481455547235704e-11
F0_D3_raw_Yee_and_flux.mat,#refs#/#gb#,24718,423,1.4305164660156671,2.0489145487166323e-10
F0_D3_raw_Yee_and_flux.mat,#refs#/#gb#,25141,1,1.6389616287607482,0.0058922060855790661
F0_D3_raw_Yee_and_flux.mat,#refs#/#gb#,25142,6,1.784341785253956,0.011406377329765066
F0_D3_raw_Yee_and_flux.mat,#refs#/#gb#,25148,1,3.0403053673080707,0.13658297089209639
F0_D3_raw_Yee_and_flux.mat,#refs#/#gb#,25149,1,1.9622385053216922,0.024387400458947522
F0_D3_raw_Yee_and_flux.mat,#refs#/#gb#,25150,25,1.3319563910980363,7.481455547235704e-11
F0_D3_raw_Yee_and_flux.mat,#refs#/#gb#,25175,18,1.3318770579370496,7.3995635075131571e-11
F0_D3_raw_Yee_and_flux.mat,#refs#/#gb#,25193,423,1.4302990034086838,2.0301494984111334e-10
F0_D3_raw_Yee_and_flux.mat,#refs#/#gb#,25616,1,1.6359835499212751,0.006072738900463409
F0_D3_raw_Yee_and_flux.mat,#refs#/#gb#,25617,6,1.7787952905362192,0.011710330702435708
F0_D3_raw_Yee_and_flux.mat,#refs#/#gb#,25623,1,3.0213006118283618,0.12375871384648865
F0_D3_raw_Yee_and_flux.mat,#refs#/#gb#,25624,1,1.9585350545990361,0.022404111712243727
F0_D3_raw_Yee_and_flux.mat,#refs#/#gb#,25625,25,1.3318770579370496,7.3995635075131571e-11
F0_D3_raw_Yee_and_flux.mat,#refs#/#gb#,25650,18,1.331799853382156,7.3195815658977633e-11
F0_D3_raw_Yee_and_flux.mat,#refs#/#gb#,25668,423,1.4300869980917859,2.0117406757109332e-10
F0_D3_raw_Yee_and_flux.mat,#refs#/#gb#,26091,1,1.6329901939951341,0.0062587321276900386
F0_D3_raw_Yee_and_flux.mat,#refs#/#gb#,26092,6,1.7732344879272159,0.012022064859458538
F0_D3_raw_Yee_and_flux.mat,#refs#/#gb#,26098,1,3.0031448223812296,0.11302183631057024
F0_D3_raw_Yee_and_flux.mat,#refs#/#gb#,26099,1,1.954988810564056,0.020730839919824138
F0_D3_raw_Yee_and_flux.mat,#refs#/#gb#,26100,25,1.331799853382156,7.3195815658977633e-11
F0_D3_raw_Yee_and_flux.mat,#refs#/#gb#,26125,18,1.331724700191069,7.2414414542024172e-11
F0_D3_raw_Yee_and_flux.mat,#refs#/#gb#,26143,423,1.4298802672559698,1.9936777062823398e-10
F0_D3_raw_Yee_and_flux.mat,#refs#/#gb#,26566,1,1.6299804722417823,0.0064502177618742896
F0_D3_raw_Yee_and_flux.mat,#refs#/#gb#,26567,6,1.767657786863754,0.012341508389392427
F0_D3_raw_Yee_and_flux.mat,#refs#/#gb#,26573,1,2.9859387370997843,0.10400552467505493
F0_D3_raw_Yee_and_flux.mat,#refs#/#gb#,26574,1,1.9516122445331789,0.01931561178145718
F0_D3_raw_Yee_and_flux.mat,#refs#/#gb#,26575,25,1.331724700191069,7.2414414542024172e-11
F0_D3_raw_Yee_and_flux.mat,#refs#/#gb#,26600,18,1.3316515246657308,7.1650781541321066e-11
F0_D3_raw_Yee_and_flux.mat,#refs#/#gb#,26618,423,1.4296786357516047,1.9759506231512324e-10
F0_D3_raw_Yee_and_flux.mat,#refs#/#gb#,27041,1,1.6269533145816797,0.0066472355431433528
F0_D3_raw_Yee_and_flux.mat,#refs#/#gb#,27042,6,1.7620636487760568,0.012668603069856739
F0_D3_raw_Yee_and_flux.mat,#refs#/#gb#,27048,1,2.9697145467722601,0.096399008725499918
F0_D3_raw_Yee_and_flux.mat,#refs#/#gb#,27049,1,1.9484087307852191,0.018113868289154955
F0_D3_raw_Yee_and_flux.mat,#refs#/#gb#,27050,25,1.3316515246657308,7.1650781541321066e-11
F0_D3_raw_Yee_and_flux.mat,#refs#/#gb#,27075,18,1.3315802564554469,7.0904297060030553e-11
F0_D3_raw_Yee_and_flux.mat,#refs#/#gb#,27093,423,1.4294819357033171,1.9585498466525087e-10
F0_D3_raw_Yee_and_flux.mat,#refs#/#gb#,27516,1,1.6239076676800359,0.0068498327375795462
F0_D3_raw_Yee_and_flux.mat,#refs#/#gb#,27517,6,1.7564505834214019,0.01300330312870346
F0_D3_raw_Yee_and_flux.mat,#refs#/#gb#,27523,1,2.9544608958318861,0.089944670437870147
F0_D3_raw_Yee_and_flux.mat,#refs#/#gb#,27524,1,1.945375696982621,0.017088177828895049
F0_D3_raw_Yee_and_flux.mat,#refs#/#gb#,27525,25,1.3315802564554469,7.0904297060030553e-11
F0_D3_raw_Yee_and_flux.mat,#refs#/#gb#,27550,18,1.3315108283728561,7.0174370307743659e-11
F0_D3_raw_Yee_and_flux.mat,#refs#/#gb#,27568,423,1.4292900061474558,1.9414661655605025e-10
F0_D3_raw_Yee_and_flux.mat,#refs#/#gb#,27991,1,1.6208424931270835,0.007058063948999293
F0_D3_raw_Yee_and_flux.mat,#refs#/#gb#,27992,6,1.7508171454494992,0.013345574576166782
F0_D3_raw_Yee_and_flux.mat,#refs#/#gb#,27998,1,2.9401403511254509,0.084431821893544215
F0_D3_raw_Yee_and_flux.mat,#refs#/#gb#,27999,1,1.9425068945878996,0.016207513156673771
F0_D3_raw_Yee_and_flux.mat,#refs#/#gb#,28000,25,1.3315108283728561,7.0174370307743659e-11
F0_D3_raw_Yee_and_flux.mat,#refs#/#gb#,28025,18,1.3314431762217758,6.946043764328249e-11
F0_D3_raw_Yee_and_flux.mat,#refs#/#gb#,28043,423,1.4291026926906218,1.9246907193197741e-10
F0_D3_raw_Yee_and_flux.mat,#refs#/#gb#,28466,1,1.6177567657064227,0.0072719909599323835
F0_D3_raw_Yee_and_flux.mat,#refs#/#gb#,28467,6,1.7451619311805318,0.013695394601847355
F0_D3_raw_Yee_and_flux.mat,#refs#/#gb#,28473,1,2.9267011671649685,0.079689536327900892
F0_D3_raw_Yee_and_flux.mat,#refs#/#gb#,28474,1,1.9397939790399699,0.015446374625053836
F0_D3_raw_Yee_and_flux.mat,#refs#/#gb#,28475,25,1.3314431762217758,6.946043764328249e-11
F0_D3_raw_Yee_and_flux.mat,#refs#/#gb#,28500,18,1.331377238636047,6.8761961030304154e-11
F0_D3_raw_Yee_and_flux.mat,#refs#/#gb#,28518,423,1.4289198471878697,1.9082149813018129e-10
F0_D3_raw_Yee_and_flux.mat,#refs#/#gb#,28941,1,1.6146494717436539,0.0074916825999714167
F0_D3_raw_Yee_and_flux.mat,#refs#/#gb#,28942,6,1.7394835755784483,0.014052751031151558
F0_D3_raw_Yee_and_flux.mat,#refs#/#gb#,28948,1,2.9140849613411688,0.075579738514907666
F0_D3_raw_Yee_and_flux.mat,#refs#/#gb#,28949,1,1.9372275767058871,0.014783913766335392
F0_D3_raw_Yee_and_flux.mat,#refs#/#gb#,28950,25,1.331377238636047,6.8761961030304154e-11
F0_D3_raw_Yee_and_flux.mat,#refs#/#gb#,28975,18,1.3313129569285669,6.8078426596885098e-11
F0_D3_raw_Yee_and_flux.mat,#refs#/#gb#,28993,423,1.4287413274392866,1.8920307430190175e-10
F0_D3_raw_Yee_and_flux.mat,#refs#/#gb#,29416,1,1.6115196075281024,0.0077172146397805324
F0_D3_raw_Yee_and_flux.mat,#refs#/#gb#,29417,6,1.7337807494035582,0.014417641836190398
F0_D3_raw_Yee_and_flux.mat,#refs#/#gb#,29423,1,2.9022315604870323,0.071991077981638771
F0_D3_raw_Yee_and_flux.mat,#refs#/#gb#,29424,1,1.9347979837947535,0.014203132156189511
F0_D3_raw_Yee_and_flux.mat,#refs#/#gb#,29425,25,1.3313129569285669,6.8078426596885098e-11
F0_D3_raw_Yee_and_flux.mat,#refs#/#gb#,29450,18,1.331250274949775,6.7409343291039794e-11
F0_D3_raw_Yee_and_flux.mat,#refs#/#gb#,29468,423,1.4285669969037471,1.8761300992323958e-10
F0_D3_raw_Yee_and_flux.mat,#refs#/#gb#,29891,1,1.6083661778009835,0.0079486697093836614
F0_D3_raw_Yee_and_flux.mat,#refs#/#gb#,29892,6,1.7280521565298486,0.014790074696906625
F0_D3_raw_Yee_and_flux.mat,#refs#/#gb#,29898,1,2.891081942309909,0.068833741362911954
F0_D3_raw_Yee_and_flux.mat,#refs#/#gb#,29899,1,1.9324956082954869,0.013690184729058821
F0_D3_raw_Yee_and_flux.mat,#refs#/#gb#,29900,25,1.331250274949775,6.7409343291039794e-11
F0_D3_raw_Yee_and_flux.mat,#refs#/#gb#,29925,18,1.3311891389549122,6.6754241624829333e-11
F0_D3_raw_Yee_and_flux.mat,#refs#/#gb#,29943,423,1.4283967244287403,1.8605054338943431e-10
F0_D3_raw_Yee_and_flux.mat,#refs#/#gb#,30366,1,1.6051881943038193,0.0081861372393958898
F0_D3_raw_Yee_and_flux.mat,#refs#/#gb#,30367,6,1.7222965314136254,0.015170066608397778
F0_D3_raw_Yee_and_flux.mat,#refs#/#gb#,30373,1,2.8805799212299767,0.066035179264636937
F0_D3_raw_Yee_and_flux.mat,#refs#/#gb#,30374,1,1.9303112363188044,0.013233792063156783
F0_D3_raw_Yee_and_flux.mat,#refs#/#gb#,30375,25,1.3311891389549122,6.6754241624829333e-11
F0_D3_raw_Yee_and_flux.mat,#refs#/#gb#,30400,18,1.3311294974794272,6.6112672500348508e-11
F0_D3_raw_Yee_and_flux.mat,#refs#/#gb#,30418,423,1.4282303839952308,1.8451494068720935e-10
F0_D3_raw_Yee_and_flux.mat,#refs#/#gb#,30841,1,1.6019846743813744,0.0084297134241542622
F0_D3_raw_Yee_and_flux.mat,#refs#/#gb#,30842,6,1.7165126367011847,0.015557643531055638
F0_D3_raw_Yee_and_flux.mat,#refs#/#gb#,30848,1,2.8706730234533655,0.063536645508032882
F0_D3_raw_Yee_and_flux.mat,#refs#/#gb#,30849,1,1.9282361807821209,0.012824754075325946
F0_D3_raw_Yee_and_flux.mat,#refs#/#gb#,30850,25,1.3311294974794272,6.6112672500348508e-11
F0_D3_raw_Yee_and_flux.mat,#refs#/#gb#,30875,18,1.3310713012219602,6.5484206111452068e-11
F0_D3_raw_Yee_and_flux.mat,#refs#/#gb#,30893,423,1.4280678544766081,1.8300549414015817e-10
F0_D3_raw_Yee_and_flux.mat,#refs#/#gb#,31316,1,1.5987546396337491,0.0086795012057795176
F0_D3_raw_Yee_and_flux.mat,#refs#/#gb#,31317,6,1.7106992609642091,0.015952840080368937
F0_D3_raw_Yee_and_flux.mat,#refs#/#gb#,31323,1,2.8613128501538863,0.061290423202519866
F0_D3_raw_Yee_and_flux.mat,#refs#/#gb#,31324,1,1.9262623528437772,0.012455552605563443
F0_D3_raw_Yee_and_flux.mat,#refs#/#gb#,31325,25,1.3310713012219602,6.5484206111452068e-11
F0_D3_raw_Yee_and_flux.mat,#refs#/#gb#,31350,18,1.3310145029343707,6.4868430915599993e-11
F0_D3_raw_Yee_and_flux.mat,#refs#/#gb#,31368,423,1.4279090194108277,1.8152152122250231e-10
F0_D3_raw_Yee_and_flux.mat,#refs#/#gb#,31791,1,1.5954971146126393,0.0089356102783568255
F0_D3_raw_Yee_and_flux.mat,#refs#/#gb#,31792,6,1.7048552165524564,0.016355699253602592
F0_D3_raw_Yee_and_flux.mat,#refs#/#gb#,31798,1,2.8524551265711642,0.059257614804115302
F0_D3_raw_Yee_and_flux.mat,#refs#/#gb#,31799,1,1.9243822838190914,0.012120029211801655
F0_D3_raw_Yee_and_flux.mat,#refs#/#gb#,31800,25,1.3310145029343707,6.4868430915599993e-11
F0_D3_raw_Yee_and_flux.mat,#refs#/#gb#,31825,18,1.3309590573183279,6.4264952670670436e-11
F0_D3_raw_Yee_and_flux.mat,#refs#/#gb#,31843,423,1.4277537667849267,1.8006236343689563e-10
F0_D3_raw_Yee_and_flux.mat,#refs#/#gb#,32266,1,1.5922111255570663,0.0091981571115764323
F0_D3_raw_Yee_and_flux.mat,#refs#/#gb#,32267,6,1.6989793375541276,0.016766272190912052
F0_D3_raw_Yee_and_flux.mat,#refs#/#gb#,32273,1,2.8440595661929984,0.057406387072200381
F0_D3_raw_Yee_and_flux.mat,#refs#/#gb#,32274,1,1.9225891163547191,0.01181312520825503
F0_D3_raw_Yee_and_flux.mat,#refs#/#gb#,32275,25,1.3309590573183279,6.4264952670670436e-11
F0_D3_raw_Yee_and_flux.mat,#refs#/#gb#,32300,18,1.3309049209280088,6.3673393532017043e-11
F0_D3_raw_Yee_and_flux.mat,#refs#/#gb#,32318,423,1.4276019888311413,1.7862738525226216e-10
F0_D3_raw_Yee_and_flux.mat,#refs#/#gb#,32741,1,1.5888956991641889,0.0094672649932795311
F0_D3_raw_Yee_and_flux.mat,#refs#/#gb#,32742,6,1.6930704778550256,0.017184617968694811
F0_D3_raw_Yee_and_flux.mat,#refs#/#gb#,32748,1,2.8360896332051704,0.055710578908981262
F0_D3_raw_Yee_and_flux.mat,#refs#/#gb#,32749,1,1.9208765774094712,0.011530672488782706
F0_D3_raw_Yee_and_flux.mat,#refs#/#gb#,32750,25,1.3309049209280088,6.3673393532017043e-11
F0_D3_raw_Yee_and_flux.mat,#refs#/#gb#,32775,18,1.3308520520784972,6.309339120543219e-11
F0_D3_raw_Yee_and_flux.mat,#refs#/#gb#,32793,423,1.427453581833918,1.7721597309793245e-10
F0_D3_raw_Yee_and_flux.mat,#refs#/#gb#,33216,1,1.5855498613910428,0.0097430640904644407
F0_D3_raw_Yee_and_flux.mat,#refs#/#gb#,33217,6,1.6871275092882638,0.017610803423224596
F0_D3_raw_Yee_and_flux.mat,#refs#/#gb#,33223,1,2.8285122559054381,0.054148596771205912
F0_D3_raw_Yee_and_flux.mat,#refs#/#gb#,33224,1,1.9192389413100077,0.011269225408504982
F0_D3_raw_Yee_and_flux.mat,#refs#/#gb#,33225,25,1.3308520520784972,6.309339120543219e-11
F0_D3_raw_Yee_and_flux.mat,#refs#/#gb#,33250,18,1.3308004107594924,6.2524598152031427e-11
F0_D3_raw_Yee_and_flux.mat,#refs#/#gb#,33268,423,1.4273084459471497,1.7582753441061516e-10
F0_D3_raw_Yee_and_flux.mat,#refs#/#gb#,33691,1,1.5821726362832889,0.010025691528409051
F0_D3_raw_Yee_and_flux.mat,#refs#/#gb#,33692,6,1.6811493198668921,0.018044903002830893
F0_D3_raw_Yee_and_flux.mat,#refs#/#gb#,33698,1,2.8212975237468991,0.052702537146883638
F0_D3_raw_Yee_and_flux.mat,#refs#/#gb#,33699,1,1.9176709882375857,0.011025925669509756
F0_D3_raw_Yee_and_flux.mat,#refs#/#gb#,33700,25,1.3308004107594924,6.2524598152031427e-11
F0_D3_raw_Yee_and_flux.mat,#refs#/#gb#,33725,18,1.3307499585539815,6.1966680841394655e-11
F0_D3_raw_Yee_and_flux.mat,#refs#/#gb#,33743,423,1.4271664850210231,1.7446149673097922e-10
F0_D3_raw_Yee_and_flux.mat,#refs#/#gb#,34166,1,1.5787630448272605,0.010315291487704671
F0_D3_raw_Yee_and_flux.mat,#refs#/#gb#,34167,6,1.6751348120923371,0.018486998647163883
F0_D3_raw_Yee_and_flux.mat,#refs#/#gb#,34173,1,2.8144183876295541,0.051357488039301194
F0_D3_raw_Yee_and_flux.mat,#refs#/#gb#,34174,1,1.9161679615375484,0.010798393646764446
F0_D3_raw_Yee_and_flux.mat,#refs#/#gb#,34175,25,1.3307499585539815,6.1966680841394655e-11
F0_D3_raw_Yee_and_flux.mat,#refs#/#gb#,34200,18,1.330700658561544,6.141931904958973e-11
F0_D3_raw_Yee_and_flux.mat,#refs#/#gb#,34218,423,1.4270276064378948,1.7311730684684202e-10
F0_D3_raw_Yee_and_flux.mat,#refs#/#gb#,34641,1,1.575320103821767,0.010612015319044888
F0_D3_raw_Yee_and_flux.mat,#refs#/#gb#,34642,6,1.669082901332045,0.018937179692187653
F0_D3_raw_Yee_and_flux.mat,#refs#/#gb#,34648,1,2.8078503746462364,0.050100971555095603
F0_D3_raw_Yee_and_flux.mat,#refs#/#gb#,34649,1,1.9147255259298592,0.010584640859751542
F0_D3_raw_Yee_and_flux.mat,#refs#/#gb#,34650,25,1.330700658561544,6.141931904958973e-11
F0_D3_raw_Yee_and_flux.mat,#refs#/#gb#,34675,18,1.330652475325987,6.0882205198971537e-11
F0_D3_raw_Yee_and_flux.mat,#refs#/#gb#,34693,423,1.4268917209566647,1.7179442998017446e-10
F0_D3_raw_Yee_and_flux.mat,#refs#/#gb#,35116,1,1.5718428247662777,0.010916021675719248
F0_D3_raw_Yee_and_flux.mat,#refs#/#gb#,35117,6,1.6629925142601483,0.019395542799746968
F0_D3_raw_Yee_and_flux.mat,#refs#/#gb#,35123,1,2.8015713231322401,0.048922497820924588
F0_D3_raw_Yee_and_flux.mat,#refs#/#gb#,35124,1,1.9133397278296829,0.01038299934732592
F0_D3_raw_Yee_and_flux.mat,#refs#/#gb#,35125,25,1.330652475325987,6.0882205198971537e-11
F0_D3_raw_Yee_and_flux.mat,#refs#/#gb#,35150,18,1.3306053747670306,6.0355043736892195e-11
F0_D3_raw_Yee_and_flux.mat,#refs#/#gb#,35168,423,1.4267587425651402,1.7049234901531311e-10
F0_D3_raw_Yee_and_flux.mat,#refs#/#gb#,35591,1,1.5683302127622407,0.011227476663896584
F0_D3_raw_Yee_and_flux.mat,#refs#/#gb#,35592,6,1.6568625873553819,0.019862191910795239
F0_D3_raw_Yee_and_flux.mat,#refs#/#gb#,35598,1,2.7955611405152663,0.047813206882534584
F0_D3_raw_Yee_and_flux.mat,#refs#/#gb#,35599,1,1.9120069584187986,0.010192064559933123
F0_D3_raw_Yee_and_flux.mat,#refs#/#gb#,35600,25,1.3306053747670306,6.0355043736892195e-11
F0_D3_raw_Yee_and_flux.mat,#refs#/#gb#,35625,18,1.3305593241157823,5.9837550550678592e-11
F0_D3_raw_Yee_and_flux.mat,#refs#/#gb#,35643,423,1.4266285883399257,1.692105637659543e-10
F0_D3_raw_Yee_and_flux.mat,#refs#/#gb#,36066,1,1.564781265424432,0.011546554010774885
F0_D3_raw_Yee_and_flux.mat,#refs#/#gb#,36067,6,1.6506920654508317,0.020337238221352763
F0_D3_raw_Yee_and_flux.mat,#refs#/#gb#,36073,1,2.7898015844159882,0.046765580288780119
F0_D3_raw_Yee_and_flux.mat,#refs#/#gb#,36074,1,1.9107239197434494,0.010010649072989972
F0_D3_raw_Yee_and_flux.mat,#refs#/#gb#,36075,25,1.3305593241157823,5.9837550550678592e-11
F0_D3_raw_Yee_and_flux.mat,#refs#/#gb#,36100,18,1.3305142918537638,5.9329452416437214e-11
F0_D3_raw_Yee_and_flux.mat,#refs#/#gb#,36118,423,1.4265011783133956,1.6794859027866288e-10
F0_D3_raw_Yee_and_flux.mat,#refs#/#gb#,36541,1,1.561194971799299,0.011873435250868607
F0_D3_raw_Yee_and_flux.mat,#refs#/#gb#,36542,6,1.6444799003304102,0.020820800180598779
F0_D3_raw_Yee_and_flux.mat,#refs#/#gb#,36548,1,2.7842760662483714,0.045773208010967875
F0_D3_raw_Yee_and_flux.mat,#refs#/#gb#,36549,1,1.9094875938850402,0.0098377449763653365
F0_D3_raw_Yee_and_flux.mat,#refs#/#gb#,36550,25,1.3305142918537638,5.9329452416437214e-11
F0_D3_raw_Yee_and_flux.mat,#refs#/#gb#,36575,18,1.3304702476552577,5.8830486479430666e-11
F0_D3_raw_Yee_and_flux.mat,#refs#/#gb#,36593,423,1.4263764353473483,1.6670596017078072e-10
F0_D3_raw_Yee_and_flux.mat,#refs#/#gb#,37016,1,1.55757031128739,0.012208309930706651
F0_D3_raw_Yee_and_flux.mat,#refs#/#gb#,37017,6,1.638225049367263,0.021313003510485887
F0_D3_raw_Yee_and_flux.mat,#refs#/#gb#,37023,1,2.7789694759090882,0.044830599428179803
F0_D3_raw_Yee_and_flux.mat,#refs#/#gb#,37024,1,1.9082952151113801,0.0096724932332906723
F0_D3_raw_Yee_and_flux.mat,#refs#/#gb#,37025,25,1.3304702476552577,5.8830486479430666e-11
F0_D3_raw_Yee_and_flux.mat,#refs#/#gb#,37050,18,1.330427162332775,5.8340399763940942e-11
F0_D3_raw_Yee_and_flux.mat,#refs#/#gb#,37068,423,1.4262542850129529,1.6548222000075733e-10
F0_D3_raw_Yee_and_flux.mat,#refs#/#gb#,37491,1,1.5539062525669936,0.012551375832358474
F0_D3_raw_Yee_and_flux.mat,#refs#/#gb#,37492,6,1.6319264741995436,0.021813981246496143
F0_D3_raw_Yee_and_flux.mat,#refs#/#gb#,37498,1,2.773868025827428,0.043933029510989943
F0_D3_raw_Yee_and_flux.mat,#refs#/#gb#,37499,1,1.9071442448370413,0.0095141586497970998
F0_D3_raw_Yee_and_flux.mat,#refs#/#gb#,37500,25,1.330427162332775,5.8340399763940942e-11
F0_D3_raw_Yee_and_flux.mat,#refs#/#gb#,37525,18,1.330385007785446,5.7858948710688413e-11
F0_D3_raw_Yee_and_flux.mat,#refs#/#gb#,37543,423,1.4261346554766328,1.6427693066905832e-10
F0_D3_raw_Yee_and_flux.mat,#refs#/#gb#,37966,1,1.5502017525162082,0.012902839216233827
F0_D3_raw_Yee_and_flux.mat,#refs#/#gb#,37967,6,1.6255831394392577,0.022323873799176899
F0_D3_raw_Yee_and_flux.mat,#refs#/#gb#,37973,1,2.7689591125407014,0.043076413209425443
F0_D3_raw_Yee_and_flux.mat,#refs#/#gb#,37974,1,1.9060323491810511,0.0093621093712859382
F0_D3_raw_Yee_and_flux.mat,#refs#/#gb#,37975,25,1.330385007785446,5.7858948710688413e-11
F0_D3_raw_Yee_and_flux.mat,#refs#/#gb#,38000,18,1.3303437569501535,5.7385898740020597e-11
F0_D3_raw_Yee_and_flux.mat,#refs#/#gb#,38018,423,1.4260174773915519,1.6308966684792158e-10
F0_D3_raw_Yee_and_flux.mat,#refs#/#gb#,38441,1,1.5464557551306688,0.013262915083762544
F0_D3_raw_Yee_and_flux.mat,#refs#/#gb#,38442,6,1.6191940114100472,0.022842829036338604
F0_D3_raw_Yee_and_flux.mat,#refs#/#gb#,38448,1,2.7642311939805335,0.042257202514067692
F0_D3_raw_Yee_and_flux.mat,#refs#/#gb#,38449,1,1.9049573788945533,0.0092158000410457203
F0_D3_raw_Yee_and_flux.mat,#refs#/#gb#,38450,25,1.3303437569501535,5.7385898740020597e-11
F0_D3_raw_Yee_and_flux.mat,#refs#/#gb#,38475,18,1.3303033837552438,5.6921023839212806e-11
F0_D3_raw_Yee_and_flux.mat,#refs#/#gb#,38493,423,1.4259026837943873,1.619200164383454e-10
F0_D3_raw_Yee_and_flux.mat,#refs#/#gb#,38916,1,1.542667190434216,0.013631827460549769
F0_D3_raw_Yee_and_flux.mat,#refs#/#gb#,38917,6,1.6127580569100002,0.023371002385735244
F0_D3_raw_Yee_and_flux.mat,#refs#/#gb#,38923,1,2.7596736807480875,0.041472301803736983
F0_D3_raw_Yee_and_flux.mat,#refs#/#gb#,38924,1,1.9039173514308911,0.0090747579284282745
F0_D3_raw_Yee_and_flux.mat,#refs#/#gb#,38925,25,1.3303033837552438,5.6921023839212806e-11
F0_D3_raw_Yee_and_flux.mat,#refs#/#gb#,38950,18,1.3302638630766586,5.64641061723453e-11
F0_D3_raw_Yee_and_flux.mat,#refs#/#gb#,38968,423,1.4257902100070974,1.6076758005279636e-10
F0_D3_raw_Yee_and_flux.mat,#refs#/#gb#,39391,1,1.5388349733797995,0.014009809700840108
F0_D3_raw_Yee_and_flux.mat,#refs#/#gb#,39392,6,1.6062742419957108,0.023908556958409925
F0_D3_raw_Yee_and_flux.mat,#refs#/#gb#,39398,1,2.7552768397863896,0.040718997990515288
F0_D3_raw_Yee_and_flux.mat,#refs#/#gb#,39399,1,1.9029104349395802,0.008938571471539123
F0_D3_raw_Yee_and_flux.mat,#refs#/#gb#,39400,25,1.3302638630766586,5.64641061723453e-11
F0_D3_raw_Yee_and_flux.mat,#refs#/#gb#,39425,18,1.3302251706963424,5.6014935711331423e-11
F0_D3_raw_Yee_and_flux.mat,#refs#/#gb#,39443,423,1.4256799935434077,1.5963197052221769e-10
F0_D3_raw_Yee_and_flux.mat,#refs#/#gb#,39866,1,1.5349580027379053,0.014397104814034013
F0_D3_raw_Yee_and_flux.mat,#refs#/#gb#,39867,6,1.5997415307839593,0.024455663692676238
F0_D3_raw_Yee_and_flux.mat,#refs#/#gb#,39873,1,2.7510317090037573,0.039994902678085392
F0_D3_raw_Yee_and_flux.mat,#refs#/#gb#,39874,1,1.901934933979784,0.0088068807882370256
F0_D3_raw_Yee_and_flux.mat,#refs#/#gb#,39875,25,1.3302251706963424,5.6014935711331423e-11
F0_D3_raw_Yee_and_flux.mat,#refs#/#gb#,39900,18,1.3301872832627892,5.5573309886771834e-11
F0_D3_raw_Yee_and_flux.mat,#refs#/#gb#,39918,423,1.4255719740197548,1.5851281242600934e-10
F0_D3_raw_Yee_and_flux.mat,#refs#/#gb#,40341,1,1.5310351599698033,0.014793965814291416
F0_D3_raw_Yee_and_flux.mat,#refs#/#gb#,40342,6,1.5931588842674997,0.025012501519144744
F0_D3_raw_Yee_and_flux.mat,#refs#/#gb#,40348,1,2.7469300215506443,0.039297904105100166
F0_D3_raw_Yee_and_flux.mat,#refs#/#gb#,40349,1,1.9009892767655097,0.0086793697959285654
F0_D3_raw_Yee_and_flux.mat,#refs#/#gb#,40350,25,1.3301872832627892,5.5573309886771834e-11
F0_D3_raw_Yee_and_flux.mat,#refs#/#gb#,40375,18,1.3301501782536056,5.5139033257405715e-11
F0_D3_raw_Yee_and_flux.mat,#refs#/#gb#,40393,423,1.4254660930704495,1.5740974164373462e-10
F0_D3_raw_Yee_and_flux.mat,#refs#/#gb#,40816,1,1.5270653080828813,0.015200656094199428
F0_D3_raw_Yee_and_flux.mat,#refs#/#gb#,40817,6,1.5865252591415488,0.025579257547031924
F0_D3_raw_Yee_and_flux.mat,#refs#/#gb#,40823,1,2.7429641385951591,0.038626127084470809
F0_D3_raw_Yee_and_flux.mat,#refs#/#gb#,40824,1,1.9000720037721641,0.0085557596497670245
F0_D3_raw_Yee_and_flux.mat,#refs#/#gb#,40825,25,1.3301501782536056,5.5139033257405715e-11
F0_D3_raw_Yee_and_flux.mat,#refs#/#gb#,40850,18,1.330113833939967,5.471191719701389e-11
F0_D3_raw_Yee_and_flux.mat,#refs#/#gb#,40868,423,1.4253622942668269,1.5632240492738315e-10
F0_D3_raw_Yee_and_flux.mat,#refs#/#gb#,41291,1,1.5230472904653041,0.015617449823705816
F0_D3_raw_Yee_and_flux.mat,#refs#/#gb#,41292,6,1.5798396066376401,0.026156127272295292
F0_D3_raw_Yee_and_flux.mat,#refs#/#gb#,41298,1,2.7391269895759516,0.037977899497550607
F0_D3_raw_Yee_and_flux.mat,#refs#/#gb#,41299,1,1.8991817575512615,0.0084358032641038451
F0_D3_raw_Yee_and_flux.mat,#refs#/#gb#,41300,25,1.330113833939967,5.471191719701389e-11
F0_D3_raw_Yee_and_flux.mat,#refs#/#gb#,41325,18,1.3300782293528619,5.42917795977101e-11
F0_D3_raw_Yee_and_flux.mat,#refs#/#gb#,41343,423,1.4252605230401729,1.5525045949309146e-10
F0_D3_raw_Yee_and_flux.mat,#refs#/#gb#,41766,1,1.5189799296971871,0.016044632375586544
F0_D3_raw_Yee_and_flux.mat,#refs#/#gb#,41767,6,1.5731008713615824,0.026743314808162891
F0_D3_raw_Yee_and_flux.mat,#refs#/#gb#,41773,1,2.7354120190329607,0.03735172417890005
F0_D3_raw_Yee_and_flux.mat,#refs#/#gb#,41774,1,1.89831727361643,0.0083192807262837693
F0_D3_raw_Yee_and_flux.mat,#refs#/#gb#,41775,25,1.3300782293528619,5.42917795977101e-11
F0_D3_raw_Yee_and_flux.mat,#refs#/#gb#,41800,18,1.3300433442510182,5.3878444588629071e-11
F0_D3_raw_Yee_and_flux.mat,#refs#/#gb#,41818,423,1.4251607266082222,1.5419357263129445e-10
F0_D3_raw_Yee_and_flux.mat,#refs#/#gb#,42241,1,1.5148620263354227,0.016482500778811034
F0_D3_raw_Yee_and_flux.mat,#refs#/#gb#,42242,6,1.5663079901323114,0.027341033138693436
F0_D3_raw_Yee_and_flux.mat,#refs#/#gb#,42248,1,2.73181313922619,0.036746255247966812
F0_D3_raw_Yee_and_flux.mat,#refs#/#gb#,42249,1,1.8974773722790097,0.0082059954473978815
F0_D3_raw_Yee_and_flux.mat,#refs#/#gb#,42250,25,1.3300433442510182,5.3878444588629071e-11
F0_D3_raw_Yee_and_flux.mat,#refs#/#gb#,42275,18,1.3300091590904171,5.3471742269087735e-11
F0_D3_raw_Yee_and_flux.mat,#refs#/#gb#,42293,423,1.4250628539050438,1.5315142133433192e-10
F0_D3_raw_Yee_and_flux.mat,#refs#/#gb#,42716,1,1.5106923576692297,0.016931364201413196
F0_D3_raw_Yee_and_flux.mat,#refs#/#gb#,42717,6,1.5594598908184449,0.027949504396307771
F0_D3_raw_Yee_and_flux.mat,#refs#/#gb#,42723,1,2.7283246878502712,0.036160278120483308
F0_D3_raw_Yee_and_flux.mat,#refs#/#gb#,42724,1,1.8966609513253656,0.0080957709231984452
F0_D3_raw_Yee_and_flux.mat,#refs#/#gb#,42725,25,1.3300091590904171,5.3471742269087735e-11
F0_D3_raw_Yee_and_flux.mat,#refs#/#gb#,42750,18,1.3299756549953026,5.3071508455359614e-11
F0_D3_raw_Yee_and_flux.mat,#refs#/#gb#,42768,423,1.4249668555141317,1.5212369194060802e-10
F0_D3_raw_Yee_and_flux.mat,#refs#/#gb#,43191,1,1.5064696764433969,0.017391544464447968
F0_D3_raw_Yee_and_flux.mat,#refs#/#gb#,43192,6,1.5525554911693826,0.028568960164072267
F0_D3_raw_Yee_and_flux.mat,#refs#/#gb#,43198,1,2.7249413902389277,0.035592692573958092
F0_D3_raw_Yee_and_flux.mat,#refs#/#gb#,43199,1,1.8958669794405614,0.0079884480014478978
F0_D3_raw_Yee_and_flux.mat,#refs#/#gb#,43200,25,1.3299756549953026,5.3071508455359614e-11
F0_D3_raw_Yee_and_flux.mat,#refs#/#h#,0,1,121,
F0_D3_raw_Yee_and_flux.mat,#refs#/#h#,1,1,95,
F0_D3_raw_Yee_and_flux.mat,#refs#/#h#,2,1,111,
F0_D3_raw_Yee_and_flux.mat,#refs#/#h#,3,2,102,
F0_D3_raw_Yee_and_flux.mat,#refs#/#h#,5,1,115,
F0_D3_raw_Yee_and_flux.mat,#refs#/#h#,6,1,101,
F0_D3_raw_Yee_and_flux.mat,#refs#/#h#,7,1,116,
F0_D3_raw_Yee_and_flux.mat,#refs#/#hb#,0,1,3.5000000000000004e-07,
F0_D3_raw_Yee_and_flux.mat,#refs#/#hb#,1,1,3.5499999999999999e-07,
F0_D3_raw_Yee_and_flux.mat,#refs#/#hb#,2,1,3.5999999999999999e-07,
F0_D3_raw_Yee_and_flux.mat,#refs#/#hb#,3,1,3.65e-07,
F0_D3_raw_Yee_and_flux.mat,#refs#/#hb#,4,1,3.7000000000000006e-07,
F0_D3_raw_Yee_and_flux.mat,#refs#/#hb#,5,1,3.7500000000000001e-07,
F0_D3_raw_Yee_and_flux.mat,#refs#/#hb#,6,1,3.7999999999999996e-07,
F0_D3_raw_Yee_and_flux.mat,#refs#/#hb#,7,1,3.8499999999999997e-07,
F0_D3_raw_Yee_and_flux.mat,#refs#/#hb#,8,1,3.8999999999999997e-07,
F0_D3_raw_Yee_and_flux.mat,#refs#/#hb#,9,1,3.9499999999999998e-07,
F0_D3_raw_Yee_and_flux.mat,#refs#/#hb#,10,1,3.9999999999999998e-07,
F0_D3_raw_Yee_and_flux.mat,#refs#/#hb#,11,1,4.0500000000000004e-07,
F0_D3_raw_Yee_and_flux.mat,#refs#/#hb#,12,1,4.0999999999999994e-07,
F0_D3_raw_Yee_and_flux.mat,#refs#/#hb#,13,1,4.1500000000000005e-07,
F0_D3_raw_Yee_and_flux.mat,#refs#/#hb#,14,1,4.1999999999999995e-07,
F0_D3_raw_Yee_and_flux.mat,#refs#/#hb#,15,1,4.2499999999999995e-07,
F0_D3_raw_Yee_and_flux.mat,#refs#/#hb#,16,1,4.3000000000000001e-07,
F0_D3_raw_Yee_and_flux.mat,#refs#/#hb#,17,1,4.3499999999999996e-07,
F0_D3_raw_Yee_and_flux.mat,#refs#/#hb#,18,1,4.3999999999999997e-07,
F0_D3_raw_Yee_and_flux.mat,#refs#/#hb#,19,1,4.4499999999999997e-07,
F0_D3_raw_Yee_and_flux.mat,#refs#/#hb#,20,1,4.4999999999999998e-07,
F0_D3_raw_Yee_and_flux.mat,#refs#/#hb#,21,1,4.5500000000000004e-07,
F0_D3_raw_Yee_and_flux.mat,#refs#/#hb#,22,1,4.6000000000000004e-07,
F0_D3_raw_Yee_and_flux.mat,#refs#/#hb#,23,1,4.6500000000000005e-07,
F0_D3_raw_Yee_and_flux.mat,#refs#/#hb#,24,1,4.7000000000000005e-07,
F0_D3_raw_Yee_and_flux.mat,#refs#/#hb#,25,1,4.75e-07,
F0_D3_raw_Yee_and_flux.mat,#refs#/#hb#,26,1,4.7999999999999996e-07,
F0_D3_raw_Yee_and_flux.mat,#refs#/#hb#,27,1,4.8500000000000002e-07,
F0_D3_raw_Yee_and_flux.mat,#refs#/#hb#,28,1,4.8999999999999997e-07,
F0_D3_raw_Yee_and_flux.mat,#refs#/#hb#,29,1,4.9500000000000003e-07,
F0_D3_raw_Yee_and_flux.mat,#refs#/#hb#,30,1,4.9999999999999998e-07,
F0_D3_raw_Yee_and_flux.mat,#refs#/#hb#,31,1,5.0500000000000004e-07,
F0_D3_raw_Yee_and_flux.mat,#refs#/#hb#,32,1,5.0999999999999999e-07,
F0_D3_raw_Yee_and_flux.mat,#refs#/#hb#,33,1,5.1499999999999994e-07,
F0_D3_raw_Yee_and_flux.mat,#refs#/#hb#,34,1,5.200000000000001e-07,
F0_D3_raw_Yee_and_flux.mat,#refs#/#hb#,35,1,5.2499999999999995e-07,
F0_D3_raw_Yee_and_flux.mat,#refs#/#hb#,36,1,5.3000000000000001e-07,
F0_D3_raw_Yee_and_flux.mat,#refs#/#hb#,37,1,5.3499999999999996e-07,
F0_D3_raw_Yee_and_flux.mat,#refs#/#hb#,38,1,5.4000000000000012e-07,
F0_D3_raw_Yee_and_flux.mat,#refs#/#hb#,39,1,5.4499999999999997e-07,
F0_D3_raw_Yee_and_flux.mat,#refs#/#hb#,40,1,5.5000000000000003e-07,
F0_D3_raw_Yee_and_flux.mat,#refs#/#hb#,41,1,5.5499999999999998e-07,
F0_D3_raw_Yee_and_flux.mat,#refs#/#hb#,42,1,5.5999999999999993e-07,
F0_D3_raw_Yee_and_flux.mat,#refs#/#hb#,43,1,5.6499999999999999e-07,
F0_D3_raw_Yee_and_flux.mat,#refs#/#hb#,44,1,5.7000000000000005e-07,
F0_D3_raw_Yee_and_flux.mat,#refs#/#hb#,45,1,5.7500000000000011e-07,
F0_D3_raw_Yee_and_flux.mat,#refs#/#hb#,46,1,5.7999999999999985e-07,
F0_D3_raw_Yee_and_flux.mat,#refs#/#hb#,47,1,5.8500000000000012e-07,
F0_D3_raw_Yee_and_flux.mat,#refs#/#hb#,48,1,5.9000000000000017e-07,
F0_D3_raw_Yee_and_flux.mat,#refs#/#hb#,49,1,5.9500000000000002e-07,
F0_D3_raw_Yee_and_flux.mat,#refs#/#hb#,50,1,5.9999999999999997e-07,
F0_D3_raw_Yee_and_flux.mat,#refs#/#hb#,51,1,6.0499999999999992e-07,
F0_D3_raw_Yee_and_flux.mat,#refs#/#hb#,52,1,6.0999999999999998e-07,
F0_D3_raw_Yee_and_flux.mat,#refs#/#hb#,53,1,6.1500000000000004e-07,
F0_D3_raw_Yee_and_flux.mat,#refs#/#hb#,54,1,6.1999999999999999e-07,
F0_D3_raw_Yee_and_flux.mat,#refs#/#hb#,55,1,6.2499999999999995e-07,
F0_D3_raw_Yee_and_flux.mat,#refs#/#hb#,56,1,6.3e-07,
F0_D3_raw_Yee_and_flux.mat,#refs#/#hb#,57,1,6.3500000000000017e-07,
F0_D3_raw_Yee_and_flux.mat,#refs#/#hb#,58,1,6.3999999999999991e-07,
F0_D3_raw_Yee_and_flux.mat,#refs#/#hb#,59,1,6.4499999999999997e-07,
F0_D3_raw_Yee_and_flux.mat,#refs#/#hb#,60,1,6.4999999999999992e-07,
F0_D3_raw_Yee_and_flux.mat,#refs#/#hb#,61,1,6.5500000000000008e-07,
F0_D3_raw_Yee_and_flux.mat,#refs#/#hb#,62,1,6.6000000000000003e-07,
F0_D3_raw_Yee_and_flux.mat,#refs#/#hb#,63,1,6.6499999999999999e-07,
F0_D3_raw_Yee_and_flux.mat,#refs#/#hb#,64,1,6.6999999999999994e-07,
F0_D3_raw_Yee_and_flux.mat,#refs#/#hb#,65,1,6.75e-07,
F0_D3_raw_Yee_and_flux.mat,#refs#/#hb#,66,1,6.7999999999999995e-07,
F0_D3_raw_Yee_and_flux.mat,#refs#/#hb#,67,1,6.8500000000000001e-07,
F0_D3_raw_Yee_and_flux.mat,#refs#/#hb#,68,1,6.8999999999999996e-07,
F0_D3_raw_Yee_and_flux.mat,#refs#/#hb#,69,1,6.9499999999999991e-07,
F0_D3_raw_Yee_and_flux.mat,#refs#/#hb#,70,1,7.0000000000000007e-07,
F0_D3_raw_Yee_and_flux.mat,#refs#/#hb#,71,1,7.0500000000000013e-07,
F0_D3_raw_Yee_and_flux.mat,#refs#/#hb#,72,1,7.0999999999999998e-07,
F0_D3_raw_Yee_and_flux.mat,#refs#/#hb#,73,1,7.1499999999999993e-07,
F0_D3_raw_Yee_and_flux.mat,#refs#/#hb#,74,1,7.1999999999999999e-07,
F0_D3_raw_Yee_and_flux.mat,#refs#/#hb#,75,1,7.2500000000000005e-07,
F0_D3_raw_Yee_and_flux.mat,#refs#/#hb#,76,1,7.3e-07,
F0_D3_raw_Yee_and_flux.mat,#refs#/#hb#,77,1,7.3499999999999984e-07,
F0_D3_raw_Yee_and_flux.mat,#refs#/#hb#,78,1,7.4000000000000011e-07,
F0_D3_raw_Yee_and_flux.mat,#refs#/#hb#,79,1,7.4499999999999996e-07,
F0_D3_raw_Yee_and_flux.mat,#refs#/#hb#,80,1,7.5000000000000002e-07,
F0_D3_raw_Yee_and_flux.mat,#refs#/#hb#,81,1,7.5499999999999997e-07,
F0_D3_raw_Yee_and_flux.mat,#refs#/#hb#,82,1,7.5999999999999992e-07,
F0_D3_raw_Yee_and_flux.mat,#refs#/#hb#,83,1,7.6500000000000009e-07,
F0_D3_raw_Yee_and_flux.mat,#refs#/#hb#,84,1,7.7000000000000004e-07,
F0_D3_raw_Yee_and_flux.mat,#refs#/#hb#,85,1,7.7499999999999999e-07,
F0_D3_raw_Yee_and_flux.mat,#refs#/#hb#,86,1,7.7999999999999994e-07,
F0_D3_raw_Yee_and_flux.mat,#refs#/#hb#,87,1,7.85e-07,
F0_D3_raw_Yee_and_flux.mat,#refs#/#hb#,88,1,7.9000000000000006e-07,
F0_D3_raw_Yee_and_flux.mat,#refs#/#hb#,89,1,7.9500000000000001e-07,
F0_D3_raw_Yee_and_flux.mat,#refs#/#hb#,90,1,7.9999999999999996e-07,
F0_D3_raw_Yee_and_flux.mat,#refs#/#i#,0,1,122,
F0_D3_raw_Yee_and_flux.mat,#refs#/#ib#,0,1,-2.3167674596385199e-20,
F0_D3_raw_Yee_and_flux.mat,#refs#/#j#,0,1,122,
F0_D3_raw_Yee_and_flux.mat,#refs#/#j#,1,1,95,
F0_D3_raw_Yee_and_flux.mat,#refs#/#j#,2,1,111,
F0_D3_raw_Yee_and_flux.mat,#refs#/#j#,3,2,102,
F0_D3_raw_Yee_and_flux.mat,#refs#/#j#,5,1,115,
F0_D3_raw_Yee_and_flux.mat,#refs#/#j#,6,1,101,
F0_D3_raw_Yee_and_flux.mat,#refs#/#j#,7,1,116,
F0_D3_raw_Yee_and_flux.mat,#refs#/#jb#,0,1,9.9999999999768325e-09,
F0_D3_raw_Yee_and_flux.mat,#refs#/#k#,0,1,122,
F0_D3_raw_Yee_and_flux.mat,#refs#/#kb#,0,1,6.7828810229348269e-21,
F0_D3_raw_Yee_and_flux.mat,#refs#/#l#,0,1,122,
F0_D3_raw_Yee_and_flux.mat,#refs#/#l#,1,1,95,
F0_D3_raw_Yee_and_flux.mat,#refs#/#l#,2,1,111,
F0_D3_raw_Yee_and_flux.mat,#refs#/#l#,3,2,102,
F0_D3_raw_Yee_and_flux.mat,#refs#/#l#,5,1,115,
F0_D3_raw_Yee_and_flux.mat,#refs#/#l#,6,1,101,
F0_D3_raw_Yee_and_flux.mat,#refs#/#l#,7,1,116,
F0_D3_raw_Yee_and_flux.mat,#refs#/#lb#,0,1,9.9926008129041522e-09,
F0_D3_raw_Yee_and_flux.mat,#refs#/#m#,0,1,108,
F0_D3_raw_Yee_and_flux.mat,#refs#/#m#,1,1,97,
F0_D3_raw_Yee_and_flux.mat,#refs#/#m#,2,1,109,
F0_D3_raw_Yee_and_flux.mat,#refs#/#m#,3,1,98,
F0_D3_raw_Yee_and_flux.mat,#refs#/#m#,4,1,100,
F0_D3_raw_Yee_and_flux.mat,#refs#/#m#,5,1,97,
F0_D3_raw_Yee_and_flux.mat,#refs#/#mb#,0,1,-1.0441912672538744e-05,
F0_D3_raw_Yee_and_flux.mat,#refs#/#mb#,1,1,-1.0416696566512107e-05,
F0_D3_raw_Yee_and_flux.mat,#refs#/#mb#,2,1,-1.0391560556858383e-05,
F0_D3_raw_Yee_and_flux.mat,#refs#/#mb#,3,1,-1.0366504389159664e-05,
F0_D3_raw_Yee_and_flux.mat,#refs#/#mb#,4,1,-1.0341527809806174e-05,
F0_D3_raw_Yee_and_flux.mat,#refs#/#mb#,5,1,-1.0316630565993703e-05,
F0_D3_raw_Yee_and_flux.mat,#refs#/#mb#,6,1,-1.0291812405721045e-05,
F0_D3_raw_Yee_and_flux.mat,#refs#/#mb#,7,1,-1.0267073077787453e-05,
F0_D3_raw_Yee_and_flux.mat,#refs#/#mb#,8,1,-1.0242412331790095e-05,
F0_D3_raw_Yee_and_flux.mat,#refs#/#mb#,9,1,-1.0217829918121512e-05,
F0_D3_raw_Yee_and_flux.mat,#refs#/#mb#,10,1,-1.0193325587967102e-05,
F0_D3_raw_Yee_and_flux.mat,#refs#/#mb#,11,1,-1.0168899093302594e-05,
F0_D3_raw_Yee_and_flux.mat,#refs#/#mb#,12,1,-1.0144550186891544e-05,
F0_D3_raw_Yee_and_flux.mat,#refs#/#mb#,13,1,-1.0120278622282828e-05,
F0_D3_raw_Yee_and_flux.mat,#refs#/#mb#,14,1,-1.0096084153808148e-05,
F0_D3_raw_Yee_and_flux.mat,#refs#/#mb#,15,1,-1.0071966536579546e-05,
F0_D3_raw_Yee_and_flux.mat,#refs#/#mb#,16,1,-1.0047925526486926e-05,
F0_D3_raw_Yee_and_flux.mat,#refs#/#mb#,17,1,-1.0023960880195583e-05,
F0_D3_raw_Yee_and_flux.mat,#refs#/#mb#,18,1,-9.9999999999999839e-06,
F0_D3_raw_Yee_and_flux.mat,#refs#/#mb#,19,1,-9.9760391198044018e-06,
F0_D3_raw_Yee_and_flux.mat,#refs#/#mb#,20,1,-9.9520782396088027e-06,
F0_D3_raw_Yee_and_flux.mat,#refs#/#mb#,21,1,-9.9281173594132037e-06,
F0_D3_raw_Yee_and_flux.mat,#refs#/#mb#,22,1,-9.9041564792176046e-06,
F0_D3_raw_Yee_and_flux.mat,#refs#/#mb#,23,1,-9.8801955990220056e-06,
F0_D3_raw_Yee_and_flux.mat,#refs#/#mb#,24,1,-9.8562347188264065e-06,
F0_D3_raw_Yee_and_flux.mat,#refs#/#mb#,25,1,-9.8322738386308075e-06,
F0_D3_raw_Yee_and_flux.mat,#refs#/#mb#,26,1,-9.8083129584352085e-06,
F0_D3_raw_Yee_and_flux.mat,#refs#/#mb#,27,1,-9.7843520782396094e-06,
F0_D3_raw_Yee_and_flux.mat,#refs#/#mb#,28,1,-9.7603911980440104e-06,
F0_D3_raw_Yee_and_flux.mat,#refs#/#mb#,29,1,-9.7364303178484113e-06,
F0_D3_raw_Yee_and_flux.mat,#refs#/#mb#,30,1,-9.7124694376528123e-06,
F0_D3_raw_Yee_and_flux.mat,#refs#/#mb#,31,1,-9.6885085574572132e-06,
F0_D3_raw_Yee_and_flux.mat,#refs#/#mb#,32,1,-9.6645476772616142e-06,
F0_D3_raw_Yee_and_flux.mat,#refs#/#mb#,33,1,-9.6405867970660151e-06,
F0_D3_raw_Yee_and_flux.mat,#refs#/#mb#,34,1,-9.6166259168704161e-06,
F0_D3_raw_Yee_and_flux.mat,#refs#/#mb#,35,1,-9.592665036674817e-06,
F0_D3_raw_Yee_and_flux.mat,#refs#/#mb#,36,1,-9.568704156479218e-06,
F0_D3_raw_Yee_and_flux.mat,#refs#/#mb#,37,1,-9.544743276283619e-06,
F0_D3_raw_Yee_and_flux.mat,#refs#/#mb#,38,1,-9.5207823960880199e-06,
F0_D3_raw_Yee_and_flux.mat,#refs#/#mb#,39,1,-9.4968215158924209e-06,
F0_D3_raw_Yee_and_flux.mat,#refs#/#mb#,40,1,-9.4728606356968218e-06,
F0_D3_raw_Yee_and_flux.mat,#refs#/#mb#,41,1,-9.4488997555012228e-06,
F0_D3_raw_Yee_and_flux.mat,#refs#/#mb#,42,1,-9.4249388753056237e-06,
F0_D3_raw_Yee_and_flux.mat,#refs#/#mb#,43,1,-9.4009779951100247e-06,
F0_D3_raw_Yee_and_flux.mat,#refs#/#mb#,44,1,-9.3770171149144256e-06,
F0_D3_raw_Yee_and_flux.mat,#refs#/#mb#,45,1,-9.3530562347188266e-06,
F0_D3_raw_Yee_and_flux.mat,#refs#/#mb#,46,1,-9.3290953545232276e-06,
F0_D3_raw_Yee_and_flux.mat,#refs#/#mb#,47,1,-9.3051344743276285e-06,
F0_D3_raw_Yee_and_flux.mat,#refs#/#mb#,48,1,-9.2811735941320295e-06,
F0_D3_raw_Yee_and_flux.mat,#refs#/#mb#,49,1,-9.2572127139364304e-06,
F0_D3_raw_Yee_and_flux.mat,#refs#/#mb#,50,1,-9.2332518337408314e-06,
F0_D3_raw_Yee_and_flux.mat,#refs#/#mb#,51,1,-9.2092909535452323e-06,
F0_D3_raw_Yee_and_flux.mat,#refs#/#mb#,52,1,-9.1853300733496333e-06,
F0_D3_raw_Yee_and_flux.mat,#refs#/#mb#,53,1,-9.1613691931540342e-06,
F0_D3_raw_Yee_and_flux.mat,#refs#/#mb#,54,1,-9.1374083129584352e-06,
F0_D3_raw_Yee_and_flux.mat,#refs#/#mb#,55,1,-9.1134474327628361e-06,
F0_D3_raw_Yee_and_flux.mat,#refs#/#mb#,56,1,-9.0894865525672371e-06,
F0_D3_raw_Yee_and_flux.mat,#refs#/#mb#,57,1,-9.0655256723716381e-06,
F0_D3_raw_Yee_and_flux.mat,#refs#/#mb#,58,1,-9.041564792176039e-06,
F0_D3_raw_Yee_and_flux.mat,#refs#/#mb#,59,1,-9.01760391198044e-06,
F0_D3_raw_Yee_and_flux.mat,#refs#/#mb#,60,1,-8.9936430317848409e-06,
F0_D3_raw_Yee_and_flux.mat,#refs#/#mb#,61,1,-8.9696821515892419e-06,
F0_D3_raw_Yee_and_flux.mat,#refs#/#mb#,62,1,-8.9457212713936428e-06,
F0_D3_raw_Yee_and_flux.mat,#refs#/#mb#,63,1,-8.9217603911980438e-06,
F0_D3_raw_Yee_and_flux.mat,#refs#/#mb#,64,1,-8.8977995110024447e-06,
F0_D3_raw_Yee_and_flux.mat,#refs#/#mb#,65,1,-8.8738386308068457e-06,
F0_D3_raw_Yee_and_flux.mat,#refs#/#mb#,66,1,-8.8498777506112466e-06,
F0_D3_raw_Yee_and_flux.mat,#refs#/#mb#,67,1,-8.8259168704156476e-06,
F0_D3_raw_Yee_and_flux.mat,#refs#/#mb#,68,1,-8.8019559902200486e-06,
F0_D3_raw_Yee_and_flux.mat,#refs#/#mb#,69,1,-8.7779951100244495e-06,
F0_D3_raw_Yee_and_flux.mat,#refs#/#mb#,70,1,-8.7540342298288505e-06,
F0_D3_raw_Yee_and_flux.mat,#refs#/#mb#,71,1,-8.7300733496332514e-06,
F0_D3_raw_Yee_and_flux.mat,#refs#/#mb#,72,1,-8.7061124694376524e-06,
F0_D3_raw_Yee_and_flux.mat,#refs#/#mb#,73,1,-8.6821515892420533e-06,
F0_D3_raw_Yee_and_flux.mat,#refs#/#mb#,74,1,-8.6581907090464543e-06,
F0_D3_raw_Yee_and_flux.mat,#refs#/#mb#,75,1,-8.6342298288508552e-06,
F0_D3_raw_Yee_and_flux.mat,#refs#/#mb#,76,1,-8.6102689486552562e-06,
F0_D3_raw_Yee_and_flux.mat,#refs#/#mb#,77,1,-8.5863080684596571e-06,
F0_D3_raw_Yee_and_flux.mat,#refs#/#mb#,78,1,-8.5623471882640581e-06,
F0_D3_raw_Yee_and_flux.mat,#refs#/#mb#,79,1,-8.5383863080684591e-06,
F0_D3_raw_Yee_and_flux.mat,#refs#/#mb#,80,1,-8.51442542787286e-06,
F0_D3_raw_Yee_and_flux.mat,#refs#/#mb#,81,1,-8.490464547677261e-06,
F0_D3_raw_Yee_and_flux.mat,#refs#/#mb#,82,1,-8.4665036674816619e-06,
F0_D3_raw_Yee_and_flux.mat,#refs#/#mb#,83,1,-8.4425427872860629e-06,
F0_D3_raw_Yee_and_flux.mat,#refs#/#mb#,84,1,-8.4185819070904638e-06,
F0_D3_raw_Yee_and_flux.mat,#refs#/#mb#,85,1,-8.3946210268948648e-06,
F0_D3_raw_Yee_and_flux.mat,#refs#/#mb#,86,1,-8.3706601466992657e-06,
F0_D3_raw_Yee_and_flux.mat,#refs#/#mb#,87,1,-8.3466992665036667e-06,
F0_D3_raw_Yee_and_flux.mat,#refs#/#mb#,88,1,-8.3227383863080677e-06,
F0_D3_raw_Yee_and_flux.mat,#refs#/#mb#,89,1,-8.2987775061124686e-06,
F0_D3_raw_Yee_and_flux.mat,#refs#/#mb#,90,1,-8.2748166259168696e-06,
F0_D3_raw_Yee_and_flux.mat,#refs#/#mb#,91,1,-8.2508557457212705e-06,
F0_D3_raw_Yee_and_flux.mat,#refs#/#mb#,92,1,-8.2268948655256715e-06,
F0_D3_raw_Yee_and_flux.mat,#refs#/#mb#,93,1,-8.2029339853300724e-06,
F0_D3_raw_Yee_and_flux.mat,#refs#/#mb#,94,1,-8.1789731051344734e-06,
F0_D3_raw_Yee_and_flux.mat,#refs#/#mb#,95,1,-8.1550122249388743e-06,
F0_D3_raw_Yee_and_flux.mat,#refs#/#mb#,96,1,-8.1310513447432753e-06,
F0_D3_raw_Yee_and_flux.mat,#refs#/#mb#,97,1,-8.1070904645476762e-06,
F0_D3_raw_Yee_and_flux.mat,#refs#/#mb#,98,1,-8.0831295843520772e-06,
F0_D3_raw_Yee_and_flux.mat,#refs#/#mb#,99,1,-8.0591687041564782e-06,
F0_D3_raw_Yee_and_flux.mat,#refs#/#mb#,100,1,-8.0352078239608791e-06,
F0_D3_raw_Yee_and_flux.mat,#refs#/#mb#,101,1,-8.0112469437652801e-06,
F0_D3_raw_Yee_and_flux.mat,#refs#/#mb#,102,1,-7.987286063569681e-06,
F0_D3_raw_Yee_and_flux.mat,#refs#/#mb#,103,1,-7.963325183374082e-06,
F0_D3_raw_Yee_and_flux.mat,#refs#/#mb#,104,1,-7.9393643031784829e-06,
F0_D3_raw_Yee_and_flux.mat,#refs#/#mb#,105,1,-7.9154034229828839e-06,
F0_D3_raw_Yee_and_flux.mat,#refs#/#mb#,106,1,-7.8914425427872848e-06,
F0_D3_raw_Yee_and_flux.mat,#refs#/#mb#,107,1,-7.8674816625916858e-06,
F0_D3_raw_Yee_and_flux.mat,#refs#/#mb#,108,1,-7.8435207823960867e-06,
F0_D3_raw_Yee_and_flux.mat,#refs#/#mb#,109,1,-7.8195599022004877e-06,
F0_D3_raw_Yee_and_flux.mat,#refs#/#mb#,110,1,-7.7955990220048887e-06,
F0_D3_raw_Yee_and_flux.mat,#refs#/#mb#,111,1,-7.7716381418092896e-06,
F0_D3_raw_Yee_and_flux.mat,#refs#/#mb#,112,1,-7.7476772616136906e-06,
F0_D3_raw_Yee_and_flux.mat,#refs#/#mb#,113,1,-7.7237163814180915e-06,
F0_D3_raw_Yee_and_flux.mat,#refs#/#mb#,114,1,-7.6997555012224925e-06,
F0_D3_raw_Yee_and_flux.mat,#refs#/#mb#,115,1,-7.6757946210268934e-06,
F0_D3_raw_Yee_and_flux.mat,#refs#/#mb#,116,1,-7.6518337408312944e-06,
F0_D3_raw_Yee_and_flux.mat,#refs#/#mb#,117,1,-7.6278728606356953e-06,
F0_D3_raw_Yee_and_flux.mat,#refs#/#mb#,118,1,-7.6039119804400963e-06,
F0_D3_raw_Yee_and_flux.mat,#refs#/#mb#,119,1,-7.5799511002444972e-06,
F0_D3_raw_Yee_and_flux.mat,#refs#/#mb#,120,1,-7.5559902200488982e-06,
F0_D3_raw_Yee_and_flux.mat,#refs#/#mb#,121,1,-7.5320293398532992e-06,
F0_D3_raw_Yee_and_flux.mat,#refs#/#mb#,122,1,-7.5080684596577001e-06,
F0_D3_raw_Yee_and_flux.mat,#refs#/#mb#,123,1,-7.4841075794621011e-06,
F0_D3_raw_Yee_and_flux.mat,#refs#/#mb#,124,1,-7.460146699266502e-06,
F0_D3_raw_Yee_and_flux.mat,#refs#/#mb#,125,1,-7.436185819070903e-06,
F0_D3_raw_Yee_and_flux.mat,#refs#/#mb#,126,1,-7.4122249388753039e-06,
F0_D3_raw_Yee_and_flux.mat,#refs#/#mb#,127,1,-7.3882640586797049e-06,
F0_D3_raw_Yee_and_flux.mat,#refs#/#mb#,128,1,-7.3643031784841058e-06,
F0_D3_raw_Yee_and_flux.mat,#refs#/#mb#,129,1,-7.3403422982885068e-06,
F0_D3_raw_Yee_and_flux.mat,#refs#/#mb#,130,1,-7.3163814180929077e-06,
F0_D3_raw_Yee_and_flux.mat,#refs#/#mb#,131,1,-7.2924205378973087e-06,
F0_D3_raw_Yee_and_flux.mat,#refs#/#mb#,132,1,-7.2684596577017097e-06,
F0_D3_raw_Yee_and_flux.mat,#refs#/#mb#,133,1,-7.2444987775061106e-06,
F0_D3_raw_Yee_and_flux.mat,#refs#/#mb#,134,1,-7.2205378973105116e-06,
F0_D3_raw_Yee_and_flux.mat,#refs#/#mb#,135,1,-7.1965770171149125e-06,
F0_D3_raw_Yee_and_flux.mat,#refs#/#mb#,136,1,-7.1726161369193135e-06,
F0_D3_raw_Yee_and_flux.mat,#refs#/#mb#,137,1,-7.1486552567237144e-06,
F0_D3_raw_Yee_and_flux.mat,#refs#/#mb#,138,1,-7.1246943765281154e-06,
F0_D3_raw_Yee_and_flux.mat,#refs#/#mb#,139,1,-7.1007334963325163e-06,
F0_D3_raw_Yee_and_flux.mat,#refs#/#mb#,140,1,-7.0767726161369173e-06,
F0_D3_raw_Yee_and_flux.mat,#refs#/#mb#,141,1,-7.0528117359413183e-06,
F0_D3_raw_Yee_and_flux.mat,#refs#/#mb#,142,1,-7.0288508557457192e-06,
F0_D3_raw_Yee_and_flux.mat,#refs#/#mb#,143,1,-7.0048899755501202e-06,
F0_D3_raw_Yee_and_flux.mat,#refs#/#mb#,144,1,-6.9809290953545211e-06,
F0_D3_raw_Yee_and_flux.mat,#refs#/#mb#,145,1,-6.9569682151589221e-06,
F0_D3_raw_Yee_and_flux.mat,#refs#/#mb#,146,1,-6.933007334963323e-06,
F0_D3_raw_Yee_and_flux.mat,#refs#/#mb#,147,1,-6.909046454767724e-06,
F0_D3_raw_Yee_and_flux.mat,#refs#/#mb#,148,1,-6.8850855745721249e-06,
F0_D3_raw_Yee_and_flux.mat,#refs#/#mb#,149,1,-6.8611246943765259e-06,
F0_D3_raw_Yee_and_flux.mat,#refs#/#mb#,150,1,-6.8371638141809268e-06,
F0_D3_raw_Yee_and_flux.mat,#refs#/#mb#,151,1,-6.8132029339853278e-06,
F0_D3_raw_Yee_and_flux.mat,#refs#/#mb#,152,1,-6.7892420537897288e-06,
F0_D3_raw_Yee_and_flux.mat,#refs#/#mb#,153,1,-6.7652811735941297e-06,
F0_D3_raw_Yee_and_flux.mat,#refs#/#mb#,154,1,-6.7413202933985307e-06,
F0_D3_raw_Yee_and_flux.mat,#refs#/#mb#,155,1,-6.7173594132029316e-06,
F0_D3_raw_Yee_and_flux.mat,#refs#/#mb#,156,1,-6.6933985330073326e-06,
F0_D3_raw_Yee_and_flux.mat,#refs#/#mb#,157,1,-6.6694376528117335e-06,
F0_D3_raw_Yee_and_flux.mat,#refs#/#mb#,158,1,-6.6454767726161345e-06,
F0_D3_raw_Yee_and_flux.mat,#refs#/#mb#,159,1,-6.6215158924205354e-06,
F0_D3_raw_Yee_and_flux.mat,#refs#/#mb#,160,1,-6.5975550122249364e-06,
F0_D3_raw_Yee_and_flux.mat,#refs#/#mb#,161,1,-6.5735941320293373e-06,
F0_D3_raw_Yee_and_flux.mat,#refs#/#mb#,162,1,-6.5496332518337383e-06,
F0_D3_raw_Yee_and_flux.mat,#refs#/#mb#,163,1,-6.5256723716381393e-06,
F0_D3_raw_Yee_and_flux.mat,#refs#/#mb#,164,1,-6.5017114914425402e-06,
F0_D3_raw_Yee_and_flux.mat,#refs#/#mb#,165,1,-6.4777506112469412e-06,
F0_D3_raw_Yee_and_flux.mat,#refs#/#mb#,166,1,-6.4537897310513421e-06,
F0_D3_raw_Yee_and_flux.mat,#refs#/#mb#,167,1,-6.4298288508557431e-06,
F0_D3_raw_Yee_and_flux.mat,#refs#/#mb#,168,1,-6.405867970660144e-06,
F0_D3_raw_Yee_and_flux.mat,#refs#/#mb#,169,1,-6.381907090464545e-06,
F0_D3_raw_Yee_and_flux.mat,#refs#/#mb#,170,1,-6.3579462102689459e-06,
F0_D3_raw_Yee_and_flux.mat,#refs#/#mb#,171,1,-6.3339853300733469e-06,
F0_D3_raw_Yee_and_flux.mat,#refs#/#mb#,172,1,-6.3100244498777478e-06,
F0_D3_raw_Yee_and_flux.mat,#refs#/#mb#,173,1,-6.2860635696821488e-06,
F0_D3_raw_Yee_and_flux.mat,#refs#/#mb#,174,1,-6.2621026894865498e-06,
F0_D3_raw_Yee_and_flux.mat,#refs#/#mb#,175,1,-6.2381418092909507e-06,
F0_D3_raw_Yee_and_flux.mat,#refs#/#mb#,176,1,-6.2141809290953517e-06,
F0_D3_raw_Yee_and_flux.mat,#refs#/#mb#,177,1,-6.1902200488997526e-06,
F0_D3_raw_Yee_and_flux.mat,#refs#/#mb#,178,1,-6.1662591687041536e-06,
F0_D3_raw_Yee_and_flux.mat,#refs#/#mb#,179,1,-6.1422982885085545e-06,
F0_D3_raw_Yee_and_flux.mat,#refs#/#mb#,180,1,-6.1183374083129555e-06,
F0_D3_raw_Yee_and_flux.mat,#refs#/#mb#,181,1,-6.0943765281173564e-06,
F0_D3_raw_Yee_and_flux.mat,#refs#/#mb#,182,1,-6.0704156479217574e-06,
F0_D3_raw_Yee_and_flux.mat,#refs#/#mb#,183,1,-6.0464547677261584e-06,
F0_D3_raw_Yee_and_flux.mat,#refs#/#mb#,184,1,-6.0224938875305593e-06,
F0_D3_raw_Yee_and_flux.mat,#refs#/#mb#,185,1,-5.9985330073349603e-06,
F0_D3_raw_Yee_and_flux.mat,#refs#/#mb#,186,1,-5.9745721271393612e-06,
F0_D3_raw_Yee_and_flux.mat,#refs#/#mb#,187,1,-5.9506112469437622e-06,
F0_D3_raw_Yee_and_flux.mat,#refs#/#mb#,188,1,-5.9266503667481631e-06,
F0_D3_raw_Yee_and_flux.mat,#refs#/#mb#,189,1,-5.9026894865525641e-06,
F0_D3_raw_Yee_and_flux.mat,#refs#/#mb#,190,1,-5.878728606356965e-06,
F0_D3_raw_Yee_and_flux.mat,#refs#/#mb#,191,1,-5.854767726161366e-06,
F0_D3_raw_Yee_and_flux.mat,#refs#/#mb#,192,1,-5.8308068459657669e-06,
F0_D3_raw_Yee_and_flux.mat,#refs#/#mb#,193,1,-5.8068459657701679e-06,
F0_D3_raw_Yee_and_flux.mat,#refs#/#mb#,194,1,-5.7828850855745689e-06,
F0_D3_raw_Yee_and_flux.mat,#refs#/#mb#,195,1,-5.7589242053789698e-06,
F0_D3_raw_Yee_and_flux.mat,#refs#/#mb#,196,1,-5.7349633251833708e-06,
F0_D3_raw_Yee_and_flux.mat,#refs#/#mb#,197,1,-5.7110024449877717e-06,
F0_D3_raw_Yee_and_flux.mat,#refs#/#mb#,198,1,-5.6870415647921727e-06,
F0_D3_raw_Yee_and_flux.mat,#refs#/#mb#,199,1,-5.6630806845965736e-06,
F0_D3_raw_Yee_and_flux.mat,#refs#/#mb#,200,1,-5.6391198044009746e-06,
F0_D3_raw_Yee_and_flux.mat,#refs#/#mb#,201,1,-5.6151589242053755e-06,
F0_D3_raw_Yee_and_flux.mat,#refs#/#mb#,202,1,-5.5911980440097765e-06,
F0_D3_raw_Yee_and_flux.mat,#refs#/#mb#,203,1,-5.5672371638141774e-06,
F0_D3_raw_Yee_and_flux.mat,#refs#/#mb#,204,1,-5.5432762836185784e-06,
F0_D3_raw_Yee_and_flux.mat,#refs#/#mb#,205,1,-5.5193154034229794e-06,
F0_D3_raw_Yee_and_flux.mat,#refs#/#mb#,206,1,-5.4953545232273803e-06,
F0_D3_raw_Yee_and_flux.mat,#refs#/#mb#,207,1,-5.4713936430317813e-06,
F0_D3_raw_Yee_and_flux.mat,#refs#/#mb#,208,1,-5.4474327628361822e-06,
F0_D3_raw_Yee_and_flux.mat,#refs#/#mb#,209,1,-5.4234718826405832e-06,
F0_D3_raw_Yee_and_flux.mat,#refs#/#mb#,210,1,-5.3995110024449841e-06,
F0_D3_raw_Yee_and_flux.mat,#refs#/#mb#,211,1,-5.3755501222493851e-06,
F0_D3_raw_Yee_and_flux.mat,#refs#/#mb#,212,1,-5.351589242053786e-06,
F0_D3_raw_Yee_and_flux.mat,#refs#/#mb#,213,1,-5.327628361858187e-06,
F0_D3_raw_Yee_and_flux.mat,#refs#/#mb#,214,1,-5.3036674816625879e-06,
F0_D3_raw_Yee_and_flux.mat,#refs#/#mb#,215,1,-5.2797066014669889e-06,
F0_D3_raw_Yee_and_flux.mat,#refs#/#mb#,216,1,-5.2557457212713899e-06,
F0_D3_raw_Yee_and_flux.mat,#refs#/#mb#,217,1,-5.2317848410757908e-06,
F0_D3_raw_Yee_and_flux.mat,#refs#/#mb#,218,1,-5.2078239608801918e-06,
F0_D3_raw_Yee_and_flux.mat,#refs#/#mb#,219,1,-5.1838630806845927e-06,
F0_D3_raw_Yee_and_flux.mat,#refs#/#mb#,220,1,-5.1599022004889937e-06,
F0_D3_raw_Yee_and_flux.mat,#refs#/#mb#,221,1,-5.1359413202933946e-06,
F0_D3_raw_Yee_and_flux.mat,#refs#/#mb#,222,1,-5.1119804400977956e-06,
F0_D3_raw_Yee_and_flux.mat,#refs#/#mb#,223,1,-5.0880195599021965e-06,
F0_D3_raw_Yee_and_flux.mat,#refs#/#mb#,224,1,-5.0640586797065975e-06,
F0_D3_raw_Yee_and_flux.mat,#refs#/#mb#,225,1,-5.0400977995109985e-06,
F0_D3_raw_Yee_and_flux.mat,#refs#/#mb#,226,1,-5.0161369193153994e-06,
F0_D3_raw_Yee_and_flux.mat,#refs#/#mb#,227,1,-4.9921760391198004e-06,
F0_D3_raw_Yee_and_flux.mat,#refs#/#mb#,228,1,-4.9682151589242013e-06,
F0_D3_raw_Yee_and_flux.mat,#refs#/#mb#,229,1,-4.9442542787286023e-06,
F0_D3_raw_Yee_and_flux.mat,#refs#/#mb#,230,1,-4.9202933985330032e-06,
F0_D3_raw_Yee_and_flux.mat,#refs#/#mb#,231,1,-4.8963325183374042e-06,
F0_D3_raw_Yee_and_flux.mat,#refs#/#mb#,232,1,-4.8723716381418051e-06,
F0_D3_raw_Yee_and_flux.mat,#refs#/#mb#,233,1,-4.8484107579462061e-06,
F0_D3_raw_Yee_and_flux.mat,#refs#/#mb#,234,1,-4.824449877750607e-06,
F0_D3_raw_Yee_and_flux.mat,#refs#/#mb#,235,1,-4.800488997555008e-06,
F0_D3_raw_Yee_and_flux.mat,#refs#/#mb#,236,1,-4.776528117359409e-06,
F0_D3_raw_Yee_and_flux.mat,#refs#/#mb#,237,1,-4.7525672371638099e-06,
F0_D3_raw_Yee_and_flux.mat,#refs#/#mb#,238,1,-4.7286063569682109e-06,
F0_D3_raw_Yee_and_flux.mat,#refs#/#mb#,239,1,-4.7046454767726118e-06,
F0_D3_raw_Yee_and_flux.mat,#refs#/#mb#,240,1,-4.6806845965770128e-06,
F0_D3_raw_Yee_and_flux.mat,#refs#/#mb#,241,1,-4.6567237163814137e-06,
F0_D3_raw_Yee_and_flux.mat,#refs#/#mb#,242,1,-4.6327628361858147e-06,
F0_D3_raw_Yee_and_flux.mat,#refs#/#mb#,243,1,-4.6088019559902156e-06,
F0_D3_raw_Yee_and_flux.mat,#refs#/#mb#,244,1,-4.5848410757946166e-06,
F0_D3_raw_Yee_and_flux.mat,#refs#/#mb#,245,1,-4.5608801955990175e-06,
F0_D3_raw_Yee_and_flux.mat,#refs#/#mb#,246,1,-4.5369193154034185e-06,
F0_D3_raw_Yee_and_flux.mat,#refs#/#mb#,247,1,-4.5129584352078195e-06,
F0_D3_raw_Yee_and_flux.mat,#refs#/#mb#,248,1,-4.4889975550122204e-06,
F0_D3_raw_Yee_and_flux.mat,#refs#/#mb#,249,1,-4.4650366748166214e-06,
F0_D3_raw_Yee_and_flux.mat,#refs#/#mb#,250,1,-4.4410757946210223e-06,
F0_D3_raw_Yee_and_flux.mat,#refs#/#mb#,251,1,-4.4171149144254233e-06,
F0_D3_raw_Yee_and_flux.mat,#refs#/#mb#,252,1,-4.3931540342298242e-06,
F0_D3_raw_Yee_and_flux.mat,#refs#/#mb#,253,1,-4.3691931540342252e-06,
F0_D3_raw_Yee_and_flux.mat,#refs#/#mb#,254,1,-4.3452322738386261e-06,
F0_D3_raw_Yee_and_flux.mat,#refs#/#mb#,255,1,-4.3212713936430271e-06,
F0_D3_raw_Yee_and_flux.mat,#refs#/#mb#,256,1,-4.297310513447428e-06,
F0_D3_raw_Yee_and_flux.mat,#refs#/#mb#,257,1,-4.273349633251829e-06,
F0_D3_raw_Yee_and_flux.mat,#refs#/#mb#,258,1,-4.24938875305623e-06,
F0_D3_raw_Yee_and_flux.mat,#refs#/#mb#,259,1,-4.2254278728606309e-06,
F0_D3_raw_Yee_and_flux.mat,#refs#/#mb#,260,1,-4.2014669926650319e-06,
F0_D3_raw_Yee_and_flux.mat,#refs#/#mb#,261,1,-4.1775061124694328e-06,
F0_D3_raw_Yee_and_flux.mat,#refs#/#mb#,262,1,-4.1535452322738338e-06,
F0_D3_raw_Yee_and_flux.mat,#refs#/#mb#,263,1,-4.1295843520782347e-06,
F0_D3_raw_Yee_and_flux.mat,#refs#/#mb#,264,1,-4.1056234718826357e-06,
F0_D3_raw_Yee_and_flux.mat,#refs#/#mb#,265,1,-4.0816625916870366e-06,
F0_D3_raw_Yee_and_flux.mat,#refs#/#mb#,266,1,-4.0577017114914376e-06,
F0_D3_raw_Yee_and_flux.mat,#refs#/#mb#,267,1,-4.0337408312958385e-06,
F0_D3_raw_Yee_and_flux.mat,#refs#/#mb#,268,1,-4.0097799511002395e-06,
F0_D3_raw_Yee_and_flux.mat,#refs#/#mb#,269,1,-3.9858190709046405e-06,
F0_D3_raw_Yee_and_flux.mat,#refs#/#mb#,270,1,-3.9618581907090414e-06,
F0_D3_raw_Yee_and_flux.mat,#refs#/#mb#,271,1,-3.9378973105134424e-06,
F0_D3_raw_Yee_and_flux.mat,#refs#/#mb#,272,1,-3.9139364303178433e-06,
F0_D3_raw_Yee_and_flux.mat,#refs#/#mb#,273,1,-3.8899755501222443e-06,
F0_D3_raw_Yee_and_flux.mat,#refs#/#mb#,274,1,-3.8660146699266452e-06,
F0_D3_raw_Yee_and_flux.mat,#refs#/#mb#,275,1,-3.8420537897310462e-06,
F0_D3_raw_Yee_and_flux.mat,#refs#/#mb#,276,1,-3.8180929095354471e-06,
F0_D3_raw_Yee_and_flux.mat,#refs#/#mb#,277,1,-3.7941320293398481e-06,
F0_D3_raw_Yee_and_flux.mat,#refs#/#mb#,278,1,-3.7701711491442491e-06,
F0_D3_raw_Yee_and_flux.mat,#refs#/#mb#,279,1,-3.74621026894865e-06,
F0_D3_raw_Yee_and_flux.mat,#refs#/#mb#,280,1,-3.722249388753051e-06,
F0_D3_raw_Yee_and_flux.mat,#refs#/#mb#,281,1,-3.6982885085574519e-06,
F0_D3_raw_Yee_and_flux.mat,#refs#/#mb#,282,1,-3.6743276283618529e-06,
F0_D3_raw_Yee_and_flux.mat,#refs#/#mb#,283,1,-3.6503667481662538e-06,
F0_D3_raw_Yee_and_flux.mat,#refs#/#mb#,284,1,-3.6264058679706548e-06,
F0_D3_raw_Yee_and_flux.mat,#refs#/#mb#,285,1,-3.6024449877750557e-06,
F0_D3_raw_Yee_and_flux.mat,#refs#/#mb#,286,1,-3.5784841075794567e-06,
F0_D3_raw_Yee_and_flux.mat,#refs#/#mb#,287,1,-3.5545232273838576e-06,
F0_D3_raw_Yee_and_flux.mat,#refs#/#mb#,288,1,-3.5305623471882586e-06,
F0_D3_raw_Yee_and_flux.mat,#refs#/#mb#,289,1,-3.5066014669926596e-06,
F0_D3_raw_Yee_and_flux.mat,#refs#/#mb#,290,1,-3.4826405867970605e-06,
F0_D3_raw_Yee_and_flux.mat,#refs#/#mb#,291,1,-3.4586797066014615e-06,
F0_D3_raw_Yee_and_flux.mat,#refs#/#mb#,292,1,-3.4347188264058624e-06,
F0_D3_raw_Yee_and_flux.mat,#refs#/#mb#,293,1,-3.4107579462102634e-06,
F0_D3_raw_Yee_and_flux.mat,#refs#/#mb#,294,1,-3.3867970660146643e-06,
F0_D3_raw_Yee_and_flux.mat,#refs#/#mb#,295,1,-3.3628361858190653e-06,
F0_D3_raw_Yee_and_flux.mat,#refs#/#mb#,296,1,-3.3388753056234662e-06,
F0_D3_raw_Yee_and_flux.mat,#refs#/#mb#,297,1,-3.3149144254278672e-06,
F0_D3_raw_Yee_and_flux.mat,#refs#/#mb#,298,1,-3.2909535452322681e-06,
F0_D3_raw_Yee_and_flux.mat,#refs#/#mb#,299,1,-3.2669926650366691e-06,
F0_D3_raw_Yee_and_flux.mat,#refs#/#mb#,300,1,-3.2430317848410701e-06,
F0_D3_raw_Yee_and_flux.mat,#refs#/#mb#,301,1,-3.219070904645471e-06,
F0_D3_raw_Yee_and_flux.mat,#refs#/#mb#,302,1,-3.195110024449872e-06,
F0_D3_raw_Yee_and_flux.mat,#refs#/#mb#,303,1,-3.1711491442542729e-06,
F0_D3_raw_Yee_and_flux.mat,#refs#/#mb#,304,1,-3.1471882640586739e-06,
F0_D3_raw_Yee_and_flux.mat,#refs#/#mb#,305,1,-3.1232273838630748e-06,
F0_D3_raw_Yee_and_flux.mat,#refs#/#mb#,306,1,-3.0992665036674758e-06,
F0_D3_raw_Yee_and_flux.mat,#refs#/#mb#,307,1,-3.0753056234718767e-06,
F0_D3_raw_Yee_and_flux.mat,#refs#/#mb#,308,1,-3.0513447432762777e-06,
F0_D3_raw_Yee_and_flux.mat,#refs#/#mb#,309,1,-3.0273838630806786e-06,
F0_D3_raw_Yee_and_flux.mat,#refs#/#mb#,310,1,-3.0034229828850796e-06,
F0_D3_raw_Yee_and_flux.mat,#refs#/#mb#,311,1,-2.9794621026894806e-06,
F0_D3_raw_Yee_and_flux.mat,#refs#/#mb#,312,1,-2.9555012224938815e-06,
F0_D3_raw_Yee_and_flux.mat,#refs#/#mb#,313,1,-2.9315403422982825e-06,
F0_D3_raw_Yee_and_flux.mat,#refs#/#mb#,314,1,-2.9075794621026834e-06,
F0_D3_raw_Yee_and_flux.mat,#refs#/#mb#,315,1,-2.8836185819070844e-06,
F0_D3_raw_Yee_and_flux.mat,#refs#/#mb#,316,1,-2.8596577017114853e-06,
F0_D3_raw_Yee_and_flux.mat,#refs#/#mb#,317,1,-2.8356968215158863e-06,
F0_D3_raw_Yee_and_flux.mat,#refs#/#mb#,318,1,-2.8117359413202872e-06,
F0_D3_raw_Yee_and_flux.mat,#refs#/#mb#,319,1,-2.7877750611246882e-06,
F0_D3_raw_Yee_and_flux.mat,#refs#/#mb#,320,1,-2.7638141809290892e-06,
F0_D3_raw_Yee_and_flux.mat,#refs#/#mb#,321,1,-2.7398533007334901e-06,
F0_D3_raw_Yee_and_flux.mat,#refs#/#mb#,322,1,-2.7158924205378911e-06,
F0_D3_raw_Yee_and_flux.mat,#refs#/#mb#,323,1,-2.691931540342292e-06,
F0_D3_raw_Yee_and_flux.mat,#refs#/#mb#,324,1,-2.667970660146693e-06,
F0_D3_raw_Yee_and_flux.mat,#refs#/#mb#,325,1,-2.6440097799510939e-06,
F0_D3_raw_Yee_and_flux.mat,#refs#/#mb#,326,1,-2.6200488997554949e-06,
F0_D3_raw_Yee_and_flux.mat,#refs#/#mb#,327,1,-2.5960880195598958e-06,
F0_D3_raw_Yee_and_flux.mat,#refs#/#mb#,328,1,-2.5721271393642968e-06,
F0_D3_raw_Yee_and_flux.mat,#refs#/#mb#,329,1,-2.5481662591686977e-06,
F0_D3_raw_Yee_and_flux.mat,#refs#/#mb#,330,1,-2.5242053789730987e-06,
F0_D3_raw_Yee_and_flux.mat,#refs#/#mb#,331,1,-2.5002444987774997e-06,
F0_D3_raw_Yee_and_flux.mat,#refs#/#mb#,332,1,-2.4762836185819006e-06,
F0_D3_raw_Yee_and_flux.mat,#refs#/#mb#,333,1,-2.4523227383863016e-06,
F0_D3_raw_Yee_and_flux.mat,#refs#/#mb#,334,1,-2.4283618581907025e-06,
F0_D3_raw_Yee_and_flux.mat,#refs#/#mb#,335,1,-2.4044009779951035e-06,
F0_D3_raw_Yee_and_flux.mat,#refs#/#mb#,336,1,-2.3804400977995044e-06,
F0_D3_raw_Yee_and_flux.mat,#refs#/#mb#,337,1,-2.3564792176039054e-06,
F0_D3_raw_Yee_and_flux.mat,#refs#/#mb#,338,1,-2.3325183374083063e-06,
F0_D3_raw_Yee_and_flux.mat,#refs#/#mb#,339,1,-2.3085574572127073e-06,
F0_D3_raw_Yee_and_flux.mat,#refs#/#mb#,340,1,-2.2845965770171082e-06,
F0_D3_raw_Yee_and_flux.mat,#refs#/#mb#,341,1,-2.2606356968215092e-06,
F0_D3_raw_Yee_and_flux.mat,#refs#/#mb#,342,1,-2.2366748166259102e-06,
F0_D3_raw_Yee_and_flux.mat,#refs#/#mb#,343,1,-2.2127139364303111e-06,
F0_D3_raw_Yee_and_flux.mat,#refs#/#mb#,344,1,-2.1887530562347121e-06,
F0_D3_raw_Yee_and_flux.mat,#refs#/#mb#,345,1,-2.164792176039113e-06,
F0_D3_raw_Yee_and_flux.mat,#refs#/#mb#,346,1,-2.140831295843514e-06,
F0_D3_raw_Yee_and_flux.mat,#refs#/#mb#,347,1,-2.1168704156479149e-06,
F0_D3_raw_Yee_and_flux.mat,#refs#/#mb#,348,1,-2.0929095354523159e-06,
F0_D3_raw_Yee_and_flux.mat,#refs#/#mb#,349,1,-2.0689486552567168e-06,
F0_D3_raw_Yee_and_flux.mat,#refs#/#mb#,350,1,-2.0449877750611178e-06,
F0_D3_raw_Yee_and_flux.mat,#refs#/#mb#,351,1,-2.0210268948655187e-06,
F0_D3_raw_Yee_and_flux.mat,#refs#/#mb#,352,1,-1.9970660146699197e-06,
F0_D3_raw_Yee_and_flux.mat,#refs#/#mb#,353,1,-1.9731051344743207e-06,
F0_D3_raw_Yee_and_flux.mat,#refs#/#mb#,354,1,-1.9491442542787216e-06,
F0_D3_raw_Yee_and_flux.mat,#refs#/#mb#,355,1,-1.9251833740831226e-06,
F0_D3_raw_Yee_and_flux.mat,#refs#/#mb#,356,1,-1.9012224938875235e-06,
F0_D3_raw_Yee_and_flux.mat,#refs#/#mb#,357,1,-1.8772616136919245e-06,
F0_D3_raw_Yee_and_flux.mat,#refs#/#mb#,358,1,-1.8533007334963254e-06,
F0_D3_raw_Yee_and_flux.mat,#refs#/#mb#,359,1,-1.8293398533007264e-06,
F0_D3_raw_Yee_and_flux.mat,#refs#/#mb#,360,1,-1.8053789731051273e-06,
F0_D3_raw_Yee_and_flux.mat,#refs#/#mb#,361,1,-1.7814180929095283e-06,
F0_D3_raw_Yee_and_flux.mat,#refs#/#mb#,362,1,-1.7574572127139293e-06,
F0_D3_raw_Yee_and_flux.mat,#refs#/#mb#,363,1,-1.7334963325183302e-06,
F0_D3_raw_Yee_and_flux.mat,#refs#/#mb#,364,1,-1.7095354523227312e-06,
F0_D3_raw_Yee_and_flux.mat,#refs#/#mb#,365,1,-1.6855745721271321e-06,
F0_D3_raw_Yee_and_flux.mat,#refs#/#mb#,366,1,-1.6616136919315331e-06,
F0_D3_raw_Yee_and_flux.mat,#refs#/#mb#,367,1,-1.637652811735934e-06,
F0_D3_raw_Yee_and_flux.mat,#refs#/#mb#,368,1,-1.613691931540335e-06,
F0_D3_raw_Yee_and_flux.mat,#refs#/#mb#,369,1,-1.5897310513447359e-06,
F0_D3_raw_Yee_and_flux.mat,#refs#/#mb#,370,1,-1.5657701711491369e-06,
F0_D3_raw_Yee_and_flux.mat,#refs#/#mb#,371,1,-1.5418092909535378e-06,
F0_D3_raw_Yee_and_flux.mat,#refs#/#mb#,372,1,-1.5178484107579388e-06,
F0_D3_raw_Yee_and_flux.mat,#refs#/#mb#,373,1,-1.4938875305623398e-06,
F0_D3_raw_Yee_and_flux.mat,#refs#/#mb#,374,1,-1.4699266503667407e-06,
F0_D3_raw_Yee_and_flux.mat,#refs#/#mb#,375,1,-1.4459657701711417e-06,
F0_D3_raw_Yee_and_flux.mat,#refs#/#mb#,376,1,-1.4220048899755426e-06,
F0_D3_raw_Yee_and_flux.mat,#refs#/#mb#,377,1,-1.3980440097799436e-06,
F0_D3_raw_Yee_and_flux.mat,#refs#/#mb#,378,1,-1.3740831295843445e-06,
F0_D3_raw_Yee_and_flux.mat,#refs#/#mb#,379,1,-1.3501222493887455e-06,
F0_D3_raw_Yee_and_flux.mat,#refs#/#mb#,380,1,-1.3261613691931464e-06,
F0_D3_raw_Yee_and_flux.mat,#refs#/#mb#,381,1,-1.3022004889975474e-06,
F0_D3_raw_Yee_and_flux.mat,#refs#/#mb#,382,1,-1.2782396088019483e-06,
F0_D3_raw_Yee_and_flux.mat,#refs#/#mb#,383,1,-1.2542787286063493e-06,
F0_D3_raw_Yee_and_flux.mat,#refs#/#mb#,384,1,-1.2303178484107503e-06,
F0_D3_raw_Yee_and_flux.mat,#refs#/#mb#,385,1,-1.2063569682151512e-06,
F0_D3_raw_Yee_and_flux.mat,#refs#/#mb#,386,1,-1.1823960880195522e-06,
F0_D3_raw_Yee_and_flux.mat,#refs#/#mb#,387,1,-1.1584352078239531e-06,
F0_D3_raw_Yee_and_flux.mat,#refs#/#mb#,388,1,-1.1344743276283541e-06,
F0_D3_raw_Yee_and_flux.mat,#refs#/#mb#,389,1,-1.110513447432755e-06,
F0_D3_raw_Yee_and_flux.mat,#refs#/#mb#,390,1,-1.086552567237156e-06,
F0_D3_raw_Yee_and_flux.mat,#refs#/#mb#,391,1,-1.0625916870415569e-06,
F0_D3_raw_Yee_and_flux.mat,#refs#/#mb#,392,1,-1.0386308068459579e-06,
F0_D3_raw_Yee_and_flux.mat,#refs#/#mb#,393,1,-1.0146699266503588e-06,
F0_D3_raw_Yee_and_flux.mat,#refs#/#mb#,394,1,-9.907090464547598e-07,
F0_D3_raw_Yee_and_flux.mat,#refs#/#mb#,395,1,-9.6674816625916076e-07,
F0_D3_raw_Yee_and_flux.mat,#refs#/#mb#,396,1,-9.4278728606356171e-07,
F0_D3_raw_Yee_and_flux.mat,#refs#/#mb#,397,1,-9.1882640586796267e-07,
F0_D3_raw_Yee_and_flux.mat,#refs#/#mb#,398,1,-8.9486552567236362e-07,
F0_D3_raw_Yee_and_flux.mat,#refs#/#mb#,399,1,-8.7090464547676458e-07,
F0_D3_raw_Yee_and_flux.mat,#refs#/#mb#,400,1,-8.4694376528116553e-07,
F0_D3_raw_Yee_and_flux.mat,#refs#/#mb#,401,1,-8.2298288508556649e-07,
F0_D3_raw_Yee_and_flux.mat,#refs#/#mb#,402,1,-7.9902200488996744e-07,
F0_D3_raw_Yee_and_flux.mat,#refs#/#mb#,403,1,-7.7506112469436839e-07,
F0_D3_raw_Yee_and_flux.mat,#refs#/#mb#,404,1,-7.5110024449876935e-07,
F0_D3_raw_Yee_and_flux.mat,#refs#/#mb#,405,1,-7.271393643031703e-07,
F0_D3_raw_Yee_and_flux.mat,#refs#/#mb#,406,1,-7.0317848410757126e-07,
F0_D3_raw_Yee_and_flux.mat,#refs#/#mb#,407,1,-6.7921760391197221e-07,
F0_D3_raw_Yee_and_flux.mat,#refs#/#mb#,408,1,-6.5525672371637317e-07,
F0_D3_raw_Yee_and_flux.mat,#refs#/#mb#,409,1,-6.3129584352077412e-07,
F0_D3_raw_Yee_and_flux.mat,#refs#/#mb#,410,1,-6.0733496332517508e-07,
F0_D3_raw_Yee_and_flux.mat,#refs#/#mb#,411,1,-5.8337408312957603e-07,
F0_D3_raw_Yee_and_flux.mat,#refs#/#mb#,412,1,-5.5941320293397699e-07,
F0_D3_raw_Yee_and_flux.mat,#refs#/#mb#,413,1,-5.3545232273837794e-07,
F0_D3_raw_Yee_and_flux.mat,#refs#/#mb#,414,1,-5.114914425427789e-07,
F0_D3_raw_Yee_and_flux.mat,#refs#/#mb#,415,1,-4.8753056234717985e-07,
F0_D3_raw_Yee_and_flux.mat,#refs#/#mb#,416,1,-4.6356968215158081e-07,
F0_D3_raw_Yee_and_flux.mat,#refs#/#mb#,417,1,-4.3960880195598176e-07,
F0_D3_raw_Yee_and_flux.mat,#refs#/#mb#,418,1,-4.1564792176038272e-07,
F0_D3_raw_Yee_and_flux.mat,#refs#/#mb#,419,1,-3.9168704156478367e-07,
F0_D3_raw_Yee_and_flux.mat,#refs#/#mb#,420,1,-3.6772616136918463e-07,
F0_D3_raw_Yee_and_flux.mat,#refs#/#mb#,421,1,-3.4376528117358558e-07,
F0_D3_raw_Yee_and_flux.mat,#refs#/#mb#,422,1,-3.1980440097798654e-07,
F0_D3_raw_Yee_and_flux.mat,#refs#/#mb#,423,1,-2.9584352078238749e-07,
F0_D3_raw_Yee_and_flux.mat,#refs#/#mb#,424,1,-2.7188264058679707e-07,
F0_D3_raw_Yee_and_flux.mat,#refs#/#mb#,425,1,-2.4989691169883664e-07,
F0_D3_raw_Yee_and_flux.mat,#refs#/#mb#,426,1,-2.3108915352647723e-07,
F0_D3_raw_Yee_and_flux.mat,#refs#/#mb#,427,1,-2.1499999999999138e-07,
F0_D3_raw_Yee_and_flux.mat,#refs#/#mb#,428,1,-1.9999999999999136e-07,
F0_D3_raw_Yee_and_flux.mat,#refs#/#mb#,429,1,-1.8499999999999998e-07,
F0_D3_raw_Yee_and_flux.mat,#refs#/#mb#,430,1,-1.6999999999999996e-07,
F0_D3_raw_Yee_and_flux.mat,#refs#/#mb#,431,1,-1.5499999999999995e-07,
F0_D3_raw_Yee_and_flux.mat,#refs#/#mb#,432,1,-1.3999999999999993e-07,
F0_D3_raw_Yee_and_flux.mat,#refs#/#mb#,433,1,-1.2499999999999991e-07,
F0_D3_raw_Yee_and_flux.mat,#refs#/#mb#,434,1,-1.0999999999999991e-07,
F0_D3_raw_Yee_and_flux.mat,#refs#/#mb#,435,1,-9.4999999999999911e-08,
F0_D3_raw_Yee_and_flux.mat,#refs#/#mb#,436,1,-7.9999999999999909e-08,
F0_D3_raw_Yee_and_flux.mat,#refs#/#mb#,437,1,-6.4999999999999907e-08,
F0_D3_raw_Yee_and_flux.mat,#refs#/#mb#,438,1,-4.9999999999999905e-08,
F0_D3_raw_Yee_and_flux.mat,#refs#/#mb#,439,1,-3.4999999999999903e-08,
F0_D3_raw_Yee_and_flux.mat,#refs#/#mb#,440,1,-1.9999999999999901e-08,
F0_D3_raw_Yee_and_flux.mat,#refs#/#mb#,441,1,-4.9999999999998992e-09,
F0_D3_raw_Yee_and_flux.mat,#refs#/#mb#,442,1,1.0000000000000103e-08,
F0_D3_raw_Yee_and_flux.mat,#refs#/#mb#,443,1,2.5000000000000105e-08,
F0_D3_raw_Yee_and_flux.mat,#refs#/#mb#,444,1,4.0000000000000107e-08,
F0_D3_raw_Yee_and_flux.mat,#refs#/#mb#,445,1,5.5000000000000109e-08,
F0_D3_raw_Yee_and_flux.mat,#refs#/#mb#,446,1,7.0000000000000111e-08,
F0_D3_raw_Yee_and_flux.mat,#refs#/#mb#,447,1,8.5000000000000113e-08,
F0_D3_raw_Yee_and_flux.mat,#refs#/#mb#,448,1,1.0000000000000011e-07,
F0_D3_raw_Yee_and_flux.mat,#refs#/#mb#,449,1,1.1500000000000012e-07,
F0_D3_raw_Yee_and_flux.mat,#refs#/#mb#,450,1,1.3000000000000013e-07,
F0_D3_raw_Yee_and_flux.mat,#refs#/#mb#,451,1,1.4500000000000015e-07,
F0_D3_raw_Yee_and_flux.mat,#refs#/#mb#,452,1,1.6000000000000016e-07,
F0_D3_raw_Yee_and_flux.mat,#refs#/#mb#,453,1,1.7500000000000018e-07,
F0_D3_raw_Yee_and_flux.mat,#refs#/#mb#,454,1,1.9000000000000019e-07,
F0_D3_raw_Yee_and_flux.mat,#refs#/#mb#,455,1,2.0500000000000021e-07,
F0_D3_raw_Yee_and_flux.mat,#refs#/#mb#,456,1,2.2000000000000022e-07,
F0_D3_raw_Yee_and_flux.mat,#refs#/#mb#,457,1,2.3500000000000024e-07,
F0_D3_raw_Yee_and_flux.mat,#refs#/#mb#,458,1,2.5000000000000025e-07,
F0_D3_raw_Yee_and_flux.mat,#refs#/#mb#,459,1,2.6500000000000027e-07,
F0_D3_raw_Yee_and_flux.mat,#refs#/#mb#,460,1,2.8000000000000028e-07,
F0_D3_raw_Yee_and_flux.mat,#refs#/#mb#,461,1,2.950000000000003e-07,
F0_D3_raw_Yee_and_flux.mat,#refs#/#mb#,462,1,3.1000000000000031e-07,
F0_D3_raw_Yee_and_flux.mat,#refs#/#mb#,463,1,3.2500000000000006e-07,
F0_D3_raw_Yee_and_flux.mat,#refs#/#mb#,464,1,3.4000000000000034e-07,
F0_D3_raw_Yee_and_flux.mat,#refs#/#mb#,465,1,3.5572393523386309e-07,
F0_D3_raw_Yee_and_flux.mat,#refs#/#mb#,466,1,3.762820512820516e-07,
F0_D3_raw_Yee_and_flux.mat,#refs#/#mb#,467,1,4.01923076923077e-07,
F0_D3_raw_Yee_and_flux.mat,#refs#/#mb#,468,1,4.2756410256410266e-07,
F0_D3_raw_Yee_and_flux.mat,#refs#/#mb#,469,1,4.5320512820512833e-07,
F0_D3_raw_Yee_and_flux.mat,#refs#/#mb#,470,1,4.7884615384615394e-07,
F0_D3_raw_Yee_and_flux.mat,#refs#/#mb#,471,1,5.0448717948717955e-07,
F0_D3_raw_Yee_and_flux.mat,#refs#/#mb#,472,1,5.3012820512820516e-07,
F0_D3_raw_Yee_and_flux.mat,#refs#/#mb#,473,1,5.5576923076923077e-07,
F0_D3_raw_Yee_and_flux.mat,#refs#/#mb#,474,1,5.8141025641025638e-07,
F0_D3_raw_Yee_and_flux.mat,#refs#/#n#,0,1,102,
F0_D3_raw_Yee_and_flux.mat,#refs#/#nb#,0,1,-1.0429304619525427e-05,
F0_D3_raw_Yee_and_flux.mat,#refs#/#nb#,1,1,-1.0404128561685244e-05,
F0_D3_raw_Yee_and_flux.mat,#refs#/#nb#,2,1,-1.0379032473009023e-05,
F0_D3_raw_Yee_and_flux.mat,#refs#/#nb#,3,1,-1.0354016099482918e-05,
F0_D3_raw_Yee_and_flux.mat,#refs#/#nb#,4,1,-1.0329079187899939e-05,
F0_D3_raw_Yee_and_flux.mat,#refs#/#nb#,5,1,-1.0304221485857373e-05,
F0_D3_raw_Yee_and_flux.mat,#refs#/#nb#,6,1,-1.027944274175425e-05,
F0_D3_raw_Yee_and_flux.mat,#refs#/#nb#,7,1,-1.0254742704788773e-05,
F0_D3_raw_Yee_and_flux.mat,#refs#/#nb#,8,1,-1.0230121124955804e-05,
F0_D3_raw_Yee_and_flux.mat,#refs#/#nb#,9,1,-1.0205577753044308e-05,
F0_D3_raw_Yee_and_flux.mat,#refs#/#nb#,10,1,-1.0181112340634848e-05,
F0_D3_raw_Yee_and_flux.mat,#refs#/#nb#,11,1,-1.0156724640097068e-05,
F0_D3_raw_Yee_and_flux.mat,#refs#/#nb#,12,1,-1.0132414404587186e-05,
F0_D3_raw_Yee_and_flux.mat,#refs#/#nb#,13,1,-1.0108181388045489e-05,
F0_D3_raw_Yee_and_flux.mat,#refs#/#nb#,14,1,-1.0084025345193846e-05,
F0_D3_raw_Yee_and_flux.mat,#refs#/#nb#,15,1,-1.0059946031533235e-05,
F0_D3_raw_Yee_and_flux.mat,#refs#/#nb#,16,1,-1.0035943203341254e-05,
F0_D3_raw_Yee_and_flux.mat,#refs#/#nb#,17,1,-1.0011980440097784e-05,
F0_D3_raw_Yee_and_flux.mat,#refs#/#nb#,18,1,-9.9880195599021937e-06,
F0_D3_raw_Yee_and_flux.mat,#refs#/#nb#,19,1,-9.9640586797066031e-06,
F0_D3_raw_Yee_and_flux.mat,#refs#/#nb#,20,1,-9.9400977995110024e-06,
F0_D3_raw_Yee_and_flux.mat,#refs#/#nb#,21,1,-9.916136919315405e-06,
F0_D3_raw_Yee_and_flux.mat,#refs#/#nb#,22,1,-9.8921760391198043e-06,
F0_D3_raw_Yee_and_flux.mat,#refs#/#nb#,23,1,-9.8682151589242069e-06,
F0_D3_raw_Yee_and_flux.mat,#refs#/#nb#,24,1,-9.8442542787286062e-06,
F0_D3_raw_Yee_and_flux.mat,#refs#/#nb#,25,1,-9.8202933985330088e-06,
F0_D3_raw_Yee_and_flux.mat,#refs#/#nb#,26,1,-9.7963325183374081e-06,
F0_D3_raw_Yee_and_flux.mat,#refs#/#nb#,27,1,-9.7723716381418107e-06,
F0_D3_raw_Yee_and_flux.mat,#refs#/#nb#,28,1,-9.74841075794621e-06,
F0_D3_raw_Yee_and_flux.mat,#refs#/#nb#,29,1,-9.7244498777506126e-06,
F0_D3_raw_Yee_and_flux.mat,#refs#/#nb#,30,1,-9.7004889975550119e-06,
F0_D3_raw_Yee_and_flux.mat,#refs#/#nb#,31,1,-9.6765281173594146e-06,
F0_D3_raw_Yee_and_flux.mat,#refs#/#nb#,32,1,-9.6525672371638138e-06,
F0_D3_raw_Yee_and_flux.mat,#refs#/#nb#,33,1,-9.6286063569682165e-06,
F0_D3_raw_Yee_and_flux.mat,#refs#/#nb#,34,1,-9.6046454767726157e-06,
F0_D3_raw_Yee_and_flux.mat,#refs#/#nb#,35,1,-9.5806845965770184e-06,
F0_D3_raw_Yee_and_flux.mat,#refs#/#nb#,36,1,-9.5567237163814176e-06,
F0_D3_raw_Yee_and_flux.mat,#refs#/#nb#,37,1,-9.5327628361858203e-06,
F0_D3_raw_Yee_and_flux.mat,#refs#/#nb#,38,1,-9.5088019559902195e-06,
F0_D3_raw_Yee_and_flux.mat,#refs#/#nb#,39,1,-9.4848410757946222e-06,
F0_D3_raw_Yee_and_flux.mat,#refs#/#nb#,40,1,-9.4608801955990215e-06,
F0_D3_raw_Yee_and_flux.mat,#refs#/#nb#,41,1,-9.4369193154034241e-06,
F0_D3_raw_Yee_and_flux.mat,#refs#/#nb#,42,1,-9.4129584352078234e-06,
F0_D3_raw_Yee_and_flux.mat,#refs#/#nb#,43,1,-9.388997555012226e-06,
F0_D3_raw_Yee_and_flux.mat,#refs#/#nb#,44,1,-9.3650366748166253e-06,
F0_D3_raw_Yee_and_flux.mat,#refs#/#nb#,45,1,-9.3410757946210279e-06,
F0_D3_raw_Yee_and_flux.mat,#refs#/#nb#,46,1,-9.3171149144254272e-06,
F0_D3_raw_Yee_and_flux.mat,#refs#/#nb#,47,1,-9.2931540342298298e-06,
F0_D3_raw_Yee_and_flux.mat,#refs#/#nb#,48,1,-9.2691931540342291e-06,
F0_D3_raw_Yee_and_flux.mat,#refs#/#nb#,49,1,-9.2452322738386317e-06,
F0_D3_raw_Yee_and_flux.mat,#refs#/#nb#,50,1,-9.221271393643031e-06,
F0_D3_raw_Yee_and_flux.mat,#refs#/#nb#,51,1,-9.1973105134474336e-06,
F0_D3_raw_Yee_and_flux.mat,#refs#/#nb#,52,1,-9.1733496332518329e-06,
F0_D3_raw_Yee_and_flux.mat,#refs#/#nb#,53,1,-9.1493887530562356e-06,
F0_D3_raw_Yee_and_flux.mat,#refs#/#nb#,54,1,-9.1254278728606348e-06,
F0_D3_raw_Yee_and_flux.mat,#refs#/#nb#,55,1,-9.1014669926650375e-06,
F0_D3_raw_Yee_and_flux.mat,#refs#/#nb#,56,1,-9.0775061124694367e-06,
F0_D3_raw_Yee_and_flux.mat,#refs#/#nb#,57,1,-9.0535452322738394e-06,
F0_D3_raw_Yee_and_flux.mat,#refs#/#nb#,58,1,-9.0295843520782386e-06,
F0_D3_raw_Yee_and_flux.mat,#refs#/#nb#,59,1,-9.0056234718826413e-06,
F0_D3_raw_Yee_and_flux.mat,#refs#/#nb#,60,1,-8.9816625916870405e-06,
F0_D3_raw_Yee_and_flux.mat,#refs#/#nb#,61,1,-8.9577017114914432e-06,
F0_D3_raw_Yee_and_flux.mat,#refs#/#nb#,62,1,-8.9337408312958425e-06,
F0_D3_raw_Yee_and_flux.mat,#refs#/#nb#,63,1,-8.9097799511002451e-06,
F0_D3_raw_Yee_and_flux.mat,#refs#/#nb#,64,1,-8.8858190709046444e-06,
F0_D3_raw_Yee_and_flux.mat,#refs#/#nb#,65,1,-8.861858190709047e-06,
F0_D3_raw_Yee_and_flux.mat,#refs#/#nb#,66,1,-8.8378973105134463e-06,
F0_D3_raw_Yee_and_flux.mat,#refs#/#nb#,67,1,-8.8139364303178489e-06,
F0_D3_raw_Yee_and_flux.mat,#refs#/#nb#,68,1,-8.7899755501222482e-06,
F0_D3_raw_Yee_and_flux.mat,#refs#/#nb#,69,1,-8.7660146699266508e-06,
F0_D3_raw_Yee_and_flux.mat,#refs#/#nb#,70,1,-8.7420537897310501e-06,
F0_D3_raw_Yee_and_flux.mat,#refs#/#nb#,71,1,-8.7180929095354527e-06,
F0_D3_raw_Yee_and_flux.mat,#refs#/#nb#,72,1,-8.694132029339852e-06,
F0_D3_raw_Yee_and_flux.mat,#refs#/#nb#,73,1,-8.6701711491442547e-06,
F0_D3_raw_Yee_and_flux.mat,#refs#/#nb#,74,1,-8.6462102689486539e-06,
F0_D3_raw_Yee_and_flux.mat,#refs#/#nb#,75,1,-8.6222493887530566e-06,
F0_D3_raw_Yee_and_flux.mat,#refs#/#nb#,76,1,-8.5982885085574558e-06,
F0_D3_raw_Yee_and_flux.mat,#refs#/#nb#,77,1,-8.5743276283618585e-06,
F0_D3_raw_Yee_and_flux.mat,#refs#/#nb#,78,1,-8.5503667481662577e-06,
F0_D3_raw_Yee_and_flux.mat,#refs#/#nb#,79,1,-8.5264058679706604e-06,
F0_D3_raw_Yee_and_flux.mat,#refs#/#nb#,80,1,-8.5024449877750596e-06,
F0_D3_raw_Yee_and_flux.mat,#refs#/#nb#,81,1,-8.4784841075794623e-06,
F0_D3_raw_Yee_and_flux.mat,#refs#/#nb#,82,1,-8.4545232273838616e-06,
F0_D3_raw_Yee_and_flux.mat,#refs#/#nb#,83,1,-8.4305623471882642e-06,
F0_D3_raw_Yee_and_flux.mat,#refs#/#nb#,84,1,-8.4066014669926635e-06,
F0_D3_raw_Yee_and_flux.mat,#refs#/#nb#,85,1,-8.3826405867970661e-06,
F0_D3_raw_Yee_and_flux.mat,#refs#/#nb#,86,1,-8.3586797066014654e-06,
F0_D3_raw_Yee_and_flux.mat,#refs#/#nb#,87,1,-8.334718826405868e-06,
F0_D3_raw_Yee_and_flux.mat,#refs#/#nb#,88,1,-8.3107579462102673e-06,
F0_D3_raw_Yee_and_flux.mat,#refs#/#nb#,89,1,-8.2867970660146699e-06,
F0_D3_raw_Yee_and_flux.mat,#refs#/#nb#,90,1,-8.2628361858190692e-06,
F0_D3_raw_Yee_and_flux.mat,#refs#/#nb#,91,1,-8.2388753056234718e-06,
F0_D3_raw_Yee_and_flux.mat,#refs#/#nb#,92,1,-8.2149144254278711e-06,
F0_D3_raw_Yee_and_flux.mat,#refs#/#nb#,93,1,-8.1909535452322737e-06,
F0_D3_raw_Yee_and_flux.mat,#refs#/#nb#,94,1,-8.166992665036673e-06,
F0_D3_raw_Yee_and_flux.mat,#refs#/#nb#,95,1,-8.1430317848410757e-06,
F0_D3_raw_Yee_and_flux.mat,#refs#/#nb#,96,1,-8.1190709046454749e-06,
F0_D3_raw_Yee_and_flux.mat,#refs#/#nb#,97,1,-8.0951100244498776e-06,
F0_D3_raw_Yee_and_flux.mat,#refs#/#nb#,98,1,-8.0711491442542768e-06,
F0_D3_raw_Yee_and_flux.mat,#refs#/#nb#,99,1,-8.0471882640586795e-06,
F0_D3_raw_Yee_and_flux.mat,#refs#/#nb#,100,1,-8.0232273838630787e-06,
F0_D3_raw_Yee_and_flux.mat,#refs#/#nb#,101,1,-7.9992665036674814e-06,
F0_D3_raw_Yee_and_flux.mat,#refs#/#nb#,102,1,-7.9753056234718806e-06,
F0_D3_raw_Yee_and_flux.mat,#refs#/#nb#,103,1,-7.9513447432762833e-06,
F0_D3_raw_Yee_and_flux.mat,#refs#/#nb#,104,1,-7.9273838630806826e-06,
F0_D3_raw_Yee_and_flux.mat,#refs#/#nb#,105,1,-7.9034229828850852e-06,
F0_D3_raw_Yee_and_flux.mat,#refs#/#nb#,106,1,-7.8794621026894845e-06,
F0_D3_raw_Yee_and_flux.mat,#refs#/#nb#,107,1,-7.8555012224938871e-06,
F0_D3_raw_Yee_and_flux.mat,#refs#/#nb#,108,1,-7.8315403422982864e-06,
F0_D3_raw_Yee_and_flux.mat,#refs#/#nb#,109,1,-7.807579462102689e-06,
F0_D3_raw_Yee_and_flux.mat,#refs#/#nb#,110,1,-7.7836185819070883e-06,
F0_D3_raw_Yee_and_flux.mat,#refs#/#nb#,111,1,-7.7596577017114909e-06,
F0_D3_raw_Yee_and_flux.mat,#refs#/#nb#,112,1,-7.7356968215158902e-06,
F0_D3_raw_Yee_and_flux.mat,#refs#/#nb#,113,1,-7.7117359413202928e-06,
F0_D3_raw_Yee_and_flux.mat,#refs#/#nb#,114,1,-7.6877750611246921e-06,
F0_D3_raw_Yee_and_flux.mat,#refs#/#nb#,115,1,-7.6638141809290948e-06,
F0_D3_raw_Yee_and_flux.mat,#refs#/#nb#,116,1,-7.639853300733494e-06,
F0_D3_raw_Yee_and_flux.mat,#refs#/#nb#,117,1,-7.6158924205378958e-06,
F0_D3_raw_Yee_and_flux.mat,#refs#/#nb#,118,1,-7.5919315403422968e-06,
F0_D3_raw_Yee_and_flux.mat,#refs#/#nb#,119,1,-7.5679706601466977e-06,
F0_D3_raw_Yee_and_flux.mat,#refs#/#nb#,120,1,-7.5440097799510987e-06,
F0_D3_raw_Yee_and_flux.mat,#refs#/#nb#,121,1,-7.5200488997554996e-06,
F0_D3_raw_Yee_and_flux.mat,#refs#/#nb#,122,1,-7.4960880195599006e-06,
F0_D3_raw_Yee_and_flux.mat,#refs#/#nb#,123,1,-7.4721271393643015e-06,
F0_D3_raw_Yee_and_flux.mat,#refs#/#nb#,124,1,-7.4481662591687025e-06,
F0_D3_raw_Yee_and_flux.mat,#refs#/#nb#,125,1,-7.4242053789731035e-06,
F0_D3_raw_Yee_and_flux.mat,#refs#/#nb#,126,1,-7.4002444987775044e-06,
F0_D3_raw_Yee_and_flux.mat,#refs#/#nb#,127,1,-7.3762836185819054e-06,
F0_D3_raw_Yee_and_flux.mat,#refs#/#nb#,128,1,-7.3523227383863063e-06,
F0_D3_raw_Yee_and_flux.mat,#refs#/#nb#,129,1,-7.3283618581907073e-06,
F0_D3_raw_Yee_and_flux.mat,#refs#/#nb#,130,1,-7.3044009779951082e-06,
F0_D3_raw_Yee_and_flux.mat,#refs#/#nb#,131,1,-7.2804400977995092e-06,
F0_D3_raw_Yee_and_flux.mat,#refs#/#nb#,132,1,-7.2564792176039101e-06,
F0_D3_raw_Yee_and_flux.mat,#refs#/#nb#,133,1,-7.2325183374083111e-06,
F0_D3_raw_Yee_and_flux.mat,#refs#/#nb#,134,1,-7.208557457212712e-06,
F0_D3_raw_Yee_and_flux.mat,#refs#/#nb#,135,1,-7.184596577017113e-06,
F0_D3_raw_Yee_and_flux.mat,#refs#/#nb#,136,1,-7.160635696821514e-06,
F0_D3_raw_Yee_and_flux.mat,#refs#/#nb#,137,1,-7.1366748166259149e-06,
F0_D3_raw_Yee_and_flux.mat,#refs#/#nb#,138,1,-7.1127139364303159e-06,
F0_D3_raw_Yee_and_flux.mat,#refs#/#nb#,139,1,-7.0887530562347168e-06,
F0_D3_raw_Yee_and_flux.mat,#refs#/#nb#,140,1,-7.0647921760391178e-06,
F0_D3_raw_Yee_and_flux.mat,#refs#/#nb#,141,1,-7.0408312958435187e-06,
F0_D3_raw_Yee_and_flux.mat,#refs#/#nb#,142,1,-7.0168704156479197e-06,
F0_D3_raw_Yee_and_flux.mat,#refs#/#nb#,143,1,-6.9929095354523206e-06,
F0_D3_raw_Yee_and_flux.mat,#refs#/#nb#,144,1,-6.9689486552567216e-06,
F0_D3_raw_Yee_and_flux.mat,#refs#/#nb#,145,1,-6.9449877750611225e-06,
F0_D3_raw_Yee_and_flux.mat,#refs#/#nb#,146,1,-6.9210268948655235e-06,
F0_D3_raw_Yee_and_flux.mat,#refs#/#nb#,147,1,-6.8970660146699245e-06,
F0_D3_raw_Yee_and_flux.mat,#refs#/#nb#,148,1,-6.8731051344743254e-06,
F0_D3_raw_Yee_and_flux.mat,#refs#/#nb#,149,1,-6.8491442542787264e-06,
F0_D3_raw_Yee_and_flux.mat,#refs#/#nb#,150,1,-6.8251833740831273e-06,
F0_D3_raw_Yee_and_flux.mat,#refs#/#nb#,151,1,-6.8012224938875283e-06,
F0_D3_raw_Yee_and_flux.mat,#refs#/#nb#,152,1,-6.7772616136919292e-06,
F0_D3_raw_Yee_and_flux.mat,#refs#/#nb#,153,1,-6.7533007334963302e-06,
F0_D3_raw_Yee_and_flux.mat,#refs#/#nb#,154,1,-6.7293398533007311e-06,
F0_D3_raw_Yee_and_flux.mat,#refs#/#nb#,155,1,-6.7053789731051321e-06,
F0_D3_raw_Yee_and_flux.mat,#refs#/#nb#,156,1,-6.6814180929095331e-06,
F0_D3_raw_Yee_and_flux.mat,#refs#/#nb#,157,1,-6.657457212713934e-06,
F0_D3_raw_Yee_and_flux.mat,#refs#/#nb#,158,1,-6.633496332518335e-06,
F0_D3_raw_Yee_and_flux.mat,#refs#/#nb#,159,1,-6.6095354523227359e-06,
F0_D3_raw_Yee_and_flux.mat,#refs#/#nb#,160,1,-6.5855745721271369e-06,
F0_D3_raw_Yee_and_flux.mat,#refs#/#nb#,161,1,-6.5616136919315378e-06,
F0_D3_raw_Yee_and_flux.mat,#refs#/#nb#,162,1,-6.5376528117359388e-06,
F0_D3_raw_Yee_and_flux.mat,#refs#/#nb#,163,1,-6.5136919315403397e-06,
F0_D3_raw_Yee_and_flux.mat,#refs#/#nb#,164,1,-6.4897310513447407e-06,
F0_D3_raw_Yee_and_flux.mat,#refs#/#nb#,165,1,-6.4657701711491416e-06,
F0_D3_raw_Yee_and_flux.mat,#refs#/#nb#,166,1,-6.4418092909535426e-06,
F0_D3_raw_Yee_and_flux.mat,#refs#/#nb#,167,1,-6.4178484107579436e-06,
F0_D3_raw_Yee_and_flux.mat,#refs#/#nb#,168,1,-6.3938875305623445e-06,
F0_D3_raw_Yee_and_flux.mat,#refs#/#nb#,169,1,-6.3699266503667455e-06,
F0_D3_raw_Yee_and_flux.mat,#refs#/#nb#,170,1,-6.3459657701711464e-06,
F0_D3_raw_Yee_and_flux.mat,#refs#/#nb#,171,1,-6.3220048899755474e-06,
F0_D3_raw_Yee_and_flux.mat,#refs#/#nb#,172,1,-6.2980440097799483e-06,
F0_D3_raw_Yee_and_flux.mat,#refs#/#nb#,173,1,-6.2740831295843493e-06,
F0_D3_raw_Yee_and_flux.mat,#refs#/#nb#,174,1,-6.2501222493887502e-06,
F0_D3_raw_Yee_and_flux.mat,#refs#/#nb#,175,1,-6.2261613691931512e-06,
F0_D3_raw_Yee_and_flux.mat,#refs#/#nb#,176,1,-6.2022004889975521e-06,
F0_D3_raw_Yee_and_flux.mat,#refs#/#nb#,177,1,-6.1782396088019531e-06,
F0_D3_raw_Yee_and_flux.mat,#refs#/#nb#,178,1,-6.1542787286063541e-06,
F0_D3_raw_Yee_and_flux.mat,#refs#/#nb#,179,1,-6.130317848410755e-06,
F0_D3_raw_Yee_and_flux.mat,#refs#/#nb#,180,1,-6.106356968215156e-06,
F0_D3_raw_Yee_and_flux.mat,#refs#/#nb#,181,1,-6.0823960880195569e-06,
F0_D3_raw_Yee_and_flux.mat,#refs#/#nb#,182,1,-6.0584352078239579e-06,
F0_D3_raw_Yee_and_flux.mat,#refs#/#nb#,183,1,-6.0344743276283588e-06,
F0_D3_raw_Yee_and_flux.mat,#refs#/#nb#,184,1,-6.0105134474327598e-06,
F0_D3_raw_Yee_and_flux.mat,#refs#/#nb#,185,1,-5.9865525672371607e-06,
F0_D3_raw_Yee_and_flux.mat,#refs#/#nb#,186,1,-5.9625916870415617e-06,
F0_D3_raw_Yee_and_flux.mat,#refs#/#nb#,187,1,-5.9386308068459626e-06,
F0_D3_raw_Yee_and_flux.mat,#refs#/#nb#,188,1,-5.9146699266503636e-06,
F0_D3_raw_Yee_and_flux.mat,#refs#/#nb#,189,1,-5.8907090464547646e-06,
F0_D3_raw_Yee_and_flux.mat,#refs#/#nb#,190,1,-5.8667481662591655e-06,
F0_D3_raw_Yee_and_flux.mat,#refs#/#nb#,191,1,-5.8427872860635665e-06,
F0_D3_raw_Yee_and_flux.mat,#refs#/#nb#,192,1,-5.8188264058679674e-06,
F0_D3_raw_Yee_and_flux.mat,#refs#/#nb#,193,1,-5.7948655256723684e-06,
F0_D3_raw_Yee_and_flux.mat,#refs#/#nb#,194,1,-5.7709046454767693e-06,
F0_D3_raw_Yee_and_flux.mat,#refs#/#nb#,195,1,-5.7469437652811703e-06,
F0_D3_raw_Yee_and_flux.mat,#refs#/#nb#,196,1,-5.7229828850855712e-06,
F0_D3_raw_Yee_and_flux.mat,#refs#/#nb#,197,1,-5.6990220048899722e-06,
F0_D3_raw_Yee_and_flux.mat,#refs#/#nb#,198,1,-5.6750611246943731e-06,
F0_D3_raw_Yee_and_flux.mat,#refs#/#nb#,199,1,-5.6511002444987741e-06,
F0_D3_raw_Yee_and_flux.mat,#refs#/#nb#,200,1,-5.6271393643031751e-06,
F0_D3_raw_Yee_and_flux.mat,#refs#/#nb#,201,1,-5.603178484107576e-06,
F0_D3_raw_Yee_and_flux.mat,#refs#/#nb#,202,1,-5.579217603911977e-06,
F0_D3_raw_Yee_and_flux.mat,#refs#/#nb#,203,1,-5.5552567237163779e-06,
F0_D3_raw_Yee_and_flux.mat,#refs#/#nb#,204,1,-5.5312958435207789e-06,
F0_D3_raw_Yee_and_flux.mat,#refs#/#nb#,205,1,-5.5073349633251798e-06,
F0_D3_raw_Yee_and_flux.mat,#refs#/#nb#,206,1,-5.4833740831295808e-06,
F0_D3_raw_Yee_and_flux.mat,#refs#/#nb#,207,1,-5.4594132029339817e-06,
F0_D3_raw_Yee_and_flux.mat,#refs#/#nb#,208,1,-5.4354523227383827e-06,
F0_D3_raw_Yee_and_flux.mat,#refs#/#nb#,209,1,-5.4114914425427837e-06,
F0_D3_raw_Yee_and_flux.mat,#refs#/#nb#,210,1,-5.3875305623471846e-06,
F0_D3_raw_Yee_and_flux.mat,#refs#/#nb#,211,1,-5.3635696821515856e-06,
F0_D3_raw_Yee_and_flux.mat,#refs#/#nb#,212,1,-5.3396088019559865e-06,
F0_D3_raw_Yee_and_flux.mat,#refs#/#nb#,213,1,-5.3156479217603875e-06,
F0_D3_raw_Yee_and_flux.mat,#refs#/#nb#,214,1,-5.2916870415647884e-06,
F0_D3_raw_Yee_and_flux.mat,#refs#/#nb#,215,1,-5.2677261613691894e-06,
F0_D3_raw_Yee_and_flux.mat,#refs#/#nb#,216,1,-5.2437652811735903e-06,
F0_D3_raw_Yee_and_flux.mat,#refs#/#nb#,217,1,-5.2198044009779913e-06,
F0_D3_raw_Yee_and_flux.mat,#refs#/#nb#,218,1,-5.1958435207823922e-06,
F0_D3_raw_Yee_and_flux.mat,#refs#/#nb#,219,1,-5.1718826405867932e-06,
F0_D3_raw_Yee_and_flux.mat,#refs#/#nb#,220,1,-5.1479217603911942e-06,
F0_D3_raw_Yee_and_flux.mat,#refs#/#nb#,221,1,-5.1239608801955951e-06,
F0_D3_raw_Yee_and_flux.mat,#refs#/#nb#,222,1,-5.0999999999999961e-06,
F0_D3_raw_Yee_and_flux.mat,#refs#/#nb#,223,1,-5.076039119804397e-06,
F0_D3_raw_Yee_and_flux.mat,#refs#/#nb#,224,1,-5.052078239608798e-06,
F0_D3_raw_Yee_and_flux.mat,#refs#/#nb#,225,1,-5.0281173594131989e-06,
F0_D3_raw_Yee_and_flux.mat,#refs#/#nb#,226,1,-5.0041564792175999e-06,
F0_D3_raw_Yee_and_flux.mat,#refs#/#nb#,227,1,-4.9801955990220008e-06,
F0_D3_raw_Yee_and_flux.mat,#refs#/#nb#,228,1,-4.9562347188264018e-06,
F0_D3_raw_Yee_and_flux.mat,#refs#/#nb#,229,1,-4.9322738386308027e-06,
F0_D3_raw_Yee_and_flux.mat,#refs#/#nb#,230,1,-4.9083129584352037e-06,
F0_D3_raw_Yee_and_flux.mat,#refs#/#nb#,231,1,-4.8843520782396047e-06,
F0_D3_raw_Yee_and_flux.mat,#refs#/#nb#,232,1,-4.8603911980440056e-06,
F0_D3_raw_Yee_and_flux.mat,#refs#/#nb#,233,1,-4.8364303178484066e-06,
F0_D3_raw_Yee_and_flux.mat,#refs#/#nb#,234,1,-4.8124694376528075e-06,
F0_D3_raw_Yee_and_flux.mat,#refs#/#nb#,235,1,-4.7885085574572085e-06,
F0_D3_raw_Yee_and_flux.mat,#refs#/#nb#,236,1,-4.7645476772616094e-06,
F0_D3_raw_Yee_and_flux.mat,#refs#/#nb#,237,1,-4.7405867970660104e-06,
F0_D3_raw_Yee_and_flux.mat,#refs#/#nb#,238,1,-4.7166259168704113e-06,
F0_D3_raw_Yee_and_flux.mat,#refs#/#nb#,239,1,-4.6926650366748123e-06,
F0_D3_raw_Yee_and_flux.mat,#refs#/#nb#,240,1,-4.6687041564792132e-06,
F0_D3_raw_Yee_and_flux.mat,#refs#/#nb#,241,1,-4.6447432762836142e-06,
F0_D3_raw_Yee_and_flux.mat,#refs#/#nb#,242,1,-4.6207823960880152e-06,
F0_D3_raw_Yee_and_flux.mat,#refs#/#nb#,243,1,-4.5968215158924161e-06,
F0_D3_raw_Yee_and_flux.mat,#refs#/#nb#,244,1,-4.5728606356968171e-06,
F0_D3_raw_Yee_and_flux.mat,#refs#/#nb#,245,1,-4.548899755501218e-06,
F0_D3_raw_Yee_and_flux.mat,#refs#/#nb#,246,1,-4.524938875305619e-06,
F0_D3_raw_Yee_and_flux.mat,#refs#/#nb#,247,1,-4.5009779951100199e-06,
F0_D3_raw_Yee_and_flux.mat,#refs#/#nb#,248,1,-4.4770171149144209e-06,
F0_D3_raw_Yee_and_flux.mat,#refs#/#nb#,249,1,-4.4530562347188218e-06,
F0_D3_raw_Yee_and_flux.mat,#refs#/#nb#,250,1,-4.4290953545232228e-06,
F0_D3_raw_Yee_and_flux.mat,#refs#/#nb#,251,1,-4.4051344743276238e-06,
F0_D3_raw_Yee_and_flux.mat,#refs#/#nb#,252,1,-4.3811735941320247e-06,
F0_D3_raw_Yee_and_flux.mat,#refs#/#nb#,253,1,-4.3572127139364257e-06,
F0_D3_raw_Yee_and_flux.mat,#refs#/#nb#,254,1,-4.3332518337408266e-06,
F0_D3_raw_Yee_and_flux.mat,#refs#/#nb#,255,1,-4.3092909535452276e-06,
F0_D3_raw_Yee_and_flux.mat,#refs#/#nb#,256,1,-4.2853300733496285e-06,
F0_D3_raw_Yee_and_flux.mat,#refs#/#nb#,257,1,-4.2613691931540295e-06,
F0_D3_raw_Yee_and_flux.mat,#refs#/#nb#,258,1,-4.2374083129584304e-06,
F0_D3_raw_Yee_and_flux.mat,#refs#/#nb#,259,1,-4.2134474327628314e-06,
F0_D3_raw_Yee_and_flux.mat,#refs#/#nb#,260,1,-4.1894865525672323e-06,
F0_D3_raw_Yee_and_flux.mat,#refs#/#nb#,261,1,-4.1655256723716333e-06,
F0_D3_raw_Yee_and_flux.mat,#refs#/#nb#,262,1,-4.1415647921760343e-06,
F0_D3_raw_Yee_and_flux.mat,#refs#/#nb#,263,1,-4.1176039119804352e-06,
F0_D3_raw_Yee_and_flux.mat,#refs#/#nb#,264,1,-4.0936430317848362e-06,
F0_D3_raw_Yee_and_flux.mat,#refs#/#nb#,265,1,-4.0696821515892371e-06,
F0_D3_raw_Yee_and_flux.mat,#refs#/#nb#,266,1,-4.0457212713936381e-06,
F0_D3_raw_Yee_and_flux.mat,#refs#/#nb#,267,1,-4.021760391198039e-06,
F0_D3_raw_Yee_and_flux.mat,#refs#/#nb#,268,1,-3.99779951100244e-06,
F0_D3_raw_Yee_and_flux.mat,#refs#/#nb#,269,1,-3.9738386308068409e-06,
F0_D3_raw_Yee_and_flux.mat,#refs#/#nb#,270,1,-3.9498777506112419e-06,
F0_D3_raw_Yee_and_flux.mat,#refs#/#nb#,271,1,-3.9259168704156428e-06,
F0_D3_raw_Yee_and_flux.mat,#refs#/#nb#,272,1,-3.9019559902200438e-06,
F0_D3_raw_Yee_and_flux.mat,#refs#/#nb#,273,1,-3.8779951100244448e-06,
F0_D3_raw_Yee_and_flux.mat,#refs#/#nb#,274,1,-3.8540342298288457e-06,
F0_D3_raw_Yee_and_flux.mat,#refs#/#nb#,275,1,-3.8300733496332467e-06,
F0_D3_raw_Yee_and_flux.mat,#refs#/#nb#,276,1,-3.8061124694376476e-06,
F0_D3_raw_Yee_and_flux.mat,#refs#/#nb#,277,1,-3.7821515892420486e-06,
F0_D3_raw_Yee_and_flux.mat,#refs#/#nb#,278,1,-3.7581907090464495e-06,
F0_D3_raw_Yee_and_flux.mat,#refs#/#nb#,279,1,-3.7342298288508505e-06,
F0_D3_raw_Yee_and_flux.mat,#refs#/#nb#,280,1,-3.7102689486552514e-06,
F0_D3_raw_Yee_and_flux.mat,#refs#/#nb#,281,1,-3.6863080684596524e-06,
F0_D3_raw_Yee_and_flux.mat,#refs#/#nb#,282,1,-3.6623471882640533e-06,
F0_D3_raw_Yee_and_flux.mat,#refs#/#nb#,283,1,-3.6383863080684543e-06,
F0_D3_raw_Yee_and_flux.mat,#refs#/#nb#,284,1,-3.6144254278728553e-06,
F0_D3_raw_Yee_and_flux.mat,#refs#/#nb#,285,1,-3.5904645476772562e-06,
F0_D3_raw_Yee_and_flux.mat,#refs#/#nb#,286,1,-3.5665036674816572e-06,
F0_D3_raw_Yee_and_flux.mat,#refs#/#nb#,287,1,-3.5425427872860581e-06,
F0_D3_raw_Yee_and_flux.mat,#refs#/#nb#,288,1,-3.5185819070904591e-06,
F0_D3_raw_Yee_and_flux.mat,#refs#/#nb#,289,1,-3.49462102689486e-06,
F0_D3_raw_Yee_and_flux.mat,#refs#/#nb#,290,1,-3.470660146699261e-06,
F0_D3_raw_Yee_and_flux.mat,#refs#/#nb#,291,1,-3.4466992665036619e-06,
F0_D3_raw_Yee_and_flux.mat,#refs#/#nb#,292,1,-3.4227383863080629e-06,
F0_D3_raw_Yee_and_flux.mat,#refs#/#nb#,293,1,-3.3987775061124639e-06,
F0_D3_raw_Yee_and_flux.mat,#refs#/#nb#,294,1,-3.3748166259168648e-06,
F0_D3_raw_Yee_and_flux.mat,#refs#/#nb#,295,1,-3.3508557457212658e-06,
F0_D3_raw_Yee_and_flux.mat,#refs#/#nb#,296,1,-3.3268948655256667e-06,
F0_D3_raw_Yee_and_flux.mat,#refs#/#nb#,297,1,-3.3029339853300677e-06,
F0_D3_raw_Yee_and_flux.mat,#refs#/#nb#,298,1,-3.2789731051344686e-06,
F0_D3_raw_Yee_and_flux.mat,#refs#/#nb#,299,1,-3.2550122249388696e-06,
F0_D3_raw_Yee_and_flux.mat,#refs#/#nb#,300,1,-3.2310513447432705e-06,
F0_D3_raw_Yee_and_flux.mat,#refs#/#nb#,301,1,-3.2070904645476715e-06,
F0_D3_raw_Yee_and_flux.mat,#refs#/#nb#,302,1,-3.1831295843520724e-06,
F0_D3_raw_Yee_and_flux.mat,#refs#/#nb#,303,1,-3.1591687041564734e-06,
F0_D3_raw_Yee_and_flux.mat,#refs#/#nb#,304,1,-3.1352078239608744e-06,
F0_D3_raw_Yee_and_flux.mat,#refs#/#nb#,305,1,-3.1112469437652753e-06,
F0_D3_raw_Yee_and_flux.mat,#refs#/#nb#,306,1,-3.0872860635696763e-06,
F0_D3_raw_Yee_and_flux.mat,#refs#/#nb#,307,1,-3.0633251833740772e-06,
F0_D3_raw_Yee_and_flux.mat,#refs#/#nb#,308,1,-3.0393643031784782e-06,
F0_D3_raw_Yee_and_flux.mat,#refs#/#nb#,309,1,-3.0154034229828791e-06,
F0_D3_raw_Yee_and_flux.mat,#refs#/#nb#,310,1,-2.9914425427872801e-06,
F0_D3_raw_Yee_and_flux.mat,#refs#/#nb#,311,1,-2.967481662591681e-06,
F0_D3_raw_Yee_and_flux.mat,#refs#/#nb#,312,1,-2.943520782396082e-06,
F0_D3_raw_Yee_and_flux.mat,#refs#/#nb#,313,1,-2.9195599022004829e-06,
F0_D3_raw_Yee_and_flux.mat,#refs#/#nb#,314,1,-2.8955990220048839e-06,
F0_D3_raw_Yee_and_flux.mat,#refs#/#nb#,315,1,-2.8716381418092849e-06,
F0_D3_raw_Yee_and_flux.mat,#refs#/#nb#,316,1,-2.8476772616136858e-06,
F0_D3_raw_Yee_and_flux.mat,#refs#/#nb#,317,1,-2.8237163814180868e-06,
F0_D3_raw_Yee_and_flux.mat,#refs#/#nb#,318,1,-2.7997555012224877e-06,
F0_D3_raw_Yee_and_flux.mat,#refs#/#nb#,319,1,-2.7757946210268887e-06,
F0_D3_raw_Yee_and_flux.mat,#refs#/#nb#,320,1,-2.7518337408312896e-06,
F0_D3_raw_Yee_and_flux.mat,#refs#/#nb#,321,1,-2.7278728606356906e-06,
F0_D3_raw_Yee_and_flux.mat,#refs#/#nb#,322,1,-2.7039119804400915e-06,
F0_D3_raw_Yee_and_flux.mat,#refs#/#nb#,323,1,-2.6799511002444925e-06,
F0_D3_raw_Yee_and_flux.mat,#refs#/#nb#,324,1,-2.6559902200488934e-06,
F0_D3_raw_Yee_and_flux.mat,#refs#/#nb#,325,1,-2.6320293398532944e-06,
F0_D3_raw_Yee_and_flux.mat,#refs#/#nb#,326,1,-2.6080684596576954e-06,
F0_D3_raw_Yee_and_flux.mat,#refs#/#nb#,327,1,-2.5841075794620963e-06,
F0_D3_raw_Yee_and_flux.mat,#refs#/#nb#,328,1,-2.5601466992664973e-06,
F0_D3_raw_Yee_and_flux.mat,#refs#/#nb#,329,1,-2.5361858190708982e-06,
F0_D3_raw_Yee_and_flux.mat,#refs#/#nb#,330,1,-2.5122249388752992e-06,
F0_D3_raw_Yee_and_flux.mat,#refs#/#nb#,331,1,-2.4882640586797001e-06,
F0_D3_raw_Yee_and_flux.mat,#refs#/#nb#,332,1,-2.4643031784841011e-06,
F0_D3_raw_Yee_and_flux.mat,#refs#/#nb#,333,1,-2.440342298288502e-06,
F0_D3_raw_Yee_and_flux.mat,#refs#/#nb#,334,1,-2.416381418092903e-06,
F0_D3_raw_Yee_and_flux.mat,#refs#/#nb#,335,1,-2.3924205378973039e-06,
F0_D3_raw_Yee_and_flux.mat,#refs#/#nb#,336,1,-2.3684596577017049e-06,
F0_D3_raw_Yee_and_flux.mat,#refs#/#nb#,337,1,-2.3444987775061059e-06,
F0_D3_raw_Yee_and_flux.mat,#refs#/#nb#,338,1,-2.3205378973105068e-06,
F0_D3_raw_Yee_and_flux.mat,#refs#/#nb#,339,1,-2.2965770171149078e-06,
F0_D3_raw_Yee_and_flux.mat,#refs#/#nb#,340,1,-2.2726161369193087e-06,
F0_D3_raw_Yee_and_flux.mat,#refs#/#nb#,341,1,-2.2486552567237097e-06,
F0_D3_raw_Yee_and_flux.mat,#refs#/#nb#,342,1,-2.2246943765281106e-06,
F0_D3_raw_Yee_and_flux.mat,#refs#/#nb#,343,1,-2.2007334963325116e-06,
F0_D3_raw_Yee_and_flux.mat,#refs#/#nb#,344,1,-2.1767726161369125e-06,
F0_D3_raw_Yee_and_flux.mat,#refs#/#nb#,345,1,-2.1528117359413135e-06,
F0_D3_raw_Yee_and_flux.mat,#refs#/#nb#,346,1,-2.1288508557457145e-06,
F0_D3_raw_Yee_and_flux.mat,#refs#/#nb#,347,1,-2.1048899755501154e-06,
F0_D3_raw_Yee_and_flux.mat,#refs#/#nb#,348,1,-2.0809290953545164e-06,
F0_D3_raw_Yee_and_flux.mat,#refs#/#nb#,349,1,-2.0569682151589173e-06,
F0_D3_raw_Yee_and_flux.mat,#refs#/#nb#,350,1,-2.0330073349633183e-06,
F0_D3_raw_Yee_and_flux.mat,#refs#/#nb#,351,1,-2.0090464547677192e-06,
F0_D3_raw_Yee_and_flux.mat,#refs#/#nb#,352,1,-1.9850855745721202e-06,
F0_D3_raw_Yee_and_flux.mat,#refs#/#nb#,353,1,-1.9611246943765211e-06,
F0_D3_raw_Yee_and_flux.mat,#refs#/#nb#,354,1,-1.9371638141809221e-06,
F0_D3_raw_Yee_and_flux.mat,#refs#/#nb#,355,1,-1.913202933985323e-06,
F0_D3_raw_Yee_and_flux.mat,#refs#/#nb#,356,1,-1.889242053789724e-06,
F0_D3_raw_Yee_and_flux.mat,#refs#/#nb#,357,1,-1.865281173594125e-06,
F0_D3_raw_Yee_and_flux.mat,#refs#/#nb#,358,1,-1.8413202933985259e-06,
F0_D3_raw_Yee_and_flux.mat,#refs#/#nb#,359,1,-1.8173594132029269e-06,
F0_D3_raw_Yee_and_flux.mat,#refs#/#nb#,360,1,-1.7933985330073278e-06,
F0_D3_raw_Yee_and_flux.mat,#refs#/#nb#,361,1,-1.7694376528117288e-06,
F0_D3_raw_Yee_and_flux.mat,#refs#/#nb#,362,1,-1.7454767726161297e-06,
F0_D3_raw_Yee_and_flux.mat,#refs#/#nb#,363,1,-1.7215158924205307e-06,
F0_D3_raw_Yee_and_flux.mat,#refs#/#nb#,364,1,-1.6975550122249316e-06,
F0_D3_raw_Yee_and_flux.mat,#refs#/#nb#,365,1,-1.6735941320293326e-06,
F0_D3_raw_Yee_and_flux.mat,#refs#/#nb#,366,1,-1.6496332518337335e-06,
F0_D3_raw_Yee_and_flux.mat,#refs#/#nb#,367,1,-1.6256723716381345e-06,
F0_D3_raw_Yee_and_flux.mat,#refs#/#nb#,368,1,-1.6017114914425355e-06,
F0_D3_raw_Yee_and_flux.mat,#refs#/#nb#,369,1,-1.5777506112469364e-06,
F0_D3_raw_Yee_and_flux.mat,#refs#/#nb#,370,1,-1.5537897310513374e-06,
F0_D3_raw_Yee_and_flux.mat,#refs#/#nb#,371,1,-1.5298288508557383e-06,
F0_D3_raw_Yee_and_flux.mat,#refs#/#nb#,372,1,-1.5058679706601393e-06,
F0_D3_raw_Yee_and_flux.mat,#refs#/#nb#,373,1,-1.4819070904645402e-06,
F0_D3_raw_Yee_and_flux.mat,#refs#/#nb#,374,1,-1.4579462102689412e-06,
F0_D3_raw_Yee_and_flux.mat,#refs#/#nb#,375,1,-1.4339853300733421e-06,
F0_D3_raw_Yee_and_flux.mat,#refs#/#nb#,376,1,-1.4100244498777431e-06,
F0_D3_raw_Yee_and_flux.mat,#refs#/#nb#,377,1,-1.386063569682144e-06,
F0_D3_raw_Yee_and_flux.mat,#refs#/#nb#,378,1,-1.362102689486545e-06,
F0_D3_raw_Yee_and_flux.mat,#refs#/#nb#,379,1,-1.338141809290946e-06,
F0_D3_raw_Yee_and_flux.mat,#refs#/#nb#,380,1,-1.3141809290953469e-06,
F0_D3_raw_Yee_and_flux.mat,#refs#/#nb#,381,1,-1.2902200488997479e-06,
F0_D3_raw_Yee_and_flux.mat,#refs#/#nb#,382,1,-1.2662591687041488e-06,
F0_D3_raw_Yee_and_flux.mat,#refs#/#nb#,383,1,-1.2422982885085498e-06,
F0_D3_raw_Yee_and_flux.mat,#refs#/#nb#,384,1,-1.2183374083129507e-06,
F0_D3_raw_Yee_and_flux.mat,#refs#/#nb#,385,1,-1.1943765281173517e-06,
F0_D3_raw_Yee_and_flux.mat,#refs#/#nb#,386,1,-1.1704156479217526e-06,
F0_D3_raw_Yee_and_flux.mat,#refs#/#nb#,387,1,-1.1464547677261536e-06,
F0_D3_raw_Yee_and_flux.mat,#refs#/#nb#,388,1,-1.1224938875305546e-06,
F0_D3_raw_Yee_and_flux.mat,#refs#/#nb#,389,1,-1.0985330073349555e-06,
F0_D3_raw_Yee_and_flux.mat,#refs#/#nb#,390,1,-1.0745721271393565e-06,
F0_D3_raw_Yee_and_flux.mat,#refs#/#nb#,391,1,-1.0506112469437574e-06,
F0_D3_raw_Yee_and_flux.mat,#refs#/#nb#,392,1,-1.0266503667481584e-06,
F0_D3_raw_Yee_and_flux.mat,#refs#/#nb#,393,1,-1.0026894865525593e-06,
F0_D3_raw_Yee_and_flux.mat,#refs#/#nb#,394,1,-9.7872860635696028e-07,
F0_D3_raw_Yee_and_flux.mat,#refs#/#nb#,395,1,-9.5476772616136123e-07,
F0_D3_raw_Yee_and_flux.mat,#refs#/#nb#,396,1,-9.3080684596576219e-07,
F0_D3_raw_Yee_and_flux.mat,#refs#/#nb#,397,1,-9.0684596577016314e-07,
F0_D3_raw_Yee_and_flux.mat,#refs#/#nb#,398,1,-8.828850855745641e-07,
F0_D3_raw_Yee_and_flux.mat,#refs#/#nb#,399,1,-8.5892420537896505e-07,
F0_D3_raw_Yee_and_flux.mat,#refs#/#nb#,400,1,-8.3496332518336601e-07,
F0_D3_raw_Yee_and_flux.mat,#refs#/#nb#,401,1,-8.1100244498776696e-07,
F0_D3_raw_Yee_and_flux.mat,#refs#/#nb#,402,1,-7.8704156479216792e-07,
F0_D3_raw_Yee_and_flux.mat,#refs#/#nb#,403,1,-7.6308068459656887e-07,
F0_D3_raw_Yee_and_flux.mat,#refs#/#nb#,404,1,-7.3911980440096983e-07,
F0_D3_raw_Yee_and_flux.mat,#refs#/#nb#,405,1,-7.1515892420537078e-07,
F0_D3_raw_Yee_and_flux.mat,#refs#/#nb#,406,1,-6.9119804400977174e-07,
F0_D3_raw_Yee_and_flux.mat,#refs#/#nb#,407,1,-6.6723716381417269e-07,
F0_D3_raw_Yee_and_flux.mat,#refs#/#nb#,408,1,-6.4327628361857365e-07,
F0_D3_raw_Yee_and_flux.mat,#refs#/#nb#,409,1,-6.193154034229746e-07,
F0_D3_raw_Yee_and_flux.mat,#refs#/#nb#,410,1,-5.9535452322737556e-07,
F0_D3_raw_Yee_and_flux.mat,#refs#/#nb#,411,1,-5.7139364303177651e-07,
F0_D3_raw_Yee_and_flux.mat,#refs#/#nb#,412,1,-5.4743276283617747e-07,
F0_D3_raw_Yee_and_flux.mat,#refs#/#nb#,413,1,-5.2347188264057842e-07,
F0_D3_raw_Yee_and_flux.mat,#refs#/#nb#,414,1,-4.9951100244497937e-07,
F0_D3_raw_Yee_and_flux.mat,#refs#/#nb#,415,1,-4.7555012224938033e-07,
F0_D3_raw_Yee_and_flux.mat,#refs#/#nb#,416,1,-4.5158924205378128e-07,
F0_D3_raw_Yee_and_flux.mat,#refs#/#nb#,417,1,-4.2762836185818224e-07,
F0_D3_raw_Yee_and_flux.mat,#refs#/#nb#,418,1,-4.0366748166258319e-07,
F0_D3_raw_Yee_and_flux.mat,#refs#/#nb#,419,1,-3.7970660146698415e-07,
F0_D3_raw_Yee_and_flux.mat,#refs#/#nb#,420,1,-3.557457212713851e-07,
F0_D3_raw_Yee_and_flux.mat,#refs#/#nb#,421,1,-3.3178484107578606e-07,
F0_D3_raw_Yee_and_flux.mat,#refs#/#nb#,422,1,-3.0782396088018701e-07,
F0_D3_raw_Yee_and_flux.mat,#refs#/#nb#,423,1,-2.8386308068459231e-07,
F0_D3_raw_Yee_and_flux.mat,#refs#/#nb#,424,1,-2.6088977614281683e-07,
F0_D3_raw_Yee_and_flux.mat,#refs#/#nb#,425,1,-2.4049303261265691e-07,
F0_D3_raw_Yee_and_flux.mat,#refs#/#nb#,426,1,-2.230445767632343e-07,
F0_D3_raw_Yee_and_flux.mat,#refs#/#nb#,427,1,-2.0749999999999137e-07,
F0_D3_raw_Yee_and_flux.mat,#refs#/#nb#,428,1,-1.9249999999999567e-07,
F0_D3_raw_Yee_and_flux.mat,#refs#/#nb#,429,1,-1.7749999999999997e-07,
F0_D3_raw_Yee_and_flux.mat,#refs#/#nb#,430,1,-1.6249999999999995e-07,
F0_D3_raw_Yee_and_flux.mat,#refs#/#nb#,431,1,-1.4749999999999994e-07,
F0_D3_raw_Yee_and_flux.mat,#refs#/#nb#,432,1,-1.3249999999999992e-07,
F0_D3_raw_Yee_and_flux.mat,#refs#/#nb#,433,1,-1.1749999999999991e-07,
F0_D3_raw_Yee_and_flux.mat,#refs#/#nb#,434,1,-1.0249999999999992e-07,
F0_D3_raw_Yee_and_flux.mat,#refs#/#nb#,435,1,-8.7499999999999903e-08,
F0_D3_raw_Yee_and_flux.mat,#refs#/#nb#,436,1,-7.2499999999999915e-08,
F0_D3_raw_Yee_and_flux.mat,#refs#/#nb#,437,1,-5.7499999999999906e-08,
F0_D3_raw_Yee_and_flux.mat,#refs#/#nb#,438,1,-4.2499999999999904e-08,
F0_D3_raw_Yee_and_flux.mat,#refs#/#nb#,439,1,-2.7499999999999902e-08,
F0_D3_raw_Yee_and_flux.mat,#refs#/#nb#,440,1,-1.24999999999999e-08,
F0_D3_raw_Yee_and_flux.mat,#refs#/#nb#,441,1,2.5000000000001018e-09,
F0_D3_raw_Yee_and_flux.mat,#refs#/#nb#,442,1,1.7500000000000104e-08,
F0_D3_raw_Yee_and_flux.mat,#refs#/#nb#,443,1,3.2500000000000106e-08,
F0_D3_raw_Yee_and_flux.mat,#refs#/#nb#,444,1,4.7500000000000108e-08,
F0_D3_raw_Yee_and_flux.mat,#refs#/#nb#,445,1,6.2500000000000116e-08,
F0_D3_raw_Yee_and_flux.mat,#refs#/#nb#,446,1,7.7500000000000105e-08,
F0_D3_raw_Yee_and_flux.mat,#refs#/#nb#,447,1,9.250000000000012e-08,
F0_D3_raw_Yee_and_flux.mat,#refs#/#nb#,448,1,1.0750000000000011e-07,
F0_D3_raw_Yee_and_flux.mat,#refs#/#nb#,449,1,1.2250000000000012e-07,
F0_D3_raw_Yee_and_flux.mat,#refs#/#nb#,450,1,1.3750000000000014e-07,
F0_D3_raw_Yee_and_flux.mat,#refs#/#nb#,451,1,1.5250000000000015e-07,
F0_D3_raw_Yee_and_flux.mat,#refs#/#nb#,452,1,1.6750000000000017e-07,
F0_D3_raw_Yee_and_flux.mat,#refs#/#nb#,453,1,1.8250000000000018e-07,
F0_D3_raw_Yee_and_flux.mat,#refs#/#nb#,454,1,1.975000000000002e-07,
F0_D3_raw_Yee_and_flux.mat,#refs#/#nb#,455,1,2.1250000000000022e-07,
F0_D3_raw_Yee_and_flux.mat,#refs#/#nb#,456,1,2.2750000000000023e-07,
F0_D3_raw_Yee_and_flux.mat,#refs#/#nb#,457,1,2.4250000000000022e-07,
F0_D3_raw_Yee_and_flux.mat,#refs#/#nb#,458,1,2.5750000000000029e-07,
F0_D3_raw_Yee_and_flux.mat,#refs#/#nb#,459,1,2.7250000000000025e-07,
F0_D3_raw_Yee_and_flux.mat,#refs#/#nb#,460,1,2.8750000000000032e-07,
F0_D3_raw_Yee_and_flux.mat,#refs#/#nb#,461,1,3.0250000000000028e-07,
F0_D3_raw_Yee_and_flux.mat,#refs#/#nb#,462,1,3.1750000000000019e-07,
F0_D3_raw_Yee_and_flux.mat,#refs#/#nb#,463,1,3.325000000000002e-07,
F0_D3_raw_Yee_and_flux.mat,#refs#/#nb#,464,1,3.4786196761693172e-07,
F0_D3_raw_Yee_and_flux.mat,#refs#/#nb#,465,1,3.6600299325795735e-07,
F0_D3_raw_Yee_and_flux.mat,#refs#/#nb#,466,1,3.891025641025643e-07,
F0_D3_raw_Yee_and_flux.mat,#refs#/#nb#,467,1,4.1474358974358986e-07,
F0_D3_raw_Yee_and_flux.mat,#refs#/#nb#,468,1,4.4038461538461547e-07,
F0_D3_raw_Yee_and_flux.mat,#refs#/#nb#,469,1,4.6602564102564113e-07,
F0_D3_raw_Yee_and_flux.mat,#refs#/#nb#,470,1,4.9166666666666669e-07,
F0_D3_raw_Yee_and_flux.mat,#refs#/#nb#,471,1,5.173076923076924e-07,
F0_D3_raw_Yee_and_flux.mat,#refs#/#nb#,472,1,5.4294871794871791e-07,
F0_D3_raw_Yee_and_flux.mat,#refs#/#nb#,473,1,5.6858974358974362e-07,
F0_D3_raw_Yee_and_flux.mat,#refs#/#nb#,474,1,5.9423076923076913e-07,
F0_D3_raw_Yee_and_flux.mat,#refs#/#o#,0,1,108,
F0_D3_raw_Yee_and_flux.mat,#refs#/#o#,1,1,97,
F0_D3_raw_Yee_and_flux.mat,#refs#/#o#,2,1,109,
F0_D3_raw_Yee_and_flux.mat,#refs#/#o#,3,1,98,
F0_D3_raw_Yee_and_flux.mat,#refs#/#o#,4,1,100,
F0_D3_raw_Yee_and_flux.mat,#refs#/#o#,5,1,97,
F0_D3_raw_Yee_and_flux.mat,#refs#/#p#,0,1,102,
F0_D3_raw_Yee_and_flux.mat,#refs#/#u#,0,1,105,
F0_D3_raw_Yee_and_flux.mat,#refs#/#u#,1,1,110,
F0_D3_raw_Yee_and_flux.mat,#refs#/#u#,2,1,100,
F0_D3_raw_Yee_and_flux.mat,#refs#/#u#,3,1,101,
F0_D3_raw_Yee_and_flux.mat,#refs#/#u#,4,1,120,
F0_D3_raw_Yee_and_flux.mat,#refs#/#u#,5,1,95,
F0_D3_raw_Yee_and_flux.mat,#refs#/#u#,6,1,120,
F0_D3_raw_Yee_and_flux.mat,#refs#/#v#,0,1,105,
F0_D3_raw_Yee_and_flux.mat,#refs#/#v#,1,1,110,
F0_D3_raw_Yee_and_flux.mat,#refs#/#v#,2,1,100,
F0_D3_raw_Yee_and_flux.mat,#refs#/#v#,3,1,101,
F0_D3_raw_Yee_and_flux.mat,#refs#/#v#,4,1,120,
F0_D3_raw_Yee_and_flux.mat,#refs#/#v#,5,1,95,
F0_D3_raw_Yee_and_flux.mat,#refs#/#v#,6,1,121,
F0_D3_raw_Yee_and_flux.mat,#refs#/#w#,0,1,105,
F0_D3_raw_Yee_and_flux.mat,#refs#/#w#,1,1,110,
F0_D3_raw_Yee_and_flux.mat,#refs#/#w#,2,1,100,
F0_D3_raw_Yee_and_flux.mat,#refs#/#w#,3,1,101,
F0_D3_raw_Yee_and_flux.mat,#refs#/#w#,4,1,120,
F0_D3_raw_Yee_and_flux.mat,#refs#/#w#,5,1,95,
F0_D3_raw_Yee_and_flux.mat,#refs#/#w#,6,1,122,
F0_D3_raw_Yee_and_flux.mat,#refs#/#x#,0,1,105,
F0_D3_raw_Yee_and_flux.mat,#refs#/#x#,1,1,110,
F0_D3_raw_Yee_and_flux.mat,#refs#/#x#,2,1,100,
F0_D3_raw_Yee_and_flux.mat,#refs#/#x#,3,1,101,
F0_D3_raw_Yee_and_flux.mat,#refs#/#x#,4,1,120,
F0_D3_raw_Yee_and_flux.mat,#refs#/#x#,5,1,95,
F0_D3_raw_Yee_and_flux.mat,#refs#/#x#,6,1,120,
F0_D3_raw_Yee_and_flux.mat,#refs#/#y#,0,1,105,
F0_D3_raw_Yee_and_flux.mat,#refs#/#y#,1,1,110,
F0_D3_raw_Yee_and_flux.mat,#refs#/#y#,2,1,100,
F0_D3_raw_Yee_and_flux.mat,#refs#/#y#,3,1,101,
F0_D3_raw_Yee_and_flux.mat,#refs#/#y#,4,1,120,
F0_D3_raw_Yee_and_flux.mat,#refs#/#y#,5,1,95,
F0_D3_raw_Yee_and_flux.mat,#refs#/#y#,6,1,121,
F0_D3_raw_Yee_and_flux.mat,#refs#/#z#,0,1,105,
F0_D3_raw_Yee_and_flux.mat,#refs#/#z#,1,1,110,
F0_D3_raw_Yee_and_flux.mat,#refs#/#z#,2,1,100,
F0_D3_raw_Yee_and_flux.mat,#refs#/#z#,3,1,101,
F0_D3_raw_Yee_and_flux.mat,#refs#/#z#,4,1,120,
F0_D3_raw_Yee_and_flux.mat,#refs#/#z#,5,1,95,
F0_D3_raw_Yee_and_flux.mat,#refs#/#z#,6,1,122,
