source_mat,dataset,start,count,real,imag
F0_D3_raw_Yee_and_flux.mat,Pbottom,0,1,0.94652791176763851,
F0_D3_raw_Yee_and_flux.mat,Pbottom,1,1,0.94778193878195527,
F0_D3_raw_Yee_and_flux.mat,Pbottom,2,1,0.90658726279515689,
F0_D3_raw_Yee_and_flux.mat,Pbottom,3,1,0.88545214340719169,
F0_D3_raw_Yee_and_flux.mat,Pbottom,4,1,0.89034344995655113,
F0_D3_raw_Yee_and_flux.mat,Pbottom,5,1,0.89342834409678806,
F0_D3_raw_Yee_and_flux.mat,Pbottom,6,1,0.88177718182670362,
F0_D3_raw_Yee_and_flux.mat,Pbottom,7,1,0.86068730643908453,
F0_D3_raw_Yee_and_flux.mat,Pbottom,8,1,0.83959462541524199,
F0_D3_raw_Yee_and_flux.mat,Pbottom,9,1,0.82345479270063182,
F0_D3_raw_Yee_and_flux.mat,Pbottom,10,1,0.813324864858889,
F0_D3_raw_Yee_and_flux.mat,Pbottom,11,1,0.80911502958777659,
F0_D3_raw_Yee_and_flux.mat,Pbottom,12,1,0.81039626733594905,
F0_D3_raw_Yee_and_flux.mat,Pbottom,13,1,0.81504750410215165,
F0_D3_raw_Yee_and_flux.mat,Pbottom,14,1,0.8171727987792855,
F0_D3_raw_Yee_and_flux.mat,Pbottom,15,1,0.80831358348577631,
F0_D3_raw_Yee_and_flux.mat,Pbottom,16,1,0.78669249633805205,
F0_D3_raw_Yee_and_flux.mat,Pbottom,17,1,0.76679905350321043,
F0_D3_raw_Yee_and_flux.mat,Pbottom,18,1,0.77040930573353106,
F0_D3_raw_Yee_and_flux.mat,Pbottom,19,1,0.80143912911097781,
F0_D3_raw_Yee_and_flux.mat,Pbottom,20,1,0.82149844064936794,
F0_D3_raw_Yee_and_flux.mat,Pbottom,21,1,0.79656848253592083,
F0_D3_raw_Yee_and_flux.mat,Pbottom,22,1,0.77997814425637002,
F0_D3_raw_Yee_and_flux.mat,Pbottom,23,1,0.81631088056566325,
F0_D3_raw_Yee_and_flux.mat,Pbottom,24,1,0.83562493910623981,
F0_D3_raw_Yee_and_flux.mat,Pbottom,25,1,0.80073176685580671,
F0_D3_raw_Yee_and_flux.mat,Pbottom,26,1,0.81992978113259607,
F0_D3_raw_Yee_and_flux.mat,Pbottom,27,1,0.8547464838829345,
F0_D3_raw_Yee_and_flux.mat,Pbottom,28,1,0.81916294177740856,
F0_D3_raw_Yee_and_flux.mat,Pbottom,29,1,0.84615711184685993,
F0_D3_raw_Yee_and_flux.mat,Pbottom,30,1,0.86582406823501346,
F0_D3_raw_Yee_and_flux.mat,Pbottom,31,1,0.8362210104426453,
F0_D3_raw_Yee_and_flux.mat,Pbottom,32,1,0.88514811346511491,
F0_D3_raw_Yee_and_flux.mat,Pbottom,33,1,0.8589280614063789,
F0_D3_raw_Yee_and_flux.mat,Pbottom,34,1,0.87953651908417529,
F0_D3_raw_Yee_and_flux.mat,Pbottom,35,1,0.88798001400511062,
F0_D3_raw_Yee_and_flux.mat,Pbottom,36,1,0.87493708501759304,
F0_D3_raw_Yee_and_flux.mat,Pbottom,37,1,0.9058651355711419,
F0_D3_raw_Yee_and_flux.mat,Pbottom,38,1,0.87487269346955077,
F0_D3_raw_Yee_and_flux.mat,Pbottom,39,1,0.91264087463378218,
F0_D3_raw_Yee_and_flux.mat,Pbottom,40,1,0.87487129735127434,
F0_D3_raw_Yee_and_flux.mat,Pbottom,41,1,0.91292557467865021,
F0_D3_raw_Yee_and_flux.mat,Pbottom,42,1,0.87319800884306786,
F0_D3_raw_Yee_and_flux.mat,Pbottom,43,1,0.9098192466198588,
F0_D3_raw_Yee_and_flux.mat,Pbottom,44,1,0.87193986010519786,
F0_D3_raw_Yee_and_flux.mat,Pbottom,45,1,0.9039474923188987,
F0_D3_raw_Yee_and_flux.mat,Pbottom,46,1,0.87515421947682748,
F0_D3_raw_Yee_and_flux.mat,Pbottom,47,1,0.89372381106097132,
F0_D3_raw_Yee_and_flux.mat,Pbottom,48,1,0.88597190180639407,
F0_D3_raw_Yee_and_flux.mat,Pbottom,49,1,0.87894056618809968,
F0_D3_raw_Yee_and_flux.mat,Pbottom,50,1,0.90137435859802761,
F0_D3_raw_Yee_and_flux.mat,Pbottom,51,1,0.86727677797890179,
F0_D3_raw_Yee_and_flux.mat,Pbottom,52,1,0.90677186465469195,
F0_D3_raw_Yee_and_flux.mat,Pbottom,53,1,0.87307989454203316,
F0_D3_raw_Yee_and_flux.mat,Pbottom,54,1,0.88862524142082133,
F0_D3_raw_Yee_and_flux.mat,Pbottom,55,1,0.89728217607243044,
F0_D3_raw_Yee_and_flux.mat,Pbottom,56,1,0.86686332181404402,
F0_D3_raw_Yee_and_flux.mat,Pbottom,57,1,0.90410265660292743,
F0_D3_raw_Yee_and_flux.mat,Pbottom,58,1,0.87892650281869866,
F0_D3_raw_Yee_and_flux.mat,Pbottom,59,1,0.87406691887235011,
F0_D3_raw_Yee_and_flux.mat,Pbottom,60,1,0.904463426037736,
F0_D3_raw_Yee_and_flux.mat,Pbottom,61,1,0.86848362949200475,
F0_D3_raw_Yee_and_flux.mat,Pbottom,62,1,0.87933891143902077,
F0_D3_raw_Yee_and_flux.mat,Pbottom,63,1,0.90064984881713406,
F0_D3_raw_Yee_and_flux.mat,Pbottom,64,1,0.86404015112903709,
F0_D3_raw_Yee_and_flux.mat,Pbottom,65,1,0.87849487062728604,
F0_D3_raw_Yee_and_flux.mat,Pbottom,66,1,0.89888241045380401,
F0_D3_raw_Yee_and_flux.mat,Pbottom,67,1,0.86341575957087768,
F0_D3_raw_Yee_and_flux.mat,Pbottom,68,1,0.87183867718991548,
F0_D3_raw_Yee_and_flux.mat,Pbottom,69,1,0.89877814612382689,
F0_D3_raw_Yee_and_flux.mat,Pbottom,70,1,0.86823146432832787,
F0_D3_raw_Yee_and_flux.mat,Pbottom,71,1,0.86159518987178296,
F0_D3_raw_Yee_and_flux.mat,Pbottom,72,1,0.89469082494258301,
F0_D3_raw_Yee_and_flux.mat,Pbottom,73,1,0.88073000326192685,
F0_D3_raw_Yee_and_flux.mat,Pbottom,74,1,0.85499941846611094,
F0_D3_raw_Yee_and_flux.mat,Pbottom,75,1,0.87971696623358386,
F0_D3_raw_Yee_and_flux.mat,Pbottom,76,1,0.8947740361539358,
F0_D3_raw_Yee_and_flux.mat,Pbottom,77,1,0.86376940720723672,
F0_D3_raw_Yee_and_flux.mat,Pbottom,78,1,0.8594409294065215,
F0_D3_raw_Yee_and_flux.mat,Pbottom,79,1,0.89078670152388983,
F0_D3_raw_Yee_and_flux.mat,Pbottom,80,1,0.8880275772011551,
F0_D3_raw_Yee_and_flux.mat,Pbottom,81,1,0.85830871421443244,
F0_D3_raw_Yee_and_flux.mat,Pbottom,82,1,0.86519836125913407,
F0_D3_raw_Yee_and_flux.mat,Pbottom,83,1,0.89459889934460846,
F0_D3_raw_Yee_and_flux.mat,Pbottom,84,1,0.88662408761278688,
F0_D3_raw_Yee_and_flux.mat,Pbottom,85,1,0.85936326811992336,
F0_D3_raw_Yee_and_flux.mat,Pbottom,86,1,0.86645553053244173,
F0_D3_raw_Yee_and_flux.mat,Pbottom,87,1,0.89503465283110362,
F0_D3_raw_Yee_and_flux.mat,Pbottom,88,1,0.89220675572819197,
F0_D3_raw_Yee_and_flux.mat,Pbottom,89,1,0.8653799305371298,
F0_D3_raw_Yee_and_flux.mat,Pbottom,90,1,0.86401952278816685,
F0_D3_raw_Yee_and_flux.mat,Pin,0,1,7.8927624095237571e-14,
F0_D3_raw_Yee_and_flux.mat,Pin,1,1,7.9037278561035245e-14,
F0_D3_raw_Yee_and_flux.mat,Pin,2,1,7.914244231988174e-14,
F0_D3_raw_Yee_and_flux.mat,Pin,3,1,7.9243356662161589e-14,
F0_D3_raw_Yee_and_flux.mat,Pin,4,1,7.9340246928015804e-14,
F0_D3_raw_Yee_and_flux.mat,Pin,5,1,7.9433323752867173e-14,
F0_D3_raw_Yee_and_flux.mat,Pin,6,1,7.9522784201224106e-14,
F0_D3_raw_Yee_and_flux.mat,Pin,7,1,7.9608812800041261e-14,
F0_D3_raw_Yee_and_flux.mat,Pin,8,1,7.9691582481652283e-14,
F0_D3_raw_Yee_and_flux.mat,Pin,9,1,7.9771255445186096e-14,
F0_D3_raw_Yee_and_flux.mat,Pin,10,1,7.9847983944401568e-14,
F0_D3_raw_Yee_and_flux.mat,Pin,11,1,7.9921911009021734e-14,
F0_D3_raw_Yee_and_flux.mat,Pin,12,1,7.9993171105890893e-14,
F0_D3_raw_Yee_and_flux.mat,Pin,13,1,8.006189074561241e-14,
F0_D3_raw_Yee_and_flux.mat,Pin,14,1,8.0128189039734078e-14,
F0_D3_raw_Yee_and_flux.mat,Pin,15,1,8.0192178213026242e-14,
F0_D3_raw_Yee_and_flux.mat,Pin,16,1,8.0253964074932678e-14,
F0_D3_raw_Yee_and_flux.mat,Pin,17,1,8.0313646453864723e-14,
F0_D3_raw_Yee_and_flux.mat,Pin,18,1,8.0371319597641247e-14,
F0_D3_raw_Yee_and_flux.mat,Pin,19,1,8.0427072543051709e-14,
F0_D3_raw_Yee_and_flux.mat,Pin,20,1,8.0480989457228609e-14,
F0_D3_raw_Yee_and_flux.mat,Pin,21,1,8.0533149953256482e-14,
F0_D3_raw_Yee_and_flux.mat,Pin,22,1,8.0583629382211469e-14,
F0_D3_raw_Yee_and_flux.mat,Pin,23,1,8.0632499103618739e-14,
F0_D3_raw_Yee_and_flux.mat,Pin,24,1,8.0679826736128516e-14,
F0_D3_raw_Yee_and_flux.mat,Pin,25,1,8.0725676390044344e-14,
F0_D3_raw_Yee_and_flux.mat,Pin,26,1,8.0770108883187489e-14,
F0_D3_raw_Yee_and_flux.mat,Pin,27,1,8.0813181941446244e-14,
F0_D3_raw_Yee_and_flux.mat,Pin,28,1,8.0854950385237581e-14,
F0_D3_raw_Yee_and_flux.mat,Pin,29,1,8.089546630299935e-14,
F0_D3_raw_Yee_and_flux.mat,Pin,30,1,8.0934779212732265e-14,
F0_D3_raw_Yee_and_flux.mat,Pin,31,1,8.0972936212521977e-14,
F0_D3_raw_Yee_and_flux.mat,Pin,32,1,8.1009982120890627e-14,
F0_D3_raw_Yee_and_flux.mat,Pin,33,1,8.1045959607755349e-14,
F0_D3_raw_Yee_and_flux.mat,Pin,34,1,8.1080909316703572e-14,
F0_D3_raw_Yee_and_flux.mat,Pin,35,1,8.1114869979236766e-14,
F0_D3_raw_Yee_and_flux.mat,Pin,36,1,8.1147878521578691e-14,
F0_D3_raw_Yee_and_flux.mat,Pin,37,1,8.1179970164595859e-14,
F0_D3_raw_Yee_and_flux.mat,Pin,38,1,8.1211178517332171e-14,
F0_D3_raw_Yee_and_flux.mat,Pin,39,1,8.1241535664619778e-14,
F0_D3_raw_Yee_and_flux.mat,Pin,40,1,8.1271072249190293e-14,
F0_D3_raw_Yee_and_flux.mat,Pin,41,1,8.1299817548676785e-14,
F0_D3_raw_Yee_and_flux.mat,Pin,42,1,8.1327799547867134e-14,
F0_D3_raw_Yee_and_flux.mat,Pin,43,1,8.1355045006538895e-14,
F0_D3_raw_Yee_and_flux.mat,Pin,44,1,8.1381579523182374e-14,
F0_D3_raw_Yee_and_flux.mat,Pin,45,1,8.1407427594893785e-14,
F0_D3_raw_Yee_and_flux.mat,Pin,46,1,8.1432612673698923e-14,
F0_D3_raw_Yee_and_flux.mat,Pin,47,1,8.145715721954817e-14,
F0_D3_raw_Yee_and_flux.mat,Pin,48,1,8.1481082750205741e-14,
F0_D3_raw_Yee_and_flux.mat,Pin,49,1,8.1504409888239041e-14,
F0_D3_raw_Yee_and_flux.mat,Pin,50,1,8.152715840529919e-14,
F0_D3_raw_Yee_and_flux.mat,Pin,51,1,8.1549347263869367e-14,
F0_D3_raw_Yee_and_flux.mat,Pin,52,1,8.1570994656645127e-14,
F0_D3_raw_Yee_and_flux.mat,Pin,53,1,8.1592118043698659e-14,
F0_D3_raw_Yee_and_flux.mat,Pin,54,1,8.1612734187568472e-14,
F0_D3_raw_Yee_and_flux.mat,Pin,55,1,8.1632859186405571e-14,
F0_D3_raw_Yee_and_flux.mat,Pin,56,1,8.165250850529771e-14,
F0_D3_raw_Yee_and_flux.mat,Pin,57,1,8.1671697005886036e-14,
F0_D3_raw_Yee_and_flux.mat,Pin,58,1,8.1690438974378751e-14,
F0_D3_raw_Yee_and_flux.mat,Pin,59,1,8.1708748148060582e-14,
F0_D3_raw_Yee_and_flux.mat,Pin,60,1,8.1726637740389355e-14,
F0_D3_raw_Yee_and_flux.mat,Pin,61,1,8.1744120464765358e-14,
F0_D3_raw_Yee_and_flux.mat,Pin,62,1,8.176120855705238e-14,
F0_D3_raw_Yee_and_flux.mat,Pin,63,1,8.177791379692556e-14,
F0_D3_raw_Yee_and_flux.mat,Pin,64,1,8.1794247528114592e-14,
F0_D3_raw_Yee_and_flux.mat,Pin,65,1,8.1810220677607832e-14,
F0_D3_raw_Yee_and_flux.mat,Pin,66,1,8.1825843773876764e-14,
F0_D3_raw_Yee_and_flux.mat,Pin,67,1,8.1841126964178559e-14,
F0_D3_raw_Yee_and_flux.mat,Pin,68,1,8.1856080030988959e-14,
F0_D3_raw_Yee_and_flux.mat,Pin,69,1,8.1870712407615064e-14,
F0_D3_raw_Yee_and_flux.mat,Pin,70,1,8.1885033193034765e-14,
F0_D3_raw_Yee_and_flux.mat,Pin,71,1,8.1899051166006107e-14,
F0_D3_raw_Yee_and_flux.mat,Pin,72,1,8.1912774798486921e-14,
F0_D3_raw_Yee_and_flux.mat,Pin,73,1,8.192621226840385e-14,
F0_D3_raw_Yee_and_flux.mat,Pin,74,1,8.1939371471805599e-14,
F0_D3_raw_Yee_and_flux.mat,Pin,75,1,8.1952260034434805e-14,
F0_D3_raw_Yee_and_flux.mat,Pin,76,1,8.1964885322749561e-14,
F0_D3_raw_Yee_and_flux.mat,Pin,77,1,8.1977254454424634e-14,
F0_D3_raw_Yee_and_flux.mat,Pin,78,1,8.1989374308360261e-14,
F0_D3_raw_Yee_and_flux.mat,Pin,79,1,8.2001251534224089e-14,
F0_D3_raw_Yee_and_flux.mat,Pin,80,1,8.2012892561552282e-14,
F0_D3_raw_Yee_and_flux.mat,Pin,81,1,8.2024303608431076e-14,
F0_D3_raw_Yee_and_flux.mat,Pin,82,1,8.2035490689782715e-14,
F0_D3_raw_Yee_and_flux.mat,Pin,83,1,8.2046459625274505e-14,
F0_D3_raw_Yee_and_flux.mat,Pin,84,1,8.205721604687158e-14,
F0_D3_raw_Yee_and_flux.mat,Pin,85,1,8.2067765406051007e-14,
F0_D3_raw_Yee_and_flux.mat,Pin,86,1,8.2078112980694852e-14,
F0_D3_raw_Yee_and_flux.mat,Pin,87,1,8.2088263881677936e-14,
F0_D3_raw_Yee_and_flux.mat,Pin,88,1,8.2098223059166294e-14,
F0_D3_raw_Yee_and_flux.mat,Pin,89,1,8.2107995308639877e-14,
F0_D3_raw_Yee_and_flux.mat,Pin,90,1,8.2117585276654258e-14,
F0_D3_raw_Yee_and_flux.mat,Ptop,0,1,0.31730180410882686,
F0_D3_raw_Yee_and_flux.mat,Ptop,1,1,0.31946180005461805,
F0_D3_raw_Yee_and_flux.mat,Ptop,2,1,0.30614166181650709,
F0_D3_raw_Yee_and_flux.mat,Ptop,3,1,0.29828581863623915,
F0_D3_raw_Yee_and_flux.mat,Ptop,4,1,0.29873465305414948,
F0_D3_raw_Yee_and_flux.mat,Ptop,5,1,0.2981532191425163,
F0_D3_raw_Yee_and_flux.mat,Ptop,6,1,0.29287141590245436,
F0_D3_raw_Yee_and_flux.mat,Ptop,7,1,0.2851402791410933,
F0_D3_raw_Yee_and_flux.mat,Ptop,8,1,0.27820154952113468,
F0_D3_raw_Yee_and_flux.mat,Ptop,9,1,0.27377581017827435,
F0_D3_raw_Yee_and_flux.mat,Ptop,10,1,0.27230084815463623,
F0_D3_raw_Yee_and_flux.mat,Ptop,11,1,0.27381510498289863,
F0_D3_raw_Yee_and_flux.mat,Ptop,12,1,0.27823250551174339,
F0_D3_raw_Yee_and_flux.mat,Ptop,13,1,0.28487663146773234,
F0_D3_raw_Yee_and_flux.mat,Ptop,14,1,0.29170226569603824,
F0_D3_raw_Yee_and_flux.mat,Ptop,15,1,0.29554989121751274,
F0_D3_raw_Yee_and_flux.mat,Ptop,16,1,0.29529338542090822,
F0_D3_raw_Yee_and_flux.mat,Ptop,17,1,0.29582916567927342,
F0_D3_raw_Yee_and_flux.mat,Ptop,18,1,0.30580761182983779,
F0_D3_raw_Yee_and_flux.mat,Ptop,19,1,0.32744948508802241,
F0_D3_raw_Yee_and_flux.mat,Ptop,20,1,0.34538188016506793,
F0_D3_raw_Yee_and_flux.mat,Ptop,21,1,0.34461281716875203,
F0_D3_raw_Yee_and_flux.mat,Ptop,22,1,0.34689836861476281,
F0_D3_raw_Yee_and_flux.mat,Ptop,23,1,0.37319887670071805,
F0_D3_raw_Yee_and_flux.mat,Ptop,24,1,0.39235701803015521,
F0_D3_raw_Yee_and_flux.mat,Ptop,25,1,0.38604718792373799,
F0_D3_raw_Yee_and_flux.mat,Ptop,26,1,0.40577612519721967,
F0_D3_raw_Yee_and_flux.mat,Ptop,27,1,0.43392978343109395,
F0_D3_raw_Yee_and_flux.mat,Ptop,28,1,0.42650721561993749,
F0_D3_raw_Yee_and_flux.mat,Ptop,29,1,0.45148165420647679,
F0_D3_raw_Yee_and_flux.mat,Ptop,30,1,0.47280524036023991,
F0_D3_raw_Yee_and_flux.mat,Ptop,31,1,0.46656711109917826,
F0_D3_raw_Yee_and_flux.mat,Ptop,32,1,0.50353734922393356,
F0_D3_raw_Yee_and_flux.mat,Ptop,33,1,0.49696411379482136,
F0_D3_raw_Yee_and_flux.mat,Ptop,34,1,0.51626731999284892,
F0_D3_raw_Yee_and_flux.mat,Ptop,35,1,0.52759212675537392,
F0_D3_raw_Yee_and_flux.mat,Ptop,36,1,0.52535030795536197,
F0_D3_raw_Yee_and_flux.mat,Ptop,37,1,0.5493445439767215,
F0_D3_raw_Yee_and_flux.mat,Ptop,38,1,0.53617966516856708,
F0_D3_raw_Yee_and_flux.mat,Ptop,39,1,0.56638447557322746,
F0_D3_raw_Yee_and_flux.mat,Ptop,40,1,0.55158353089739187,
F0_D3_raw_Yee_and_flux.mat,Ptop,41,1,0.58716378322885632,
F0_D3_raw_Yee_and_flux.mat,Ptop,42,1,0.57546011562250954,
F0_D3_raw_Yee_and_flux.mat,Ptop,43,1,0.61680172697699931,
F0_D3_raw_Yee_and_flux.mat,Ptop,44,1,0.60976582113370037,
F0_D3_raw_Yee_and_flux.mat,Ptop,45,1,0.65284059396476946,
F0_D3_raw_Yee_and_flux.mat,Ptop,46,1,0.65242689477877536,
F0_D3_raw_Yee_and_flux.mat,Ptop,47,1,0.68651123815831516,
F0_D3_raw_Yee_and_flux.mat,Ptop,48,1,0.69933996215576422,
F0_D3_raw_Yee_and_flux.mat,Ptop,49,1,0.71070811739328776,
F0_D3_raw_Yee_and_flux.mat,Ptop,50,1,0.74423678630118706,
F0_D3_raw_Yee_and_flux.mat,Ptop,51,1,0.72901819867543349,
F0_D3_raw_Yee_and_flux.mat,Ptop,52,1,0.77391586685031355,
F0_D3_raw_Yee_and_flux.mat,Ptop,53,1,0.75485126689838711,
F0_D3_raw_Yee_and_flux.mat,Ptop,54,1,0.77673446111535938,
F0_D3_raw_Yee_and_flux.mat,Ptop,55,1,0.79155445848267125,
F0_D3_raw_Yee_and_flux.mat,Ptop,56,1,0.7707088410090559,
F0_D3_raw_Yee_and_flux.mat,Ptop,57,1,0.80923756029883931,
F0_D3_raw_Yee_and_flux.mat,Ptop,58,1,0.79129634701249962,
F0_D3_raw_Yee_and_flux.mat,Ptop,59,1,0.79085109223978423,
F0_D3_raw_Yee_and_flux.mat,Ptop,60,1,0.8218687383196045,
F0_D3_raw_Yee_and_flux.mat,Ptop,61,1,0.79219022823904817,
F0_D3_raw_Yee_and_flux.mat,Ptop,62,1,0.80481190543295178,
F0_D3_raw_Yee_and_flux.mat,Ptop,63,1,0.82673615838000403,
F0_D3_raw_Yee_and_flux.mat,Ptop,64,1,0.79524384595741981,
F0_D3_raw_Yee_and_flux.mat,Ptop,65,1,0.81050092299147958,
F0_D3_raw_Yee_and_flux.mat,Ptop,66,1,0.83103909686133148,
F0_D3_raw_Yee_and_flux.mat,Ptop,67,1,0.79983092873657968,
F0_D3_raw_Yee_and_flux.mat,Ptop,68,1,0.80907972574031595,
F0_D3_raw_Yee_and_flux.mat,Ptop,69,1,0.83536115910986275,
F0_D3_raw_Yee_and_flux.mat,Ptop,70,1,0.80823013866045545,
F0_D3_raw_Yee_and_flux.mat,Ptop,71,1,0.80311270402029789,
F0_D3_raw_Yee_and_flux.mat,Ptop,72,1,0.83497773551998655,
F0_D3_raw_Yee_and_flux.mat,Ptop,73,1,0.82296187925718622,
F0_D3_raw_Yee_and_flux.mat,Ptop,74,1,0.79969763044832609,
F0_D3_raw_Yee_and_flux.mat,Ptop,75,1,0.82368628227442942,
F0_D3_raw_Yee_and_flux.mat,Ptop,76,1,0.83851240548525829,
F0_D3_raw_Yee_and_flux.mat,Ptop,77,1,0.81016042151579659,
F0_D3_raw_Yee_and_flux.mat,Ptop,78,1,0.80672541309552093,
F0_D3_raw_Yee_and_flux.mat,Ptop,79,1,0.8367590965862528,
F0_D3_raw_Yee_and_flux.mat,Ptop,80,1,0.83472660998525938,
F0_D3_raw_Yee_and_flux.mat,Ptop,81,1,0.80729256941336569,
F0_D3_raw_Yee_and_flux.mat,Ptop,82,1,0.81424802666715868,
F0_D3_raw_Yee_and_flux.mat,Ptop,83,1,0.8423489117907349,
F0_D3_raw_Yee_and_flux.mat,Ptop,84,1,0.83527056588020177,
F0_D3_raw_Yee_and_flux.mat,Ptop,85,1,0.80992421216328314,
F0_D3_raw_Yee_and_flux.mat,Ptop,86,1,0.81697561274294483,
F0_D3_raw_Yee_and_flux.mat,Ptop,87,1,0.84420493252156215,
F0_D3_raw_Yee_and_flux.mat,Ptop,88,1,0.84185447881752706,
F0_D3_raw_Yee_and_flux.mat,Ptop,89,1,0.81677152658365637,
F0_D3_raw_Yee_and_flux.mat,Ptop,90,1,0.8157205383444055,
F0_D3_raw_Yee_and_flux.mat,Rraw,0,1,0.053512178579062625,
F0_D3_raw_Yee_and_flux.mat,Rraw,1,1,0.052884025344147469,
F0_D3_raw_Yee_and_flux.mat,Rraw,2,1,0.090911766889240145,
F0_D3_raw_Yee_and_flux.mat,Rraw,3,1,0.11700526060390767,
F0_D3_raw_Yee_and_flux.mat,Rraw,4,1,0.11090115193047632,
F0_D3_raw_Yee_and_flux.mat,Rraw,5,1,0.10431318599602231,
F0_D3_raw_Yee_and_flux.mat,Rraw,6,1,0.11718839993207916,
F0_D3_raw_Yee_and_flux.mat,Rraw,7,1,0.14067606739270574,
F0_D3_raw_Yee_and_flux.mat,Rraw,8,1,0.16243331034925271,
F0_D3_raw_Yee_and_flux.mat,Rraw,9,1,0.17807050022256007,
F0_D3_raw_Yee_and_flux.mat,Rraw,10,1,0.18752271796893169,
F0_D3_raw_Yee_and_flux.mat,Rraw,11,1,0.19126949683560868,
F0_D3_raw_Yee_and_flux.mat,Rraw,12,1,0.18979431720211692,
F0_D3_raw_Yee_and_flux.mat,Rraw,13,1,0.18521970891516745,
F0_D3_raw_Yee_and_flux.mat,Rraw,14,1,0.18342435775711344,
F0_D3_raw_Yee_and_flux.mat,Rraw,15,1,0.19279090802874446,
F0_D3_raw_Yee_and_flux.mat,Rraw,16,1,0.21488852611680967,
F0_D3_raw_Yee_and_flux.mat,Rraw,17,1,0.23492461670089468,
F0_D3_raw_Yee_and_flux.mat,Rraw,18,1,0.23086920923935686,
F0_D3_raw_Yee_and_flux.mat,Rraw,19,1,0.19874735779854413,
F0_D3_raw_Yee_and_flux.mat,Rraw,20,1,0.17751236940659199,
F0_D3_raw_Yee_and_flux.mat,Rraw,21,1,0.20229834114313294,
F0_D3_raw_Yee_and_flux.mat,Rraw,22,1,0.21993244930205039,
F0_D3_raw_Yee_and_flux.mat,Rraw,23,1,0.18460546474561532,
F0_D3_raw_Yee_and_flux.mat,Rraw,24,1,0.16479387739344348,
F0_D3_raw_Yee_and_flux.mat,Rraw,25,1,0.19850506014844635,
F0_D3_raw_Yee_and_flux.mat,Rraw,26,1,0.17956301025980403,
F0_D3_raw_Yee_and_flux.mat,Rraw,27,1,0.14584751174253469,
F0_D3_raw_Yee_and_flux.mat,Rraw,28,1,0.18096507202678283,
F0_D3_raw_Yee_and_flux.mat,Rraw,29,1,0.15323843898296763,
F0_D3_raw_Yee_and_flux.mat,Rraw,30,1,0.13447567605846111,
F0_D3_raw_Yee_and_flux.mat,Rraw,31,1,0.16408946988888781,
F0_D3_raw_Yee_and_flux.mat,Rraw,32,1,0.11437066024964856,
F0_D3_raw_Yee_and_flux.mat,Rraw,33,1,0.14147640492050562,
F0_D3_raw_Yee_and_flux.mat,Rraw,34,1,0.12052705259579216,
F0_D3_raw_Yee_and_flux.mat,Rraw,35,1,0.11174384999987862,
F0_D3_raw_Yee_and_flux.mat,Rraw,36,1,0.12559277849846287,
F0_D3_raw_Yee_and_flux.mat,Rraw,37,1,0.093672111011000939,
F0_D3_raw_Yee_and_flux.mat,Rraw,38,1,0.12550665258920027,
F0_D3_raw_Yee_and_flux.mat,Rraw,39,1,0.087164325743939369,
F0_D3_raw_Yee_and_flux.mat,Rraw,40,1,0.12511404216563948,
F0_D3_raw_Yee_and_flux.mat,Rraw,41,1,0.087212212783975868,
F0_D3_raw_Yee_and_flux.mat,Rraw,42,1,0.12644811944282325,
F0_D3_raw_Yee_and_flux.mat,Rraw,43,1,0.090548270972668932,
F0_D3_raw_Yee_and_flux.mat,Rraw,44,1,0.12749629899254294,
F0_D3_raw_Yee_and_flux.mat,Rraw,45,1,0.096536987975388414,
F0_D3_raw_Yee_and_flux.mat,Rraw,46,1,0.12419595062049697,
F0_D3_raw_Yee_and_flux.mat,Rraw,47,1,0.10678422631863529,
F0_D3_raw_Yee_and_flux.mat,Rraw,48,1,0.11342682935194345,
F0_D3_raw_Yee_and_flux.mat,Rraw,49,1,0.12145699353166824,
F0_D3_raw_Yee_and_flux.mat,Rraw,50,1,0.098289747757685411,
F0_D3_raw_Yee_and_flux.mat,Rraw,51,1,0.13278623375488793,
F0_D3_raw_Yee_and_flux.mat,Rraw,52,1,0.093439952314867347,
F0_D3_raw_Yee_and_flux.mat,Rraw,53,1,0.12644075763762638,
F0_D3_raw_Yee_and_flux.mat,Rraw,54,1,0.11222361125280268,
F0_D3_raw_Yee_and_flux.mat,Rraw,55,1,0.10182256045083088,
F0_D3_raw_Yee_and_flux.mat,Rraw,56,1,0.13408789475951544,
F0_D3_raw_Yee_and_flux.mat,Rraw,57,1,0.095444708000721315,
F0_D3_raw_Yee_and_flux.mat,Rraw,58,1,0.12113669866676866,
F0_D3_raw_Yee_and_flux.mat,Rraw,59,1,0.12671202685277014,
F0_D3_raw_Yee_and_flux.mat,Rraw,60,1,0.094583483598405849,
F0_D3_raw_Yee_and_flux.mat,Rraw,61,1,0.13254299924302682,
F0_D3_raw_Yee_and_flux.mat,Rraw,62,1,0.12052229136230046,
F0_D3_raw_Yee_and_flux.mat,Rraw,63,1,0.098825343385228887,
F0_D3_raw_Yee_and_flux.mat,Rraw,64,1,0.13717268520392609,
F0_D3_raw_Yee_and_flux.mat,Rraw,65,1,0.12074125029342558,
F0_D3_raw_Yee_and_flux.mat,Rraw,66,1,0.10105094482007695,
F0_D3_raw_Yee_and_flux.mat,Rraw,67,1,0.1376716813971815,
F0_D3_raw_Yee_and_flux.mat,Rraw,68,1,0.1271261162854681,
F0_D3_raw_Yee_and_flux.mat,Rraw,69,1,0.1012926062156559,
F0_D3_raw_Yee_and_flux.mat,Rraw,70,1,0.13281011918003535,
F0_D3_raw_Yee_and_flux.mat,Rraw,71,1,0.13729928448326151,
F0_D3_raw_Yee_and_flux.mat,Rraw,72,1,0.10514424625126256,
F0_D3_raw_Yee_and_flux.mat,Rraw,73,1,0.12043479375043349,
F0_D3_raw_Yee_and_flux.mat,Rraw,74,1,0.14407035949277816,
F0_D3_raw_Yee_and_flux.mat,Rraw,75,1,0.11955252774382739,
F0_D3_raw_Yee_and_flux.mat,Rraw,76,1,0.10645631270571869,
F0_D3_raw_Yee_and_flux.mat,Rraw,77,1,0.13591899494973625,
F0_D3_raw_Yee_and_flux.mat,Rraw,78,1,0.13921419556143197,
F0_D3_raw_Yee_and_flux.mat,Rraw,79,1,0.10993412141952914,
F0_D3_raw_Yee_and_flux.mat,Rraw,80,1,0.11269931664177392,
F0_D3_raw_Yee_and_flux.mat,Rraw,81,1,0.14035678416904468,
F0_D3_raw_Yee_and_flux.mat,Rraw,82,1,0.13426194966321361,
F0_D3_raw_Yee_and_flux.mat,Rraw,83,1,0.10666380529579014,
F0_D3_raw_Yee_and_flux.mat,Rraw,84,1,0.11328525233423856,
F0_D3_raw_Yee_and_flux.mat,Rraw,85,1,0.13916536091205989,
F0_D3_raw_Yee_and_flux.mat,Rraw,86,1,0.13366101322673771,
F0_D3_raw_Yee_and_flux.mat,Rraw,87,1,0.10625796591149157,
F0_D3_raw_Yee_and_flux.mat,Rraw,88,1,0.10735654603057103,
F0_D3_raw_Yee_and_flux.mat,Rraw,89,1,0.13323890506755193,
F0_D3_raw_Yee_and_flux.mat,Rraw,90,1,0.13629472471580864,
F0_D3_raw_Yee_and_flux.mat,Traw,0,1,0.31732493818792162,
F0_D3_raw_Yee_and_flux.mat,Traw,1,1,0.31944901298185679,
F0_D3_raw_Yee_and_flux.mat,Traw,2,1,0.30615775484470215,
F0_D3_raw_Yee_and_flux.mat,Traw,3,1,0.29825883010604481,
F0_D3_raw_Yee_and_flux.mat,Traw,4,1,0.29876272219057581,
F0_D3_raw_Yee_and_flux.mat,Traw,5,1,0.29815559746949422,
F0_D3_raw_Yee_and_flux.mat,Traw,6,1,0.29284450009538909,
F0_D3_raw_Yee_and_flux.mat,Traw,7,1,0.28512527340496091,
F0_D3_raw_Yee_and_flux.mat,Traw,8,1,0.27820606005554177,
F0_D3_raw_Yee_and_flux.mat,Traw,9,1,0.27379035536373775,
F0_D3_raw_Yee_and_flux.mat,Traw,10,1,0.27231774674451387,
F0_D3_raw_Yee_and_flux.mat,Traw,11,1,0.27382965697412681,
F0_D3_raw_Yee_and_flux.mat,Traw,12,1,0.27823918962662803,
F0_D3_raw_Yee_and_flux.mat,Traw,13,1,0.28486897098899555,
F0_D3_raw_Yee_and_flux.mat,Traw,14,1,0.29168206916203493,
F0_D3_raw_Yee_and_flux.mat,Traw,15,1,0.29553844254533196,
F0_D3_raw_Yee_and_flux.mat,Traw,16,1,0.295308794061447,
F0_D3_raw_Yee_and_flux.mat,Traw,17,1,0.29583869261626078,
F0_D3_raw_Yee_and_flux.mat,Traw,18,1,0.3057882671149757,
F0_D3_raw_Yee_and_flux.mat,Traw,19,1,0.3274597134828624,
F0_D3_raw_Yee_and_flux.mat,Traw,20,1,0.34538545001741744,
F0_D3_raw_Yee_and_flux.mat,Traw,21,1,0.3446003199031244,
F0_D3_raw_Yee_and_flux.mat,Traw,22,1,0.34691406637747463,
F0_D3_raw_Yee_and_flux.mat,Traw,23,1,0.37318199491142595,
F0_D3_raw_Yee_and_flux.mat,Traw,24,1,0.39237298219698757,
F0_D3_raw_Yee_and_flux.mat,Traw,25,1,0.3860356827130173,
F0_D3_raw_Yee_and_flux.mat,Traw,26,1,0.40577844151882891,
F0_D3_raw_Yee_and_flux.mat,Traw,27,1,0.43393994169621269,
F0_D3_raw_Yee_and_flux.mat,Traw,28,1,0.42648796305927256,
F0_D3_raw_Yee_and_flux.mat,Traw,29,1,0.45149490640767248,
F0_D3_raw_Yee_and_flux.mat,Traw,30,1,0.47281357482830244,
F0_D3_raw_Yee_and_flux.mat,Traw,31,1,0.46654769516462541,
F0_D3_raw_Yee_and_flux.mat,Traw,32,1,0.50353447774619697,
F0_D3_raw_Yee_and_flux.mat,Traw,33,1,0.49698372003083141,
F0_D3_raw_Yee_and_flux.mat,Traw,34,1,0.51627599821060377,
F0_D3_raw_Yee_and_flux.mat,Traw,35,1,0.52757777108618564,
F0_D3_raw_Yee_and_flux.mat,Traw,36,1,0.52533091023747325,
F0_D3_raw_Yee_and_flux.mat,Traw,37,1,0.54933742597705193,
F0_D3_raw_Yee_and_flux.mat,Traw,38,1,0.53618807276396918,
F0_D3_raw_Yee_and_flux.mat,Traw,39,1,0.56640279664002979,
F0_D3_raw_Yee_and_flux.mat,Traw,40,1,0.5516032815045121,
F0_D3_raw_Yee_and_flux.mat,Traw,41,1,0.58718110726051076,
F0_D3_raw_Yee_and_flux.mat,Traw,42,1,0.57547307270249104,
F0_D3_raw_Yee_and_flux.mat,Traw,43,1,0.61681145678233251,
F0_D3_raw_Yee_and_flux.mat,Traw,44,1,0.60977394597038248,
F0_D3_raw_Yee_and_flux.mat,Traw,45,1,0.65284907583587748,
F0_D3_raw_Yee_and_flux.mat,Traw,46,1,0.65243796369207407,
F0_D3_raw_Yee_and_flux.mat,Traw,47,1,0.68652606593711252,
F0_D3_raw_Yee_and_flux.mat,Traw,48,1,0.69935923957238955,
F0_D3_raw_Yee_and_flux.mat,Traw,49,1,0.7107294905590692,
F0_D3_raw_Yee_and_flux.mat,Traw,50,1,0.74425567926837166,
F0_D3_raw_Yee_and_flux.mat,Traw,51,1,0.72902728691690577,
F0_D3_raw_Yee_and_flux.mat,Traw,52,1,0.77390985344093055,
F0_D3_raw_Yee_and_flux.mat,Traw,53,1,0.75483214597507431,
F0_D3_raw_Yee_and_flux.mat,Traw,54,1,0.77671451772382749,
F0_D3_raw_Yee_and_flux.mat,Traw,55,1,0.79155084781681373,
F0_D3_raw_Yee_and_flux.mat,Traw,56,1,0.77072550200217049,
F0_D3_raw_Yee_and_flux.mat,Traw,57,1,0.80925753993542726,
F0_D3_raw_Yee_and_flux.mat,Traw,58,1,0.79129414408819498,
F0_D3_raw_Yee_and_flux.mat,Traw,59,1,0.79083005759085911,
F0_D3_raw_Yee_and_flux.mat,Traw,60,1,0.8218608900034039,
F0_D3_raw_Yee_and_flux.mat,Traw,61,1,0.79220923099787588,
F0_D3_raw_Yee_and_flux.mat,Traw,62,1,0.80482359167458828,
F0_D3_raw_Yee_and_flux.mat,Traw,63,1,0.82671765192519342,
F0_D3_raw_Yee_and_flux.mat,Traw,64,1,0.7952349185827291,
F0_D3_raw_Yee_and_flux.mat,Traw,65,1,0.81052140241693726,
F0_D3_raw_Yee_and_flux.mat,Traw,66,1,0.83104081839261135,
F0_D3_raw_Yee_and_flux.mat,Traw,67,1,0.79981055153622527,
F0_D3_raw_Yee_and_flux.mat,Traw,68,1,0.8090907928848452,
F0_D3_raw_Yee_and_flux.mat,Traw,69,1,0.83537351844588192,
F0_D3_raw_Yee_and_flux.mat,Traw,70,1,0.80820966473290679,
F0_D3_raw_Yee_and_flux.mat,Traw,71,1,0.8031207924488063,
F0_D3_raw_Yee_and_flux.mat,Traw,72,1,0.83498992294712016,
F0_D3_raw_Yee_and_flux.mat,Traw,73,1,0.82294141184683844,
F0_D3_raw_Yee_and_flux.mat,Traw,74,1,0.79971198066548344,
F0_D3_raw_Yee_and_flux.mat,Traw,75,1,0.82368808587000775,
F0_D3_raw_Yee_and_flux.mat,Traw,76,1,0.83849745215698956,
F0_D3_raw_Yee_and_flux.mat,Traw,77,1,0.81018098109311742,
F0_D3_raw_Yee_and_flux.mat,Traw,78,1,0.80670916830434347,
F0_D3_raw_Yee_and_flux.mat,Traw,79,1,0.83676592570894837,
F0_D3_raw_Yee_and_flux.mat,Traw,80,1,0.83473084040129497,
F0_D3_raw_Yee_and_flux.mat,Traw,81,1,0.80727935758517222,
F0_D3_raw_Yee_and_flux.mat,Traw,82,1,0.81426660195013179,
F0_D3_raw_Yee_and_flux.mat,Traw,83,1,0.84232852302960448,
F0_D3_raw_Yee_and_flux.mat,Traw,84,1,0.83528897972811145,
F0_D3_raw_Yee_and_flux.mat,Traw,85,1,0.80990925550380621,
F0_D3_raw_Yee_and_flux.mat,Traw,86,1,0.8169857696403644,
F0_D3_raw_Yee_and_flux.mat,Traw,87,1,0.84419851527629841,
F0_D3_raw_Yee_and_flux.mat,Traw,88,1,0.84185700728583002,
F0_D3_raw_Yee_and_flux.mat,Traw,89,1,0.81677161746924254,
F0_D3_raw_Yee_and_flux.mat,Traw,90,1,0.81571753873624175,
F0_D3_raw_Yee_and_flux.mat,area,0,1,4.6765371804359689e-11,
F0_D3_raw_Yee_and_flux.mat,delta_z,0,1,1.2608053013317882e-08,
F0_D3_raw_Yee_and_flux.mat,delta_z,1,1,1.2568004826862629e-08,
F0_D3_raw_Yee_and_flux.mat,delta_z,2,1,1.2528083849360383e-08,
F0_D3_raw_Yee_and_flux.mat,delta_z,3,1,1.2488289676745935e-08,
F0_D3_raw_Yee_and_flux.mat,delta_z,4,1,1.2448621906234789e-08,
F0_D3_raw_Yee_and_flux.mat,delta_z,5,1,1.2409080136329941e-08,
F0_D3_raw_Yee_and_flux.mat,delta_z,6,1,1.236966396679477e-08,
F0_D3_raw_Yee_and_flux.mat,delta_z,7,1,1.2330372998680146e-08,
F0_D3_raw_Yee_and_flux.mat,delta_z,8,1,1.2291206834290548e-08,
F0_D3_raw_Yee_and_flux.mat,delta_z,9,1,1.2252165077204392e-08,
F0_D3_raw_Yee_and_flux.mat,delta_z,10,1,1.2213247332253704e-08,
F0_D3_raw_Yee_and_flux.mat,delta_z,11,1,1.2174453205525811e-08,
F0_D3_raw_Yee_and_flux.mat,delta_z,12,1,1.2135782304358261e-08,
F0_D3_raw_Yee_and_flux.mat,delta_z,13,1,1.2097234237338825e-08,
F0_D3_raw_Yee_and_flux.mat,delta_z,14,1,1.2058808614302103e-08,
F0_D3_raw_Yee_and_flux.mat,delta_z,15,1,1.2020505046310894e-08,
F0_D3_raw_Yee_and_flux.mat,delta_z,16,1,1.1982323145671444e-08,
F0_D3_raw_Yee_and_flux.mat,delta_z,17,1,1.1980440097798676e-08,
F0_D3_raw_Yee_and_flux.mat,delta_z,18,1,1.1980440097790205e-08,
F0_D3_raw_Yee_and_flux.mat,delta_z,19,1,1.1980440097798676e-08,
F0_D3_raw_Yee_and_flux.mat,delta_z,20,1,1.198044009780037e-08,
F0_D3_raw_Yee_and_flux.mat,delta_z,21,1,1.1980440097798676e-08,
F0_D3_raw_Yee_and_flux.mat,delta_z,22,1,1.198044009780037e-08,
F0_D3_raw_Yee_and_flux.mat,delta_z,23,1,1.1980440097798676e-08,
F0_D3_raw_Yee_and_flux.mat,delta_z,24,1,1.198044009780037e-08,
F0_D3_raw_Yee_and_flux.mat,delta_z,25,1,1.1980440097798676e-08,
F0_D3_raw_Yee_and_flux.mat,delta_z,26,1,1.198044009780037e-08,
F0_D3_raw_Yee_and_flux.mat,delta_z,27,1,1.1980440097798676e-08,
F0_D3_raw_Yee_and_flux.mat,delta_z,28,1,1.198044009780037e-08,
F0_D3_raw_Yee_and_flux.mat,delta_z,29,1,1.1980440097798676e-08,
F0_D3_raw_Yee_and_flux.mat,delta_z,30,1,1.198044009780037e-08,
F0_D3_raw_Yee_and_flux.mat,delta_z,31,1,1.1980440097798676e-08,
F0_D3_raw_Yee_and_flux.mat,delta_z,32,1,1.198044009780037e-08,
F0_D3_raw_Yee_and_flux.mat,delta_z,33,1,1.1980440097798676e-08,
F0_D3_raw_Yee_and_flux.mat,delta_z,34,1,1.198044009780037e-08,
F0_D3_raw_Yee_and_flux.mat,delta_z,35,1,1.1980440097798676e-08,
F0_D3_raw_Yee_and_flux.mat,delta_z,36,1,1.198044009780037e-08,
F0_D3_raw_Yee_and_flux.mat,delta_z,37,1,1.1980440097798676e-08,
F0_D3_raw_Yee_and_flux.mat,delta_z,38,1,1.198044009780037e-08,
F0_D3_raw_Yee_and_flux.mat,delta_z,39,1,1.1980440097798676e-08,
F0_D3_raw_Yee_and_flux.mat,delta_z,40,1,1.198044009780037e-08,
F0_D3_raw_Yee_and_flux.mat,delta_z,41,1,1.1980440097798676e-08,
F0_D3_raw_Yee_and_flux.mat,delta_z,42,1,1.198044009780037e-08,
F0_D3_raw_Yee_and_flux.mat,delta_z,43,1,1.1980440097798676e-08,
F0_D3_raw_Yee_and_flux.mat,delta_z,44,1,1.198044009780037e-08,
F0_D3_raw_Yee_and_flux.mat,delta_z,45,1,1.1980440097798676e-08,
F0_D3_raw_Yee_and_flux.mat,delta_z,46,1,1.198044009780037e-08,
F0_D3_raw_Yee_and_flux.mat,delta_z,47,1,1.1980440097798676e-08,
F0_D3_raw_Yee_and_flux.mat,delta_z,48,1,1.198044009780037e-08,
F0_D3_raw_Yee_and_flux.mat,delta_z,49,1,1.1980440097798676e-08,
F0_D3_raw_Yee_and_flux.mat,delta_z,50,1,1.198044009780037e-08,
F0_D3_raw_Yee_and_flux.mat,delta_z,51,1,1.1980440097798676e-08,
F0_D3_raw_Yee_and_flux.mat,delta_z,52,1,1.198044009780037e-08,
F0_D3_raw_Yee_and_flux.mat,delta_z,53,1,1.1980440097798676e-08,
F0_D3_raw_Yee_and_flux.mat,delta_z,54,1,1.198044009780037e-08,
F0_D3_raw_Yee_and_flux.mat,delta_z,55,1,1.1980440097798676e-08,
F0_D3_raw_Yee_and_flux.mat,delta_z,56,1,1.198044009780037e-08,
F0_D3_raw_Yee_and_flux.mat,delta_z,57,1,1.1980440097798676e-08,
F0_D3_raw_Yee_and_flux.mat,delta_z,58,1,1.198044009780037e-08,
F0_D3_raw_Yee_and_flux.mat,delta_z,59,1,1.1980440097798676e-08,
F0_D3_raw_Yee_and_flux.mat,delta_z,60,1,1.198044009780037e-08,
F0_D3_raw_Yee_and_flux.mat,delta_z,61,1,1.1980440097798676e-08,
F0_D3_raw_Yee_and_flux.mat,delta_z,62,1,1.198044009780037e-08,
F0_D3_raw_Yee_and_flux.mat,delta_z,63,1,1.1980440097798676e-08,
F0_D3_raw_Yee_and_flux.mat,delta_z,64,1,1.198044009780037e-08,
F0_D3_raw_Yee_and_flux.mat,delta_z,65,1,1.1980440097798676e-08,
F0_D3_raw_Yee_and_flux.mat,delta_z,66,1,1.198044009780037e-08,
F0_D3_raw_Yee_and_flux.mat,delta_z,67,1,1.1980440097798676e-08,
F0_D3_raw_Yee_and_flux.mat,delta_z,68,1,1.198044009780037e-08,
F0_D3_raw_Yee_and_flux.mat,delta_z,69,1,1.1980440097798676e-08,
F0_D3_raw_Yee_and_flux.mat,delta_z,70,1,1.198044009780037e-08,
F0_D3_raw_Yee_and_flux.mat,delta_z,71,1,1.1980440097798676e-08,
F0_D3_raw_Yee_and_flux.mat,delta_z,72,1,1.198044009780037e-08,
F0_D3_raw_Yee_and_flux.mat,delta_z,73,1,1.1980440097798676e-08,
F0_D3_raw_Yee_and_flux.mat,delta_z,74,1,1.198044009780037e-08,
F0_D3_raw_Yee_and_flux.mat,delta_z,75,1,1.1980440097798676e-08,
F0_D3_raw_Yee_and_flux.mat,delta_z,76,1,1.198044009780037e-08,
F0_D3_raw_Yee_and_flux.mat,delta_z,77,1,1.1980440097798676e-08,
F0_D3_raw_Yee_and_flux.mat,delta_z,78,1,1.198044009780037e-08,
F0_D3_raw_Yee_and_flux.mat,delta_z,79,1,1.1980440097798676e-08,
F0_D3_raw_Yee_and_flux.mat,delta_z,80,1,1.198044009780037e-08,
F0_D3_raw_Yee_and_flux.mat,delta_z,81,1,1.1980440097798676e-08,
F0_D3_raw_Yee_and_flux.mat,delta_z,82,1,1.198044009780037e-08,
F0_D3_raw_Yee_and_flux.mat,delta_z,83,1,1.1980440097798676e-08,
F0_D3_raw_Yee_and_flux.mat,delta_z,84,1,1.198044009780037e-08,
F0_D3_raw_Yee_and_flux.mat,delta_z,85,1,1.1980440097798676e-08,
F0_D3_raw_Yee_and_flux.mat,delta_z,86,1,1.198044009780037e-08,
F0_D3_raw_Yee_and_flux.mat,delta_z,87,1,1.1980440097798676e-08,
F0_D3_raw_Yee_and_flux.mat,delta_z,88,1,1.198044009780037e-08,
F0_D3_raw_Yee_and_flux.mat,delta_z,89,1,1.1980440097798676e-08,
F0_D3_raw_Yee_and_flux.mat,delta_z,90,1,1.198044009780037e-08,
F0_D3_raw_Yee_and_flux.mat,delta_z,91,1,1.1980440097798676e-08,
F0_D3_raw_Yee_and_flux.mat,delta_z,92,1,1.198044009780037e-08,
F0_D3_raw_Yee_and_flux.mat,delta_z,93,1,1.1980440097798676e-08,
F0_D3_raw_Yee_and_flux.mat,delta_z,94,1,1.198044009780037e-08,
F0_D3_raw_Yee_and_flux.mat,delta_z,95,1,1.1980440097798676e-08,
F0_D3_raw_Yee_and_flux.mat,delta_z,96,1,1.198044009780037e-08,
F0_D3_raw_Yee_and_flux.mat,delta_z,97,1,1.1980440097798676e-08,
F0_D3_raw_Yee_and_flux.mat,delta_z,98,1,1.198044009780037e-08,
F0_D3_raw_Yee_and_flux.mat,delta_z,99,1,1.1980440097798676e-08,
F0_D3_raw_Yee_and_flux.mat,delta_z,100,1,1.198044009780037e-08,
F0_D3_raw_Yee_and_flux.mat,delta_z,101,1,1.1980440097798676e-08,
F0_D3_raw_Yee_and_flux.mat,delta_z,102,1,1.198044009780037e-08,
F0_D3_raw_Yee_and_flux.mat,delta_z,103,1,1.1980440097798676e-08,
F0_D3_raw_Yee_and_flux.mat,delta_z,104,1,1.198044009780037e-08,
F0_D3_raw_Yee_and_flux.mat,delta_z,105,1,1.1980440097798676e-08,
F0_D3_raw_Yee_and_flux.mat,delta_z,106,1,1.198044009780037e-08,
F0_D3_raw_Yee_and_flux.mat,delta_z,107,1,1.1980440097798676e-08,
F0_D3_raw_Yee_and_flux.mat,delta_z,108,1,1.198044009780037e-08,
F0_D3_raw_Yee_and_flux.mat,delta_z,109,1,1.1980440097798676e-08,
F0_D3_raw_Yee_and_flux.mat,delta_z,110,1,1.198044009780037e-08,
F0_D3_raw_Yee_and_flux.mat,delta_z,111,1,1.1980440097798676e-08,
F0_D3_raw_Yee_and_flux.mat,delta_z,112,1,1.198044009780037e-08,
F0_D3_raw_Yee_and_flux.mat,delta_z,113,1,1.1980440097798676e-08,
F0_D3_raw_Yee_and_flux.mat,delta_z,114,1,1.198044009780037e-08,
F0_D3_raw_Yee_and_flux.mat,delta_z,115,1,1.1980440097798676e-08,
F0_D3_raw_Yee_and_flux.mat,delta_z,116,1,1.198044009780037e-08,
F0_D3_raw_Yee_and_flux.mat,delta_z,117,306,1.1980440097799523e-08,
F0_D3_raw_Yee_and_flux.mat,delta_z,423,1,1.1980440097795182e-08,
F0_D3_raw_Yee_and_flux.mat,delta_z,424,1,1.0992864443980241e-08,
F0_D3_raw_Yee_and_flux.mat,delta_z,425,1,9.4038790861797332e-09,
F0_D3_raw_Yee_and_flux.mat,delta_z,426,1,8.0445767632429268e-09,
F0_D3_raw_Yee_and_flux.mat,delta_z,427,1,7.5000000000000076e-09,
F0_D3_raw_Yee_and_flux.mat,delta_z,428,1,7.499999999995693e-09,
F0_D3_raw_Yee_and_flux.mat,delta_z,429,5,7.5000000000000076e-09,
F0_D3_raw_Yee_and_flux.mat,delta_z,434,1,7.4999999999999944e-09,
F0_D3_raw_Yee_and_flux.mat,delta_z,435,1,7.5000000000000076e-09,
F0_D3_raw_Yee_and_flux.mat,delta_z,436,1,7.4999999999999944e-09,
F0_D3_raw_Yee_and_flux.mat,delta_z,437,8,7.500000000000001e-09,
F0_D3_raw_Yee_and_flux.mat,delta_z,445,1,7.5000000000000076e-09,
F0_D3_raw_Yee_and_flux.mat,delta_z,446,1,7.4999999999999944e-09,
F0_D3_raw_Yee_and_flux.mat,delta_z,447,1,7.5000000000000076e-09,
F0_D3_raw_Yee_and_flux.mat,delta_z,448,1,7.4999999999999944e-09,
F0_D3_raw_Yee_and_flux.mat,delta_z,449,8,7.5000000000000076e-09,
F0_D3_raw_Yee_and_flux.mat,delta_z,457,1,7.4999999999999811e-09,
F0_D3_raw_Yee_and_flux.mat,delta_z,458,1,7.5000000000000341e-09,
F0_D3_raw_Yee_and_flux.mat,delta_z,459,1,7.4999999999999811e-09,
F0_D3_raw_Yee_and_flux.mat,delta_z,460,1,7.5000000000000341e-09,
F0_D3_raw_Yee_and_flux.mat,delta_z,461,1,7.4999999999999811e-09,
F0_D3_raw_Yee_and_flux.mat,delta_z,462,1,7.4999999999998753e-09,
F0_D3_raw_Yee_and_flux.mat,delta_z,463,1,7.50000000000014e-09,
F0_D3_raw_Yee_and_flux.mat,delta_z,464,1,7.8619676169313721e-09,
F0_D3_raw_Yee_and_flux.mat,delta_z,465,1,1.0279058024094257e-08,
F0_D3_raw_Yee_and_flux.mat,delta_z,466,1,1.2820512820512699e-08,
F0_D3_raw_Yee_and_flux.mat,delta_z,467,1,1.2820512820512858e-08,
F0_D3_raw_Yee_and_flux.mat,delta_z,468,2,1.2820512820512805e-08,
F0_D3_raw_Yee_and_flux.mat,delta_z,470,1,1.2820512820512752e-08,
F0_D3_raw_Yee_and_flux.mat,delta_z,471,1,1.2820512820512858e-08,
F0_D3_raw_Yee_and_flux.mat,delta_z,472,1,1.2820512820512752e-08,
F0_D3_raw_Yee_and_flux.mat,delta_z,473,1,1.2820512820512858e-08,
F0_D3_raw_Yee_and_flux.mat,delta_z,474,1,1.2820512820512752e-08,
F0_D3_raw_Yee_and_flux.mat,f,0,1,856549880000000,
F0_D3_raw_Yee_and_flux.mat,f,1,1,844485797183098.62,
F0_D3_raw_Yee_and_flux.mat,f,2,1,832756827777777.88,
F0_D3_raw_Yee_and_flux.mat,f,3,1,821349200000000,
F0_D3_raw_Yee_and_flux.mat,f,4,1,810249886486486.38,
F0_D3_raw_Yee_and_flux.mat,f,5,1,799446554666666.62,
F0_D3_raw_Yee_and_flux.mat,f,6,1,788927521052631.62,
F0_D3_raw_Yee_and_flux.mat,f,7,1,778681709090909.25,
F0_D3_raw_Yee_and_flux.mat,f,8,1,768698610256410.38,
F0_D3_raw_Yee_and_flux.mat,f,9,1,758968248101265.88,
F0_D3_raw_Yee_and_flux.mat,f,10,1,749481145000000,
F0_D3_raw_Yee_and_flux.mat,f,11,1,740228291358024.62,
F0_D3_raw_Yee_and_flux.mat,f,12,1,731201117073170.75,
F0_D3_raw_Yee_and_flux.mat,f,13,1,722391465060240.88,
F0_D3_raw_Yee_and_flux.mat,f,14,1,713791566666666.75,
F0_D3_raw_Yee_and_flux.mat,f,15,1,705394018823529.5,
F0_D3_raw_Yee_and_flux.mat,f,16,1,697191762790697.62,
F0_D3_raw_Yee_and_flux.mat,f,17,1,689178064367816.12,
F0_D3_raw_Yee_and_flux.mat,f,18,1,681346495454545.5,
F0_D3_raw_Yee_and_flux.mat,f,19,1,673690916853932.62,
F0_D3_raw_Yee_and_flux.mat,f,20,1,666205462222222.25,
F0_D3_raw_Yee_and_flux.mat,f,21,1,658884523076923,
F0_D3_raw_Yee_and_flux.mat,f,22,1,651722734782608.62,
F0_D3_raw_Yee_and_flux.mat,f,23,1,644714963440860.12,
F0_D3_raw_Yee_and_flux.mat,f,24,1,637856293617021.25,
F0_D3_raw_Yee_and_flux.mat,f,25,1,631142016842105.25,
F0_D3_raw_Yee_and_flux.mat,f,26,1,624567620833333.38,
F0_D3_raw_Yee_and_flux.mat,f,27,1,618128779381443.25,
F0_D3_raw_Yee_and_flux.mat,f,28,1,611821342857142.88,
F0_D3_raw_Yee_and_flux.mat,f,29,1,605641329292929.25,
F0_D3_raw_Yee_and_flux.mat,f,30,1,599584916000000,
F0_D3_raw_Yee_and_flux.mat,f,31,1,593648431683168.25,
F0_D3_raw_Yee_and_flux.mat,f,32,1,587828349019607.88,
F0_D3_raw_Yee_and_flux.mat,f,33,1,582121277669903,
F0_D3_raw_Yee_and_flux.mat,f,34,1,576523957692307.62,
F0_D3_raw_Yee_and_flux.mat,f,35,1,571033253333333.38,
F0_D3_raw_Yee_and_flux.mat,f,36,1,565646147169811.38,
F0_D3_raw_Yee_and_flux.mat,f,37,1,560359734579439.31,
F0_D3_raw_Yee_and_flux.mat,f,38,1,555171218518518.44,
F0_D3_raw_Yee_and_flux.mat,f,39,1,550077904587156,
F0_D3_raw_Yee_and_flux.mat,f,40,1,545077196363636.38,
F0_D3_raw_Yee_and_flux.mat,f,41,1,540166590990991,
F0_D3_raw_Yee_and_flux.mat,f,42,1,535343675000000.06,
F0_D3_raw_Yee_and_flux.mat,f,43,1,530606120353982.31,
F0_D3_raw_Yee_and_flux.mat,f,44,1,525951680701754.31,
F0_D3_raw_Yee_and_flux.mat,f,45,1,521378187826086.94,
F0_D3_raw_Yee_and_flux.mat,f,46,1,516883548275862.12,
F0_D3_raw_Yee_and_flux.mat,f,47,1,512465740170940.12,
F0_D3_raw_Yee_and_flux.mat,f,48,1,508122810169491.44,
F0_D3_raw_Yee_and_flux.mat,f,49,1,503852870588235.31,
F0_D3_raw_Yee_and_flux.mat,f,50,1,499654096666666.69,
F0_D3_raw_Yee_and_flux.mat,f,51,1,495524723966942.19,
F0_D3_raw_Yee_and_flux.mat,f,52,1,491463045901639.38,
F0_D3_raw_Yee_and_flux.mat,f,53,1,487467411382113.75,
F0_D3_raw_Yee_and_flux.mat,f,54,1,483536222580645.19,
F0_D3_raw_Yee_and_flux.mat,f,55,1,479667932800000.06,
F0_D3_raw_Yee_and_flux.mat,f,56,1,475861044444444.44,
F0_D3_raw_Yee_and_flux.mat,f,57,1,472114107086614.12,
F0_D3_raw_Yee_and_flux.mat,f,58,1,468425715625000,
F0_D3_raw_Yee_and_flux.mat,f,59,1,464794508527131.81,
F0_D3_raw_Yee_and_flux.mat,f,60,1,461219166153846.25,
F0_D3_raw_Yee_and_flux.mat,f,61,1,457698409160305.31,
F0_D3_raw_Yee_and_flux.mat,f,62,1,454230996969696.94,
F0_D3_raw_Yee_and_flux.mat,f,63,1,450815726315789.5,
F0_D3_raw_Yee_and_flux.mat,f,64,1,447451429850746.31,
F0_D3_raw_Yee_and_flux.mat,f,65,1,444136974814814.81,
F0_D3_raw_Yee_and_flux.mat,f,66,1,440871261764705.88,
F0_D3_raw_Yee_and_flux.mat,f,67,1,437653223357664.19,
F0_D3_raw_Yee_and_flux.mat,f,68,1,434481823188405.81,
F0_D3_raw_Yee_and_flux.mat,f,69,1,431356054676259,
F0_D3_raw_Yee_and_flux.mat,f,70,1,428274940000000,
F0_D3_raw_Yee_and_flux.mat,f,71,1,425237529078014.12,
F0_D3_raw_Yee_and_flux.mat,f,72,1,422242898591549.31,
F0_D3_raw_Yee_and_flux.mat,f,73,1,419290151048951.12,
F0_D3_raw_Yee_and_flux.mat,f,74,1,416378413888888.94,
F0_D3_raw_Yee_and_flux.mat,f,75,1,413506838620689.62,
F0_D3_raw_Yee_and_flux.mat,f,76,1,410674600000000,
F0_D3_raw_Yee_and_flux.mat,f,77,1,407880895238095.31,
F0_D3_raw_Yee_and_flux.mat,f,78,1,405124943243243.19,
F0_D3_raw_Yee_and_flux.mat,f,79,1,402405983892617.44,
F0_D3_raw_Yee_and_flux.mat,f,80,1,399723277333333.31,
F0_D3_raw_Yee_and_flux.mat,f,81,1,397076103311258.25,
F0_D3_raw_Yee_and_flux.mat,f,82,1,394463760526315.81,
F0_D3_raw_Yee_and_flux.mat,f,83,1,391885566013071.88,
F0_D3_raw_Yee_and_flux.mat,f,84,1,389340854545454.56,
F0_D3_raw_Yee_and_flux.mat,f,85,1,386828978064516.12,
F0_D3_raw_Yee_and_flux.mat,f,86,1,384349305128205.19,
F0_D3_raw_Yee_and_flux.mat,f,87,1,381901220382165.62,
F0_D3_raw_Yee_and_flux.mat,f,88,1,379484124050632.88,
F0_D3_raw_Yee_and_flux.mat,f,89,1,377097431446540.88,
F0_D3_raw_Yee_and_flux.mat,f,90,1,374740572500000,
F0_D3_raw_Yee_and_flux.mat,f_all,0,1,856549880000000,
F0_D3_raw_Yee_and_flux.mat,f_all,1,1,844485797183098.62,
F0_D3_raw_Yee_and_flux.mat,f_all,2,1,832756827777777.88,
F0_D3_raw_Yee_and_flux.mat,f_all,3,1,821349200000000,
F0_D3_raw_Yee_and_flux.mat,f_all,4,1,810249886486486.38,
F0_D3_raw_Yee_and_flux.mat,f_all,5,1,799446554666666.62,
F0_D3_raw_Yee_and_flux.mat,f_all,6,1,788927521052631.62,
F0_D3_raw_Yee_and_flux.mat,f_all,7,1,778681709090909.25,
F0_D3_raw_Yee_and_flux.mat,f_all,8,1,768698610256410.38,
F0_D3_raw_Yee_and_flux.mat,f_all,9,1,758968248101265.88,
F0_D3_raw_Yee_and_flux.mat,f_all,10,1,749481145000000,
F0_D3_raw_Yee_and_flux.mat,f_all,11,1,740228291358024.62,
F0_D3_raw_Yee_and_flux.mat,f_all,12,1,731201117073170.75,
F0_D3_raw_Yee_and_flux.mat,f_all,13,1,722391465060240.88,
F0_D3_raw_Yee_and_flux.mat,f_all,14,1,713791566666666.75,
F0_D3_raw_Yee_and_flux.mat,f_all,15,1,705394018823529.5,
F0_D3_raw_Yee_and_flux.mat,f_all,16,1,697191762790697.62,
F0_D3_raw_Yee_and_flux.mat,f_all,17,1,689178064367816.12,
F0_D3_raw_Yee_and_flux.mat,f_all,18,1,681346495454545.5,
F0_D3_raw_Yee_and_flux.mat,f_all,19,1,673690916853932.62,
F0_D3_raw_Yee_and_flux.mat,f_all,20,1,666205462222222.25,
F0_D3_raw_Yee_and_flux.mat,f_all,21,1,658884523076923,
F0_D3_raw_Yee_and_flux.mat,f_all,22,1,651722734782608.62,
F0_D3_raw_Yee_and_flux.mat,f_all,23,1,644714963440860.12,
F0_D3_raw_Yee_and_flux.mat,f_all,24,1,637856293617021.25,
F0_D3_raw_Yee_and_flux.mat,f_all,25,1,631142016842105.25,
F0_D3_raw_Yee_and_flux.mat,f_all,26,1,624567620833333.38,
F0_D3_raw_Yee_and_flux.mat,f_all,27,1,618128779381443.25,
F0_D3_raw_Yee_and_flux.mat,f_all,28,1,611821342857142.88,
F0_D3_raw_Yee_and_flux.mat,f_all,29,1,605641329292929.25,
F0_D3_raw_Yee_and_flux.mat,f_all,30,1,599584916000000,
F0_D3_raw_Yee_and_flux.mat,f_all,31,1,593648431683168.25,
F0_D3_raw_Yee_and_flux.mat,f_all,32,1,587828349019607.88,
F0_D3_raw_Yee_and_flux.mat,f_all,33,1,582121277669903,
F0_D3_raw_Yee_and_flux.mat,f_all,34,1,576523957692307.62,
F0_D3_raw_Yee_and_flux.mat,f_all,35,1,571033253333333.38,
F0_D3_raw_Yee_and_flux.mat,f_all,36,1,565646147169811.38,
F0_D3_raw_Yee_and_flux.mat,f_all,37,1,560359734579439.31,
F0_D3_raw_Yee_and_flux.mat,f_all,38,1,555171218518518.44,
F0_D3_raw_Yee_and_flux.mat,f_all,39,1,550077904587156,
F0_D3_raw_Yee_and_flux.mat,f_all,40,1,545077196363636.38,
F0_D3_raw_Yee_and_flux.mat,f_all,41,1,540166590990991,
F0_D3_raw_Yee_and_flux.mat,f_all,42,1,535343675000000.06,
F0_D3_raw_Yee_and_flux.mat,f_all,43,1,530606120353982.31,
F0_D3_raw_Yee_and_flux.mat,f_all,44,1,525951680701754.31,
F0_D3_raw_Yee_and_flux.mat,f_all,45,1,521378187826086.94,
F0_D3_raw_Yee_and_flux.mat,f_all,46,1,516883548275862.12,
F0_D3_raw_Yee_and_flux.mat,f_all,47,1,512465740170940.12,
F0_D3_raw_Yee_and_flux.mat,f_all,48,1,508122810169491.44,
F0_D3_raw_Yee_and_flux.mat,f_all,49,1,503852870588235.31,
F0_D3_raw_Yee_and_flux.mat,f_all,50,1,499654096666666.69,
F0_D3_raw_Yee_and_flux.mat,f_all,51,1,495524723966942.19,
F0_D3_raw_Yee_and_flux.mat,f_all,52,1,491463045901639.38,
F0_D3_raw_Yee_and_flux.mat,f_all,53,1,487467411382113.75,
F0_D3_raw_Yee_and_flux.mat,f_all,54,1,483536222580645.19,
F0_D3_raw_Yee_and_flux.mat,f_all,55,1,479667932800000.06,
F0_D3_raw_Yee_and_flux.mat,f_all,56,1,475861044444444.44,
F0_D3_raw_Yee_and_flux.mat,f_all,57,1,472114107086614.12,
F0_D3_raw_Yee_and_flux.mat,f_all,58,1,468425715625000,
F0_D3_raw_Yee_and_flux.mat,f_all,59,1,464794508527131.81,
F0_D3_raw_Yee_and_flux.mat,f_all,60,1,461219166153846.25,
F0_D3_raw_Yee_and_flux.mat,f_all,61,1,457698409160305.31,
F0_D3_raw_Yee_and_flux.mat,f_all,62,1,454230996969696.94,
F0_D3_raw_Yee_and_flux.mat,f_all,63,1,450815726315789.5,
F0_D3_raw_Yee_and_flux.mat,f_all,64,1,447451429850746.31,
F0_D3_raw_Yee_and_flux.mat,f_all,65,1,444136974814814.81,
F0_D3_raw_Yee_and_flux.mat,f_all,66,1,440871261764705.88,
F0_D3_raw_Yee_and_flux.mat,f_all,67,1,437653223357664.19,
F0_D3_raw_Yee_and_flux.mat,f_all,68,1,434481823188405.81,
F0_D3_raw_Yee_and_flux.mat,f_all,69,1,431356054676259,
F0_D3_raw_Yee_and_flux.mat,f_all,70,1,428274940000000,
F0_D3_raw_Yee_and_flux.mat,f_all,71,1,425237529078014.12,
F0_D3_raw_Yee_and_flux.mat,f_all,72,1,422242898591549.31,
F0_D3_raw_Yee_and_flux.mat,f_all,73,1,419290151048951.12,
F0_D3_raw_Yee_and_flux.mat,f_all,74,1,416378413888888.94,
F0_D3_raw_Yee_and_flux.mat,f_all,75,1,413506838620689.62,
F0_D3_raw_Yee_and_flux.mat,f_all,76,1,410674600000000,
F0_D3_raw_Yee_and_flux.mat,f_all,77,1,407880895238095.31,
F0_D3_raw_Yee_and_flux.mat,f_all,78,1,405124943243243.19,
F0_D3_raw_Yee_and_flux.mat,f_all,79,1,402405983892617.44,
F0_D3_raw_Yee_and_flux.mat,f_all,80,1,399723277333333.31,
F0_D3_raw_Yee_and_flux.mat,f_all,81,1,397076103311258.25,
F0_D3_raw_Yee_and_flux.mat,f_all,82,1,394463760526315.81,
F0_D3_raw_Yee_and_flux.mat,f_all,83,1,391885566013071.88,
F0_D3_raw_Yee_and_flux.mat,f_all,84,1,389340854545454.56,
F0_D3_raw_Yee_and_flux.mat,f_all,85,1,386828978064516.12,
F0_D3_raw_Yee_and_flux.mat,f_all,86,1,384349305128205.19,
F0_D3_raw_Yee_and_flux.mat,f_all,87,1,381901220382165.62,
F0_D3_raw_Yee_and_flux.mat,f_all,88,1,379484124050632.88,
F0_D3_raw_Yee_and_flux.mat,f_all,89,1,377097431446540.88,
F0_D3_raw_Yee_and_flux.mat,f_all,90,1,374740572500000,
F0_D3_raw_Yee_and_flux.mat,f_all,91,1,856549880000000,
F0_D3_raw_Yee_and_flux.mat,f_all,92,1,844485797183098.62,
F0_D3_raw_Yee_and_flux.mat,f_all,93,1,832756827777777.88,
F0_D3_raw_Yee_and_flux.mat,f_all,94,1,821349200000000,
F0_D3_raw_Yee_and_flux.mat,f_all,95,1,810249886486486.38,
F0_D3_raw_Yee_and_flux.mat,f_all,96,1,799446554666666.62,
F0_D3_raw_Yee_and_flux.mat,f_all,97,1,788927521052631.62,
F0_D3_raw_Yee_and_flux.mat,f_all,98,1,778681709090909.25,
F0_D3_raw_Yee_and_flux.mat,f_all,99,1,768698610256410.38,
F0_D3_raw_Yee_and_flux.mat,f_all,100,1,758968248101265.88,
F0_D3_raw_Yee_and_flux.mat,f_all,101,1,749481145000000,
F0_D3_raw_Yee_and_flux.mat,f_all,102,1,740228291358024.62,
F0_D3_raw_Yee_and_flux.mat,f_all,103,1,731201117073170.75,
F0_D3_raw_Yee_and_flux.mat,f_all,104,1,722391465060240.88,
F0_D3_raw_Yee_and_flux.mat,f_all,105,1,713791566666666.75,
F0_D3_raw_Yee_and_flux.mat,f_all,106,1,705394018823529.5,
F0_D3_raw_Yee_and_flux.mat,f_all,107,1,697191762790697.62,
F0_D3_raw_Yee_and_flux.mat,f_all,108,1,689178064367816.12,
F0_D3_raw_Yee_and_flux.mat,f_all,109,1,681346495454545.5,
F0_D3_raw_Yee_and_flux.mat,f_all,110,1,673690916853932.62,
F0_D3_raw_Yee_and_flux.mat,f_all,111,1,666205462222222.25,
F0_D3_raw_Yee_and_flux.mat,f_all,112,1,658884523076923,
F0_D3_raw_Yee_and_flux.mat,f_all,113,1,651722734782608.62,
F0_D3_raw_Yee_and_flux.mat,f_all,114,1,644714963440860.12,
F0_D3_raw_Yee_and_flux.mat,f_all,115,1,637856293617021.25,
F0_D3_raw_Yee_and_flux.mat,f_all,116,1,631142016842105.25,
F0_D3_raw_Yee_and_flux.mat,f_all,117,1,624567620833333.38,
F0_D3_raw_Yee_and_flux.mat,f_all,118,1,618128779381443.25,
F0_D3_raw_Yee_and_flux.mat,f_all,119,1,611821342857142.88,
F0_D3_raw_Yee_and_flux.mat,f_all,120,1,605641329292929.25,
F0_D3_raw_Yee_and_flux.mat,f_all,121,1,599584916000000,
F0_D3_raw_Yee_and_flux.mat,f_all,122,1,593648431683168.25,
F0_D3_raw_Yee_and_flux.mat,f_all,123,1,587828349019607.88,
F0_D3_raw_Yee_and_flux.mat,f_all,124,1,582121277669903,
F0_D3_raw_Yee_and_flux.mat,f_all,125,1,576523957692307.62,
F0_D3_raw_Yee_and_flux.mat,f_all,126,1,571033253333333.38,
F0_D3_raw_Yee_and_flux.mat,f_all,127,1,565646147169811.38,
F0_D3_raw_Yee_and_flux.mat,f_all,128,1,560359734579439.31,
F0_D3_raw_Yee_and_flux.mat,f_all,129,1,555171218518518.44,
F0_D3_raw_Yee_and_flux.mat,f_all,130,1,550077904587156,
F0_D3_raw_Yee_and_flux.mat,f_all,131,1,545077196363636.38,
F0_D3_raw_Yee_and_flux.mat,f_all,132,1,540166590990991,
F0_D3_raw_Yee_and_flux.mat,f_all,133,1,535343675000000.06,
F0_D3_raw_Yee_and_flux.mat,f_all,134,1,530606120353982.31,
F0_D3_raw_Yee_and_flux.mat,f_all,135,1,525951680701754.31,
F0_D3_raw_Yee_and_flux.mat,f_all,136,1,521378187826086.94,
F0_D3_raw_Yee_and_flux.mat,f_all,137,1,516883548275862.12,
F0_D3_raw_Yee_and_flux.mat,f_all,138,1,512465740170940.12,
F0_D3_raw_Yee_and_flux.mat,f_all,139,1,508122810169491.44,
F0_D3_raw_Yee_and_flux.mat,f_all,140,1,503852870588235.31,
F0_D3_raw_Yee_and_flux.mat,f_all,141,1,499654096666666.69,
F0_D3_raw_Yee_and_flux.mat,f_all,142,1,495524723966942.19,
F0_D3_raw_Yee_and_flux.mat,f_all,143,1,491463045901639.38,
F0_D3_raw_Yee_and_flux.mat,f_all,144,1,487467411382113.75,
F0_D3_raw_Yee_and_flux.mat,f_all,145,1,483536222580645.19,
F0_D3_raw_Yee_and_flux.mat,f_all,146,1,479667932800000.06,
F0_D3_raw_Yee_and_flux.mat,f_all,147,1,475861044444444.44,
F0_D3_raw_Yee_and_flux.mat,f_all,148,1,472114107086614.12,
F0_D3_raw_Yee_and_flux.mat,f_all,149,1,468425715625000,
F0_D3_raw_Yee_and_flux.mat,f_all,150,1,464794508527131.81,
F0_D3_raw_Yee_and_flux.mat,f_all,151,1,461219166153846.25,
F0_D3_raw_Yee_and_flux.mat,f_all,152,1,457698409160305.31,
F0_D3_raw_Yee_and_flux.mat,f_all,153,1,454230996969696.94,
F0_D3_raw_Yee_and_flux.mat,f_all,154,1,450815726315789.5,
F0_D3_raw_Yee_and_flux.mat,f_all,155,1,447451429850746.31,
F0_D3_raw_Yee_and_flux.mat,f_all,156,1,444136974814814.81,
F0_D3_raw_Yee_and_flux.mat,f_all,157,1,440871261764705.88,
F0_D3_raw_Yee_and_flux.mat,f_all,158,1,437653223357664.19,
F0_D3_raw_Yee_and_flux.mat,f_all,159,1,434481823188405.81,
F0_D3_raw_Yee_and_flux.mat,f_all,160,1,431356054676259,
F0_D3_raw_Yee_and_flux.mat,f_all,161,1,428274940000000,
F0_D3_raw_Yee_and_flux.mat,f_all,162,1,425237529078014.12,
F0_D3_raw_Yee_and_flux.mat,f_all,163,1,422242898591549.31,
F0_D3_raw_Yee_and_flux.mat,f_all,164,1,419290151048951.12,
F0_D3_raw_Yee_and_flux.mat,f_all,165,1,416378413888888.94,
F0_D3_raw_Yee_and_flux.mat,f_all,166,1,413506838620689.62,
F0_D3_raw_Yee_and_flux.mat,f_all,167,1,410674600000000,
F0_D3_raw_Yee_and_flux.mat,f_all,168,1,407880895238095.31,
F0_D3_raw_Yee_and_flux.mat,f_all,169,1,405124943243243.19,
F0_D3_raw_Yee_and_flux.mat,f_all,170,1,402405983892617.44,
F0_D3_raw_Yee_and_flux.mat,f_all,171,1,399723277333333.31,
F0_D3_raw_Yee_and_flux.mat,f_all,172,1,397076103311258.25,
F0_D3_raw_Yee_and_flux.mat,f_all,173,1,394463760526315.81,
F0_D3_raw_Yee_and_flux.mat,f_all,174,1,391885566013071.88,
F0_D3_raw_Yee_and_flux.mat,f_all,175,1,389340854545454.56,
F0_D3_raw_Yee_and_flux.mat,f_all,176,1,386828978064516.12,
F0_D3_raw_Yee_and_flux.mat,f_all,177,1,384349305128205.19,
F0_D3_raw_Yee_and_flux.mat,f_all,178,1,381901220382165.62,
F0_D3_raw_Yee_and_flux.mat,f_all,179,1,379484124050632.88,
F0_D3_raw_Yee_and_flux.mat,f_all,180,1,377097431446540.88,
F0_D3_raw_Yee_and_flux.mat,f_all,181,1,374740572500000,
F0_D3_raw_Yee_and_flux.mat,f_all,182,1,856549880000000,
F0_D3_raw_Yee_and_flux.mat,f_all,183,1,844485797183098.62,
F0_D3_raw_Yee_and_flux.mat,f_all,184,1,832756827777777.88,
F0_D3_raw_Yee_and_flux.mat,f_all,185,1,821349200000000,
F0_D3_raw_Yee_and_flux.mat,f_all,186,1,810249886486486.38,
F0_D3_raw_Yee_and_flux.mat,f_all,187,1,799446554666666.62,
F0_D3_raw_Yee_and_flux.mat,f_all,188,1,788927521052631.62,
F0_D3_raw_Yee_and_flux.mat,f_all,189,1,778681709090909.25,
F0_D3_raw_Yee_and_flux.mat,f_all,190,1,768698610256410.38,
F0_D3_raw_Yee_and_flux.mat,f_all,191,1,758968248101265.88,
F0_D3_raw_Yee_and_flux.mat,f_all,192,1,749481145000000,
F0_D3_raw_Yee_and_flux.mat,f_all,193,1,740228291358024.62,
F0_D3_raw_Yee_and_flux.mat,f_all,194,1,731201117073170.75,
F0_D3_raw_Yee_and_flux.mat,f_all,195,1,722391465060240.88,
F0_D3_raw_Yee_and_flux.mat,f_all,196,1,713791566666666.75,
F0_D3_raw_Yee_and_flux.mat,f_all,197,1,705394018823529.5,
F0_D3_raw_Yee_and_flux.mat,f_all,198,1,697191762790697.62,
F0_D3_raw_Yee_and_flux.mat,f_all,199,1,689178064367816.12,
F0_D3_raw_Yee_and_flux.mat,f_all,200,1,681346495454545.5,
F0_D3_raw_Yee_and_flux.mat,f_all,201,1,673690916853932.62,
F0_D3_raw_Yee_and_flux.mat,f_all,202,1,666205462222222.25,
F0_D3_raw_Yee_and_flux.mat,f_all,203,1,658884523076923,
F0_D3_raw_Yee_and_flux.mat,f_all,204,1,651722734782608.62,
F0_D3_raw_Yee_and_flux.mat,f_all,205,1,644714963440860.12,
F0_D3_raw_Yee_and_flux.mat,f_all,206,1,637856293617021.25,
F0_D3_raw_Yee_and_flux.mat,f_all,207,1,631142016842105.25,
F0_D3_raw_Yee_and_flux.mat,f_all,208,1,624567620833333.38,
F0_D3_raw_Yee_and_flux.mat,f_all,209,1,618128779381443.25,
F0_D3_raw_Yee_and_flux.mat,f_all,210,1,611821342857142.88,
F0_D3_raw_Yee_and_flux.mat,f_all,211,1,605641329292929.25,
F0_D3_raw_Yee_and_flux.mat,f_all,212,1,599584916000000,
F0_D3_raw_Yee_and_flux.mat,f_all,213,1,593648431683168.25,
F0_D3_raw_Yee_and_flux.mat,f_all,214,1,587828349019607.88,
F0_D3_raw_Yee_and_flux.mat,f_all,215,1,582121277669903,
F0_D3_raw_Yee_and_flux.mat,f_all,216,1,576523957692307.62,
F0_D3_raw_Yee_and_flux.mat,f_all,217,1,571033253333333.38,
F0_D3_raw_Yee_and_flux.mat,f_all,218,1,565646147169811.38,
F0_D3_raw_Yee_and_flux.mat,f_all,219,1,560359734579439.31,
F0_D3_raw_Yee_and_flux.mat,f_all,220,1,555171218518518.44,
F0_D3_raw_Yee_and_flux.mat,f_all,221,1,550077904587156,
F0_D3_raw_Yee_and_flux.mat,f_all,222,1,545077196363636.38,
F0_D3_raw_Yee_and_flux.mat,f_all,223,1,540166590990991,
F0_D3_raw_Yee_and_flux.mat,f_all,224,1,535343675000000.06,
F0_D3_raw_Yee_and_flux.mat,f_all,225,1,530606120353982.31,
F0_D3_raw_Yee_and_flux.mat,f_all,226,1,525951680701754.31,
F0_D3_raw_Yee_and_flux.mat,f_all,227,1,521378187826086.94,
F0_D3_raw_Yee_and_flux.mat,f_all,228,1,516883548275862.12,
F0_D3_raw_Yee_and_flux.mat,f_all,229,1,512465740170940.12,
F0_D3_raw_Yee_and_flux.mat,f_all,230,1,508122810169491.44,
F0_D3_raw_Yee_and_flux.mat,f_all,231,1,503852870588235.31,
F0_D3_raw_Yee_and_flux.mat,f_all,232,1,499654096666666.69,
F0_D3_raw_Yee_and_flux.mat,f_all,233,1,495524723966942.19,
F0_D3_raw_Yee_and_flux.mat,f_all,234,1,491463045901639.38,
F0_D3_raw_Yee_and_flux.mat,f_all,235,1,487467411382113.75,
F0_D3_raw_Yee_and_flux.mat,f_all,236,1,483536222580645.19,
F0_D3_raw_Yee_and_flux.mat,f_all,237,1,479667932800000.06,
F0_D3_raw_Yee_and_flux.mat,f_all,238,1,475861044444444.44,
F0_D3_raw_Yee_and_flux.mat,f_all,239,1,472114107086614.12,
F0_D3_raw_Yee_and_flux.mat,f_all,240,1,468425715625000,
F0_D3_raw_Yee_and_flux.mat,f_all,241,1,464794508527131.81,
F0_D3_raw_Yee_and_flux.mat,f_all,242,1,461219166153846.25,
F0_D3_raw_Yee_and_flux.mat,f_all,243,1,457698409160305.31,
F0_D3_raw_Yee_and_flux.mat,f_all,244,1,454230996969696.94,
F0_D3_raw_Yee_and_flux.mat,f_all,245,1,450815726315789.5,
F0_D3_raw_Yee_and_flux.mat,f_all,246,1,447451429850746.31,
F0_D3_raw_Yee_and_flux.mat,f_all,247,1,444136974814814.81,
F0_D3_raw_Yee_and_flux.mat,f_all,248,1,440871261764705.88,
F0_D3_raw_Yee_and_flux.mat,f_all,249,1,437653223357664.19,
F0_D3_raw_Yee_and_flux.mat,f_all,250,1,434481823188405.81,
F0_D3_raw_Yee_and_flux.mat,f_all,251,1,431356054676259,
F0_D3_raw_Yee_and_flux.mat,f_all,252,1,428274940000000,
F0_D3_raw_Yee_and_flux.mat,f_all,253,1,425237529078014.12,
F0_D3_raw_Yee_and_flux.mat,f_all,254,1,422242898591549.31,
F0_D3_raw_Yee_and_flux.mat,f_all,255,1,419290151048951.12,
F0_D3_raw_Yee_and_flux.mat,f_all,256,1,416378413888888.94,
F0_D3_raw_Yee_and_flux.mat,f_all,257,1,413506838620689.62,
F0_D3_raw_Yee_and_flux.mat,f_all,258,1,410674600000000,
F0_D3_raw_Yee_and_flux.mat,f_all,259,1,407880895238095.31,
F0_D3_raw_Yee_and_flux.mat,f_all,260,1,405124943243243.19,
F0_D3_raw_Yee_and_flux.mat,f_all,261,1,402405983892617.44,
F0_D3_raw_Yee_and_flux.mat,f_all,262,1,399723277333333.31,
F0_D3_raw_Yee_and_flux.mat,f_all,263,1,397076103311258.25,
F0_D3_raw_Yee_and_flux.mat,f_all,264,1,394463760526315.81,
F0_D3_raw_Yee_and_flux.mat,f_all,265,1,391885566013071.88,
F0_D3_raw_Yee_and_flux.mat,f_all,266,1,389340854545454.56,
F0_D3_raw_Yee_and_flux.mat,f_all,267,1,386828978064516.12,
F0_D3_raw_Yee_and_flux.mat,f_all,268,1,384349305128205.19,
F0_D3_raw_Yee_and_flux.mat,f_all,269,1,381901220382165.62,
F0_D3_raw_Yee_and_flux.mat,f_all,270,1,379484124050632.88,
F0_D3_raw_Yee_and_flux.mat,f_all,271,1,377097431446540.88,
F0_D3_raw_Yee_and_flux.mat,f_all,272,1,374740572500000,
F0_D3_raw_Yee_and_flux.mat,f_all,273,1,856549880000000,
F0_D3_raw_Yee_and_flux.mat,f_all,274,1,844485797183098.62,
F0_D3_raw_Yee_and_flux.mat,f_all,275,1,832756827777777.88,
F0_D3_raw_Yee_and_flux.mat,f_all,276,1,821349200000000,
F0_D3_raw_Yee_and_flux.mat,f_all,277,1,810249886486486.38,
F0_D3_raw_Yee_and_flux.mat,f_all,278,1,799446554666666.62,
F0_D3_raw_Yee_and_flux.mat,f_all,279,1,788927521052631.62,
F0_D3_raw_Yee_and_flux.mat,f_all,280,1,778681709090909.25,
F0_D3_raw_Yee_and_flux.mat,f_all,281,1,768698610256410.38,
F0_D3_raw_Yee_and_flux.mat,f_all,282,1,758968248101265.88,
F0_D3_raw_Yee_and_flux.mat,f_all,283,1,749481145000000,
F0_D3_raw_Yee_and_flux.mat,f_all,284,1,740228291358024.62,
F0_D3_raw_Yee_and_flux.mat,f_all,285,1,731201117073170.75,
F0_D3_raw_Yee_and_flux.mat,f_all,286,1,722391465060240.88,
F0_D3_raw_Yee_and_flux.mat,f_all,287,1,713791566666666.75,
F0_D3_raw_Yee_and_flux.mat,f_all,288,1,705394018823529.5,
F0_D3_raw_Yee_and_flux.mat,f_all,289,1,697191762790697.62,
F0_D3_raw_Yee_and_flux.mat,f_all,290,1,689178064367816.12,
F0_D3_raw_Yee_and_flux.mat,f_all,291,1,681346495454545.5,
F0_D3_raw_Yee_and_flux.mat,f_all,292,1,673690916853932.62,
F0_D3_raw_Yee_and_flux.mat,f_all,293,1,666205462222222.25,
F0_D3_raw_Yee_and_flux.mat,f_all,294,1,658884523076923,
F0_D3_raw_Yee_and_flux.mat,f_all,295,1,651722734782608.62,
F0_D3_raw_Yee_and_flux.mat,f_all,296,1,644714963440860.12,
F0_D3_raw_Yee_and_flux.mat,f_all,297,1,637856293617021.25,
F0_D3_raw_Yee_and_flux.mat,f_all,298,1,631142016842105.25,
F0_D3_raw_Yee_and_flux.mat,f_all,299,1,624567620833333.38,
F0_D3_raw_Yee_and_flux.mat,f_all,300,1,618128779381443.25,
F0_D3_raw_Yee_and_flux.mat,f_all,301,1,611821342857142.88,
F0_D3_raw_Yee_and_flux.mat,f_all,302,1,605641329292929.25,
F0_D3_raw_Yee_and_flux.mat,f_all,303,1,599584916000000,
F0_D3_raw_Yee_and_flux.mat,f_all,304,1,593648431683168.25,
F0_D3_raw_Yee_and_flux.mat,f_all,305,1,587828349019607.88,
F0_D3_raw_Yee_and_flux.mat,f_all,306,1,582121277669903,
F0_D3_raw_Yee_and_flux.mat,f_all,307,1,576523957692307.62,
F0_D3_raw_Yee_and_flux.mat,f_all,308,1,571033253333333.38,
F0_D3_raw_Yee_and_flux.mat,f_all,309,1,565646147169811.38,
F0_D3_raw_Yee_and_flux.mat,f_all,310,1,560359734579439.31,
F0_D3_raw_Yee_and_flux.mat,f_all,311,1,555171218518518.44,
F0_D3_raw_Yee_and_flux.mat,f_all,312,1,550077904587156,
F0_D3_raw_Yee_and_flux.mat,f_all,313,1,545077196363636.38,
F0_D3_raw_Yee_and_flux.mat,f_all,314,1,540166590990991,
F0_D3_raw_Yee_and_flux.mat,f_all,315,1,535343675000000.06,
F0_D3_raw_Yee_and_flux.mat,f_all,316,1,530606120353982.31,
F0_D3_raw_Yee_and_flux.mat,f_all,317,1,525951680701754.31,
F0_D3_raw_Yee_and_flux.mat,f_all,318,1,521378187826086.94,
F0_D3_raw_Yee_and_flux.mat,f_all,319,1,516883548275862.12,
F0_D3_raw_Yee_and_flux.mat,f_all,320,1,512465740170940.12,
F0_D3_raw_Yee_and_flux.mat,f_all,321,1,508122810169491.44,
F0_D3_raw_Yee_and_flux.mat,f_all,322,1,503852870588235.31,
F0_D3_raw_Yee_and_flux.mat,f_all,323,1,499654096666666.69,
F0_D3_raw_Yee_and_flux.mat,f_all,324,1,495524723966942.19,
F0_D3_raw_Yee_and_flux.mat,f_all,325,1,491463045901639.38,
F0_D3_raw_Yee_and_flux.mat,f_all,326,1,487467411382113.75,
F0_D3_raw_Yee_and_flux.mat,f_all,327,1,483536222580645.19,
F0_D3_raw_Yee_and_flux.mat,f_all,328,1,479667932800000.06,
F0_D3_raw_Yee_and_flux.mat,f_all,329,1,475861044444444.44,
F0_D3_raw_Yee_and_flux.mat,f_all,330,1,472114107086614.12,
F0_D3_raw_Yee_and_flux.mat,f_all,331,1,468425715625000,
F0_D3_raw_Yee_and_flux.mat,f_all,332,1,464794508527131.81,
F0_D3_raw_Yee_and_flux.mat,f_all,333,1,461219166153846.25,
F0_D3_raw_Yee_and_flux.mat,f_all,334,1,457698409160305.31,
F0_D3_raw_Yee_and_flux.mat,f_all,335,1,454230996969696.94,
F0_D3_raw_Yee_and_flux.mat,f_all,336,1,450815726315789.5,
F0_D3_raw_Yee_and_flux.mat,f_all,337,1,447451429850746.31,
F0_D3_raw_Yee_and_flux.mat,f_all,338,1,444136974814814.81,
F0_D3_raw_Yee_and_flux.mat,f_all,339,1,440871261764705.88,
F0_D3_raw_Yee_and_flux.mat,f_all,340,1,437653223357664.19,
F0_D3_raw_Yee_and_flux.mat,f_all,341,1,434481823188405.81,
F0_D3_raw_Yee_and_flux.mat,f_all,342,1,431356054676259,
F0_D3_raw_Yee_and_flux.mat,f_all,343,1,428274940000000,
F0_D3_raw_Yee_and_flux.mat,f_all,344,1,425237529078014.12,
F0_D3_raw_Yee_and_flux.mat,f_all,345,1,422242898591549.31,
F0_D3_raw_Yee_and_flux.mat,f_all,346,1,419290151048951.12,
F0_D3_raw_Yee_and_flux.mat,f_all,347,1,416378413888888.94,
F0_D3_raw_Yee_and_flux.mat,f_all,348,1,413506838620689.62,
F0_D3_raw_Yee_and_flux.mat,f_all,349,1,410674600000000,
F0_D3_raw_Yee_and_flux.mat,f_all,350,1,407880895238095.31,
F0_D3_raw_Yee_and_flux.mat,f_all,351,1,405124943243243.19,
F0_D3_raw_Yee_and_flux.mat,f_all,352,1,402405983892617.44,
F0_D3_raw_Yee_and_flux.mat,f_all,353,1,399723277333333.31,
F0_D3_raw_Yee_and_flux.mat,f_all,354,1,397076103311258.25,
F0_D3_raw_Yee_and_flux.mat,f_all,355,1,394463760526315.81,
F0_D3_raw_Yee_and_flux.mat,f_all,356,1,391885566013071.88,
F0_D3_raw_Yee_and_flux.mat,f_all,357,1,389340854545454.56,
F0_D3_raw_Yee_and_flux.mat,f_all,358,1,386828978064516.12,
F0_D3_raw_Yee_and_flux.mat,f_all,359,1,384349305128205.19,
F0_D3_raw_Yee_and_flux.mat,f_all,360,1,381901220382165.62,
F0_D3_raw_Yee_and_flux.mat,f_all,361,1,379484124050632.88,
F0_D3_raw_Yee_and_flux.mat,f_all,362,1,377097431446540.88,
F0_D3_raw_Yee_and_flux.mat,f_all,363,1,374740572500000,
F0_D3_raw_Yee_and_flux.mat,f_all,364,1,856549880000000,
F0_D3_raw_Yee_and_flux.mat,f_all,365,1,844485797183098.62,
F0_D3_raw_Yee_and_flux.mat,f_all,366,1,832756827777777.88,
F0_D3_raw_Yee_and_flux.mat,f_all,367,1,821349200000000,
F0_D3_raw_Yee_and_flux.mat,f_all,368,1,810249886486486.38,
F0_D3_raw_Yee_and_flux.mat,f_all,369,1,799446554666666.62,
F0_D3_raw_Yee_and_flux.mat,f_all,370,1,788927521052631.62,
F0_D3_raw_Yee_and_flux.mat,f_all,371,1,778681709090909.25,
F0_D3_raw_Yee_and_flux.mat,f_all,372,1,768698610256410.38,
F0_D3_raw_Yee_and_flux.mat,f_all,373,1,758968248101265.88,
F0_D3_raw_Yee_and_flux.mat,f_all,374,1,749481145000000,
F0_D3_raw_Yee_and_flux.mat,f_all,375,1,740228291358024.62,
F0_D3_raw_Yee_and_flux.mat,f_all,376,1,731201117073170.75,
F0_D3_raw_Yee_and_flux.mat,f_all,377,1,722391465060240.88,
F0_D3_raw_Yee_and_flux.mat,f_all,378,1,713791566666666.75,
F0_D3_raw_Yee_and_flux.mat,f_all,379,1,705394018823529.5,
F0_D3_raw_Yee_and_flux.mat,f_all,380,1,697191762790697.62,
F0_D3_raw_Yee_and_flux.mat,f_all,381,1,689178064367816.12,
F0_D3_raw_Yee_and_flux.mat,f_all,382,1,681346495454545.5,
F0_D3_raw_Yee_and_flux.mat,f_all,383,1,673690916853932.62,
F0_D3_raw_Yee_and_flux.mat,f_all,384,1,666205462222222.25,
F0_D3_raw_Yee_and_flux.mat,f_all,385,1,658884523076923,
F0_D3_raw_Yee_and_flux.mat,f_all,386,1,651722734782608.62,
F0_D3_raw_Yee_and_flux.mat,f_all,387,1,644714963440860.12,
F0_D3_raw_Yee_and_flux.mat,f_all,388,1,637856293617021.25,
F0_D3_raw_Yee_and_flux.mat,f_all,389,1,631142016842105.25,
F0_D3_raw_Yee_and_flux.mat,f_all,390,1,624567620833333.38,
F0_D3_raw_Yee_and_flux.mat,f_all,391,1,618128779381443.25,
F0_D3_raw_Yee_and_flux.mat,f_all,392,1,611821342857142.88,
F0_D3_raw_Yee_and_flux.mat,f_all,393,1,605641329292929.25,
F0_D3_raw_Yee_and_flux.mat,f_all,394,1,599584916000000,
F0_D3_raw_Yee_and_flux.mat,f_all,395,1,593648431683168.25,
F0_D3_raw_Yee_and_flux.mat,f_all,396,1,587828349019607.88,
F0_D3_raw_Yee_and_flux.mat,f_all,397,1,582121277669903,
F0_D3_raw_Yee_and_flux.mat,f_all,398,1,576523957692307.62,
F0_D3_raw_Yee_and_flux.mat,f_all,399,1,571033253333333.38,
F0_D3_raw_Yee_and_flux.mat,f_all,400,1,565646147169811.38,
F0_D3_raw_Yee_and_flux.mat,f_all,401,1,560359734579439.31,
F0_D3_raw_Yee_and_flux.mat,f_all,402,1,555171218518518.44,
F0_D3_raw_Yee_and_flux.mat,f_all,403,1,550077904587156,
F0_D3_raw_Yee_and_flux.mat,f_all,404,1,545077196363636.38,
F0_D3_raw_Yee_and_flux.mat,f_all,405,1,540166590990991,
F0_D3_raw_Yee_and_flux.mat,f_all,406,1,535343675000000.06,
F0_D3_raw_Yee_and_flux.mat,f_all,407,1,530606120353982.31,
F0_D3_raw_Yee_and_flux.mat,f_all,408,1,525951680701754.31,
F0_D3_raw_Yee_and_flux.mat,f_all,409,1,521378187826086.94,
F0_D3_raw_Yee_and_flux.mat,f_all,410,1,516883548275862.12,
F0_D3_raw_Yee_and_flux.mat,f_all,411,1,512465740170940.12,
F0_D3_raw_Yee_and_flux.mat,f_all,412,1,508122810169491.44,
F0_D3_raw_Yee_and_flux.mat,f_all,413,1,503852870588235.31,
F0_D3_raw_Yee_and_flux.mat,f_all,414,1,499654096666666.69,
F0_D3_raw_Yee_and_flux.mat,f_all,415,1,495524723966942.19,
F0_D3_raw_Yee_and_flux.mat,f_all,416,1,491463045901639.38,
F0_D3_raw_Yee_and_flux.mat,f_all,417,1,487467411382113.75,
F0_D3_raw_Yee_and_flux.mat,f_all,418,1,483536222580645.19,
F0_D3_raw_Yee_and_flux.mat,f_all,419,1,479667932800000.06,
F0_D3_raw_Yee_and_flux.mat,f_all,420,1,475861044444444.44,
F0_D3_raw_Yee_and_flux.mat,f_all,421,1,472114107086614.12,
F0_D3_raw_Yee_and_flux.mat,f_all,422,1,468425715625000,
F0_D3_raw_Yee_and_flux.mat,f_all,423,1,464794508527131.81,
F0_D3_raw_Yee_and_flux.mat,f_all,424,1,461219166153846.25,
F0_D3_raw_Yee_and_flux.mat,f_all,425,1,457698409160305.31,
F0_D3_raw_Yee_and_flux.mat,f_all,426,1,454230996969696.94,
F0_D3_raw_Yee_and_flux.mat,f_all,427,1,450815726315789.5,
F0_D3_raw_Yee_and_flux.mat,f_all,428,1,447451429850746.31,
F0_D3_raw_Yee_and_flux.mat,f_all,429,1,444136974814814.81,
F0_D3_raw_Yee_and_flux.mat,f_all,430,1,440871261764705.88,
F0_D3_raw_Yee_and_flux.mat,f_all,431,1,437653223357664.19,
F0_D3_raw_Yee_and_flux.mat,f_all,432,1,434481823188405.81,
F0_D3_raw_Yee_and_flux.mat,f_all,433,1,431356054676259,
F0_D3_raw_Yee_and_flux.mat,f_all,434,1,428274940000000,
F0_D3_raw_Yee_and_flux.mat,f_all,435,1,425237529078014.12,
F0_D3_raw_Yee_and_flux.mat,f_all,436,1,422242898591549.31,
F0_D3_raw_Yee_and_flux.mat,f_all,437,1,419290151048951.12,
F0_D3_raw_Yee_and_flux.mat,f_all,438,1,416378413888888.94,
F0_D3_raw_Yee_and_flux.mat,f_all,439,1,413506838620689.62,
F0_D3_raw_Yee_and_flux.mat,f_all,440,1,410674600000000,
F0_D3_raw_Yee_and_flux.mat,f_all,441,1,407880895238095.31,
F0_D3_raw_Yee_and_flux.mat,f_all,442,1,405124943243243.19,
F0_D3_raw_Yee_and_flux.mat,f_all,443,1,402405983892617.44,
F0_D3_raw_Yee_and_flux.mat,f_all,444,1,399723277333333.31,
F0_D3_raw_Yee_and_flux.mat,f_all,445,1,397076103311258.25,
F0_D3_raw_Yee_and_flux.mat,f_all,446,1,394463760526315.81,
F0_D3_raw_Yee_and_flux.mat,f_all,447,1,391885566013071.88,
F0_D3_raw_Yee_and_flux.mat,f_all,448,1,389340854545454.56,
F0_D3_raw_Yee_and_flux.mat,f_all,449,1,386828978064516.12,
F0_D3_raw_Yee_and_flux.mat,f_all,450,1,384349305128205.19,
F0_D3_raw_Yee_and_flux.mat,f_all,451,1,381901220382165.62,
F0_D3_raw_Yee_and_flux.mat,f_all,452,1,379484124050632.88,
F0_D3_raw_Yee_and_flux.mat,f_all,453,1,377097431446540.88,
F0_D3_raw_Yee_and_flux.mat,f_all,454,1,374740572500000,
F0_D3_raw_Yee_and_flux.mat,f_all,455,1,856549880000000,
F0_D3_raw_Yee_and_flux.mat,f_all,456,1,844485797183098.62,
F0_D3_raw_Yee_and_flux.mat,f_all,457,1,832756827777777.88,
F0_D3_raw_Yee_and_flux.mat,f_all,458,1,821349200000000,
F0_D3_raw_Yee_and_flux.mat,f_all,459,1,810249886486486.38,
F0_D3_raw_Yee_and_flux.mat,f_all,460,1,799446554666666.62,
F0_D3_raw_Yee_and_flux.mat,f_all,461,1,788927521052631.62,
F0_D3_raw_Yee_and_flux.mat,f_all,462,1,778681709090909.25,
F0_D3_raw_Yee_and_flux.mat,f_all,463,1,768698610256410.38,
F0_D3_raw_Yee_and_flux.mat,f_all,464,1,758968248101265.88,
F0_D3_raw_Yee_and_flux.mat,f_all,465,1,749481145000000,
F0_D3_raw_Yee_and_flux.mat,f_all,466,1,740228291358024.62,
F0_D3_raw_Yee_and_flux.mat,f_all,467,1,731201117073170.75,
F0_D3_raw_Yee_and_flux.mat,f_all,468,1,722391465060240.88,
F0_D3_raw_Yee_and_flux.mat,f_all,469,1,713791566666666.75,
F0_D3_raw_Yee_and_flux.mat,f_all,470,1,705394018823529.5,
F0_D3_raw_Yee_and_flux.mat,f_all,471,1,697191762790697.62,
F0_D3_raw_Yee_and_flux.mat,f_all,472,1,689178064367816.12,
F0_D3_raw_Yee_and_flux.mat,f_all,473,1,681346495454545.5,
F0_D3_raw_Yee_and_flux.mat,f_all,474,1,673690916853932.62,
F0_D3_raw_Yee_and_flux.mat,f_all,475,1,666205462222222.25,
F0_D3_raw_Yee_and_flux.mat,f_all,476,1,658884523076923,
F0_D3_raw_Yee_and_flux.mat,f_all,477,1,651722734782608.62,
F0_D3_raw_Yee_and_flux.mat,f_all,478,1,644714963440860.12,
F0_D3_raw_Yee_and_flux.mat,f_all,479,1,637856293617021.25,
F0_D3_raw_Yee_and_flux.mat,f_all,480,1,631142016842105.25,
F0_D3_raw_Yee_and_flux.mat,f_all,481,1,624567620833333.38,
F0_D3_raw_Yee_and_flux.mat,f_all,482,1,618128779381443.25,
F0_D3_raw_Yee_and_flux.mat,f_all,483,1,611821342857142.88,
F0_D3_raw_Yee_and_flux.mat,f_all,484,1,605641329292929.25,
F0_D3_raw_Yee_and_flux.mat,f_all,485,1,599584916000000,
F0_D3_raw_Yee_and_flux.mat,f_all,486,1,593648431683168.25,
F0_D3_raw_Yee_and_flux.mat,f_all,487,1,587828349019607.88,
F0_D3_raw_Yee_and_flux.mat,f_all,488,1,582121277669903,
F0_D3_raw_Yee_and_flux.mat,f_all,489,1,576523957692307.62,
F0_D3_raw_Yee_and_flux.mat,f_all,490,1,571033253333333.38,
F0_D3_raw_Yee_and_flux.mat,f_all,491,1,565646147169811.38,
F0_D3_raw_Yee_and_flux.mat,f_all,492,1,560359734579439.31,
F0_D3_raw_Yee_and_flux.mat,f_all,493,1,555171218518518.44,
F0_D3_raw_Yee_and_flux.mat,f_all,494,1,550077904587156,
F0_D3_raw_Yee_and_flux.mat,f_all,495,1,545077196363636.38,
F0_D3_raw_Yee_and_flux.mat,f_all,496,1,540166590990991,
F0_D3_raw_Yee_and_flux.mat,f_all,497,1,535343675000000.06,
F0_D3_raw_Yee_and_flux.mat,f_all,498,1,530606120353982.31,
F0_D3_raw_Yee_and_flux.mat,f_all,499,1,525951680701754.31,
F0_D3_raw_Yee_and_flux.mat,f_all,500,1,521378187826086.94,
F0_D3_raw_Yee_and_flux.mat,f_all,501,1,516883548275862.12,
F0_D3_raw_Yee_and_flux.mat,f_all,502,1,512465740170940.12,
F0_D3_raw_Yee_and_flux.mat,f_all,503,1,508122810169491.44,
F0_D3_raw_Yee_and_flux.mat,f_all,504,1,503852870588235.31,
F0_D3_raw_Yee_and_flux.mat,f_all,505,1,499654096666666.69,
F0_D3_raw_Yee_and_flux.mat,f_all,506,1,495524723966942.19,
F0_D3_raw_Yee_and_flux.mat,f_all,507,1,491463045901639.38,
F0_D3_raw_Yee_and_flux.mat,f_all,508,1,487467411382113.75,
F0_D3_raw_Yee_and_flux.mat,f_all,509,1,483536222580645.19,
F0_D3_raw_Yee_and_flux.mat,f_all,510,1,479667932800000.06,
F0_D3_raw_Yee_and_flux.mat,f_all,511,1,475861044444444.44,
F0_D3_raw_Yee_and_flux.mat,f_all,512,1,472114107086614.12,
F0_D3_raw_Yee_and_flux.mat,f_all,513,1,468425715625000,
F0_D3_raw_Yee_and_flux.mat,f_all,514,1,464794508527131.81,
F0_D3_raw_Yee_and_flux.mat,f_all,515,1,461219166153846.25,
F0_D3_raw_Yee_and_flux.mat,f_all,516,1,457698409160305.31,
F0_D3_raw_Yee_and_flux.mat,f_all,517,1,454230996969696.94,
F0_D3_raw_Yee_and_flux.mat,f_all,518,1,450815726315789.5,
F0_D3_raw_Yee_and_flux.mat,f_all,519,1,447451429850746.31,
F0_D3_raw_Yee_and_flux.mat,f_all,520,1,444136974814814.81,
F0_D3_raw_Yee_and_flux.mat,f_all,521,1,440871261764705.88,
F0_D3_raw_Yee_and_flux.mat,f_all,522,1,437653223357664.19,
F0_D3_raw_Yee_and_flux.mat,f_all,523,1,434481823188405.81,
F0_D3_raw_Yee_and_flux.mat,f_all,524,1,431356054676259,
F0_D3_raw_Yee_and_flux.mat,f_all,525,1,428274940000000,
F0_D3_raw_Yee_and_flux.mat,f_all,526,1,425237529078014.12,
F0_D3_raw_Yee_and_flux.mat,f_all,527,1,422242898591549.31,
F0_D3_raw_Yee_and_flux.mat,f_all,528,1,419290151048951.12,
F0_D3_raw_Yee_and_flux.mat,f_all,529,1,416378413888888.94,
F0_D3_raw_Yee_and_flux.mat,f_all,530,1,413506838620689.62,
F0_D3_raw_Yee_and_flux.mat,f_all,531,1,410674600000000,
F0_D3_raw_Yee_and_flux.mat,f_all,532,1,407880895238095.31,
F0_D3_raw_Yee_and_flux.mat,f_all,533,1,405124943243243.19,
F0_D3_raw_Yee_and_flux.mat,f_all,534,1,402405983892617.44,
F0_D3_raw_Yee_and_flux.mat,f_all,535,1,399723277333333.31,
F0_D3_raw_Yee_and_flux.mat,f_all,536,1,397076103311258.25,
F0_D3_raw_Yee_and_flux.mat,f_all,537,1,394463760526315.81,
F0_D3_raw_Yee_and_flux.mat,f_all,538,1,391885566013071.88,
F0_D3_raw_Yee_and_flux.mat,f_all,539,1,389340854545454.56,
F0_D3_raw_Yee_and_flux.mat,f_all,540,1,386828978064516.12,
F0_D3_raw_Yee_and_flux.mat,f_all,541,1,384349305128205.19,
F0_D3_raw_Yee_and_flux.mat,f_all,542,1,381901220382165.62,
F0_D3_raw_Yee_and_flux.mat,f_all,543,1,379484124050632.88,
F0_D3_raw_Yee_and_flux.mat,f_all,544,1,377097431446540.88,
F0_D3_raw_Yee_and_flux.mat,f_all,545,1,374740572500000,
F0_D3_raw_Yee_and_flux.mat,f_all,546,1,856549880000000,
F0_D3_raw_Yee_and_flux.mat,f_all,547,1,844485797183098.62,
F0_D3_raw_Yee_and_flux.mat,f_all,548,1,832756827777777.88,
F0_D3_raw_Yee_and_flux.mat,f_all,549,1,821349200000000,
F0_D3_raw_Yee_and_flux.mat,f_all,550,1,810249886486486.38,
F0_D3_raw_Yee_and_flux.mat,f_all,551,1,799446554666666.62,
F0_D3_raw_Yee_and_flux.mat,f_all,552,1,788927521052631.62,
F0_D3_raw_Yee_and_flux.mat,f_all,553,1,778681709090909.25,
F0_D3_raw_Yee_and_flux.mat,f_all,554,1,768698610256410.38,
F0_D3_raw_Yee_and_flux.mat,f_all,555,1,758968248101265.88,
F0_D3_raw_Yee_and_flux.mat,f_all,556,1,749481145000000,
F0_D3_raw_Yee_and_flux.mat,f_all,557,1,740228291358024.62,
F0_D3_raw_Yee_and_flux.mat,f_all,558,1,731201117073170.75,
F0_D3_raw_Yee_and_flux.mat,f_all,559,1,722391465060240.88,
F0_D3_raw_Yee_and_flux.mat,f_all,560,1,713791566666666.75,
F0_D3_raw_Yee_and_flux.mat,f_all,561,1,705394018823529.5,
F0_D3_raw_Yee_and_flux.mat,f_all,562,1,697191762790697.62,
F0_D3_raw_Yee_and_flux.mat,f_all,563,1,689178064367816.12,
F0_D3_raw_Yee_and_flux.mat,f_all,564,1,681346495454545.5,
F0_D3_raw_Yee_and_flux.mat,f_all,565,1,673690916853932.62,
F0_D3_raw_Yee_and_flux.mat,f_all,566,1,666205462222222.25,
F0_D3_raw_Yee_and_flux.mat,f_all,567,1,658884523076923,
F0_D3_raw_Yee_and_flux.mat,f_all,568,1,651722734782608.62,
F0_D3_raw_Yee_and_flux.mat,f_all,569,1,644714963440860.12,
F0_D3_raw_Yee_and_flux.mat,f_all,570,1,637856293617021.25,
F0_D3_raw_Yee_and_flux.mat,f_all,571,1,631142016842105.25,
F0_D3_raw_Yee_and_flux.mat,f_all,572,1,624567620833333.38,
F0_D3_raw_Yee_and_flux.mat,f_all,573,1,618128779381443.25,
F0_D3_raw_Yee_and_flux.mat,f_all,574,1,611821342857142.88,
F0_D3_raw_Yee_and_flux.mat,f_all,575,1,605641329292929.25,
F0_D3_raw_Yee_and_flux.mat,f_all,576,1,599584916000000,
F0_D3_raw_Yee_and_flux.mat,f_all,577,1,593648431683168.25,
F0_D3_raw_Yee_and_flux.mat,f_all,578,1,587828349019607.88,
F0_D3_raw_Yee_and_flux.mat,f_all,579,1,582121277669903,
F0_D3_raw_Yee_and_flux.mat,f_all,580,1,576523957692307.62,
F0_D3_raw_Yee_and_flux.mat,f_all,581,1,571033253333333.38,
F0_D3_raw_Yee_and_flux.mat,f_all,582,1,565646147169811.38,
F0_D3_raw_Yee_and_flux.mat,f_all,583,1,560359734579439.31,
F0_D3_raw_Yee_and_flux.mat,f_all,584,1,555171218518518.44,
F0_D3_raw_Yee_and_flux.mat,f_all,585,1,550077904587156,
F0_D3_raw_Yee_and_flux.mat,f_all,586,1,545077196363636.38,
F0_D3_raw_Yee_and_flux.mat,f_all,587,1,540166590990991,
F0_D3_raw_Yee_and_flux.mat,f_all,588,1,535343675000000.06,
F0_D3_raw_Yee_and_flux.mat,f_all,589,1,530606120353982.31,
F0_D3_raw_Yee_and_flux.mat,f_all,590,1,525951680701754.31,
F0_D3_raw_Yee_and_flux.mat,f_all,591,1,521378187826086.94,
F0_D3_raw_Yee_and_flux.mat,f_all,592,1,516883548275862.12,
F0_D3_raw_Yee_and_flux.mat,f_all,593,1,512465740170940.12,
F0_D3_raw_Yee_and_flux.mat,f_all,594,1,508122810169491.44,
F0_D3_raw_Yee_and_flux.mat,f_all,595,1,503852870588235.31,
F0_D3_raw_Yee_and_flux.mat,f_all,596,1,499654096666666.69,
F0_D3_raw_Yee_and_flux.mat,f_all,597,1,495524723966942.19,
F0_D3_raw_Yee_and_flux.mat,f_all,598,1,491463045901639.38,
F0_D3_raw_Yee_and_flux.mat,f_all,599,1,487467411382113.75,
F0_D3_raw_Yee_and_flux.mat,f_all,600,1,483536222580645.19,
F0_D3_raw_Yee_and_flux.mat,f_all,601,1,479667932800000.06,
F0_D3_raw_Yee_and_flux.mat,f_all,602,1,475861044444444.44,
F0_D3_raw_Yee_and_flux.mat,f_all,603,1,472114107086614.12,
F0_D3_raw_Yee_and_flux.mat,f_all,604,1,468425715625000,
F0_D3_raw_Yee_and_flux.mat,f_all,605,1,464794508527131.81,
F0_D3_raw_Yee_and_flux.mat,f_all,606,1,461219166153846.25,
F0_D3_raw_Yee_and_flux.mat,f_all,607,1,457698409160305.31,
F0_D3_raw_Yee_and_flux.mat,f_all,608,1,454230996969696.94,
F0_D3_raw_Yee_and_flux.mat,f_all,609,1,450815726315789.5,
F0_D3_raw_Yee_and_flux.mat,f_all,610,1,447451429850746.31,
F0_D3_raw_Yee_and_flux.mat,f_all,611,1,444136974814814.81,
F0_D3_raw_Yee_and_flux.mat,f_all,612,1,440871261764705.88,
F0_D3_raw_Yee_and_flux.mat,f_all,613,1,437653223357664.19,
F0_D3_raw_Yee_and_flux.mat,f_all,614,1,434481823188405.81,
F0_D3_raw_Yee_and_flux.mat,f_all,615,1,431356054676259,
F0_D3_raw_Yee_and_flux.mat,f_all,616,1,428274940000000,
F0_D3_raw_Yee_and_flux.mat,f_all,617,1,425237529078014.12,
F0_D3_raw_Yee_and_flux.mat,f_all,618,1,422242898591549.31,
F0_D3_raw_Yee_and_flux.mat,f_all,619,1,419290151048951.12,
F0_D3_raw_Yee_and_flux.mat,f_all,620,1,416378413888888.94,
F0_D3_raw_Yee_and_flux.mat,f_all,621,1,413506838620689.62,
F0_D3_raw_Yee_and_flux.mat,f_all,622,1,410674600000000,
F0_D3_raw_Yee_and_flux.mat,f_all,623,1,407880895238095.31,
F0_D3_raw_Yee_and_flux.mat,f_all,624,1,405124943243243.19,
F0_D3_raw_Yee_and_flux.mat,f_all,625,1,402405983892617.44,
F0_D3_raw_Yee_and_flux.mat,f_all,626,1,399723277333333.31,
F0_D3_raw_Yee_and_flux.mat,f_all,627,1,397076103311258.25,
F0_D3_raw_Yee_and_flux.mat,f_all,628,1,394463760526315.81,
F0_D3_raw_Yee_and_flux.mat,f_all,629,1,391885566013071.88,
F0_D3_raw_Yee_and_flux.mat,f_all,630,1,389340854545454.56,
F0_D3_raw_Yee_and_flux.mat,f_all,631,1,386828978064516.12,
F0_D3_raw_Yee_and_flux.mat,f_all,632,1,384349305128205.19,
F0_D3_raw_Yee_and_flux.mat,f_all,633,1,381901220382165.62,
F0_D3_raw_Yee_and_flux.mat,f_all,634,1,379484124050632.88,
F0_D3_raw_Yee_and_flux.mat,f_all,635,1,377097431446540.88,
F0_D3_raw_Yee_and_flux.mat,f_all,636,1,374740572500000,
F0_D3_raw_Yee_and_flux.mat,f_all,637,1,856549880000000,
F0_D3_raw_Yee_and_flux.mat,f_all,638,1,844485797183098.62,
F0_D3_raw_Yee_and_flux.mat,f_all,639,1,832756827777777.88,
F0_D3_raw_Yee_and_flux.mat,f_all,640,1,821349200000000,
F0_D3_raw_Yee_and_flux.mat,f_all,641,1,810249886486486.38,
F0_D3_raw_Yee_and_flux.mat,f_all,642,1,799446554666666.62,
F0_D3_raw_Yee_and_flux.mat,f_all,643,1,788927521052631.62,
F0_D3_raw_Yee_and_flux.mat,f_all,644,1,778681709090909.25,
F0_D3_raw_Yee_and_flux.mat,f_all,645,1,768698610256410.38,
F0_D3_raw_Yee_and_flux.mat,f_all,646,1,758968248101265.88,
F0_D3_raw_Yee_and_flux.mat,f_all,647,1,749481145000000,
F0_D3_raw_Yee_and_flux.mat,f_all,648,1,740228291358024.62,
F0_D3_raw_Yee_and_flux.mat,f_all,649,1,731201117073170.75,
F0_D3_raw_Yee_and_flux.mat,f_all,650,1,722391465060240.88,
F0_D3_raw_Yee_and_flux.mat,f_all,651,1,713791566666666.75,
F0_D3_raw_Yee_and_flux.mat,f_all,652,1,705394018823529.5,
F0_D3_raw_Yee_and_flux.mat,f_all,653,1,697191762790697.62,
F0_D3_raw_Yee_and_flux.mat,f_all,654,1,689178064367816.12,
F0_D3_raw_Yee_and_flux.mat,f_all,655,1,681346495454545.5,
F0_D3_raw_Yee_and_flux.mat,f_all,656,1,673690916853932.62,
F0_D3_raw_Yee_and_flux.mat,f_all,657,1,666205462222222.25,
F0_D3_raw_Yee_and_flux.mat,f_all,658,1,658884523076923,
F0_D3_raw_Yee_and_flux.mat,f_all,659,1,651722734782608.62,
F0_D3_raw_Yee_and_flux.mat,f_all,660,1,644714963440860.12,
F0_D3_raw_Yee_and_flux.mat,f_all,661,1,637856293617021.25,
F0_D3_raw_Yee_and_flux.mat,f_all,662,1,631142016842105.25,
F0_D3_raw_Yee_and_flux.mat,f_all,663,1,624567620833333.38,
F0_D3_raw_Yee_and_flux.mat,f_all,664,1,618128779381443.25,
F0_D3_raw_Yee_and_flux.mat,f_all,665,1,611821342857142.88,
F0_D3_raw_Yee_and_flux.mat,f_all,666,1,605641329292929.25,
F0_D3_raw_Yee_and_flux.mat,f_all,667,1,599584916000000,
F0_D3_raw_Yee_and_flux.mat,f_all,668,1,593648431683168.25,
F0_D3_raw_Yee_and_flux.mat,f_all,669,1,587828349019607.88,
F0_D3_raw_Yee_and_flux.mat,f_all,670,1,582121277669903,
F0_D3_raw_Yee_and_flux.mat,f_all,671,1,576523957692307.62,
F0_D3_raw_Yee_and_flux.mat,f_all,672,1,571033253333333.38,
F0_D3_raw_Yee_and_flux.mat,f_all,673,1,565646147169811.38,
F0_D3_raw_Yee_and_flux.mat,f_all,674,1,560359734579439.31,
F0_D3_raw_Yee_and_flux.mat,f_all,675,1,555171218518518.44,
F0_D3_raw_Yee_and_flux.mat,f_all,676,1,550077904587156,
F0_D3_raw_Yee_and_flux.mat,f_all,677,1,545077196363636.38,
F0_D3_raw_Yee_and_flux.mat,f_all,678,1,540166590990991,
F0_D3_raw_Yee_and_flux.mat,f_all,679,1,535343675000000.06,
F0_D3_raw_Yee_and_flux.mat,f_all,680,1,530606120353982.31,
F0_D3_raw_Yee_and_flux.mat,f_all,681,1,525951680701754.31,
F0_D3_raw_Yee_and_flux.mat,f_all,682,1,521378187826086.94,
F0_D3_raw_Yee_and_flux.mat,f_all,683,1,516883548275862.12,
F0_D3_raw_Yee_and_flux.mat,f_all,684,1,512465740170940.12,
F0_D3_raw_Yee_and_flux.mat,f_all,685,1,508122810169491.44,
F0_D3_raw_Yee_and_flux.mat,f_all,686,1,503852870588235.31,
F0_D3_raw_Yee_and_flux.mat,f_all,687,1,499654096666666.69,
F0_D3_raw_Yee_and_flux.mat,f_all,688,1,495524723966942.19,
F0_D3_raw_Yee_and_flux.mat,f_all,689,1,491463045901639.38,
F0_D3_raw_Yee_and_flux.mat,f_all,690,1,487467411382113.75,
F0_D3_raw_Yee_and_flux.mat,f_all,691,1,483536222580645.19,
F0_D3_raw_Yee_and_flux.mat,f_all,692,1,479667932800000.06,
F0_D3_raw_Yee_and_flux.mat,f_all,693,1,475861044444444.44,
F0_D3_raw_Yee_and_flux.mat,f_all,694,1,472114107086614.12,
F0_D3_raw_Yee_and_flux.mat,f_all,695,1,468425715625000,
F0_D3_raw_Yee_and_flux.mat,f_all,696,1,464794508527131.81,
F0_D3_raw_Yee_and_flux.mat,f_all,697,1,461219166153846.25,
F0_D3_raw_Yee_and_flux.mat,f_all,698,1,457698409160305.31,
F0_D3_raw_Yee_and_flux.mat,f_all,699,1,454230996969696.94,
F0_D3_raw_Yee_and_flux.mat,f_all,700,1,450815726315789.5,
F0_D3_raw_Yee_and_flux.mat,f_all,701,1,447451429850746.31,
F0_D3_raw_Yee_and_flux.mat,f_all,702,1,444136974814814.81,
F0_D3_raw_Yee_and_flux.mat,f_all,703,1,440871261764705.88,
F0_D3_raw_Yee_and_flux.mat,f_all,704,1,437653223357664.19,
F0_D3_raw_Yee_and_flux.mat,f_all,705,1,434481823188405.81,
F0_D3_raw_Yee_and_flux.mat,f_all,706,1,431356054676259,
F0_D3_raw_Yee_and_flux.mat,f_all,707,1,428274940000000,
F0_D3_raw_Yee_and_flux.mat,f_all,708,1,425237529078014.12,
F0_D3_raw_Yee_and_flux.mat,f_all,709,1,422242898591549.31,
F0_D3_raw_Yee_and_flux.mat,f_all,710,1,419290151048951.12,
F0_D3_raw_Yee_and_flux.mat,f_all,711,1,416378413888888.94,
F0_D3_raw_Yee_and_flux.mat,f_all,712,1,413506838620689.62,
F0_D3_raw_Yee_and_flux.mat,f_all,713,1,410674600000000,
F0_D3_raw_Yee_and_flux.mat,f_all,714,1,407880895238095.31,
F0_D3_raw_Yee_and_flux.mat,f_all,715,1,405124943243243.19,
F0_D3_raw_Yee_and_flux.mat,f_all,716,1,402405983892617.44,
F0_D3_raw_Yee_and_flux.mat,f_all,717,1,399723277333333.31,
F0_D3_raw_Yee_and_flux.mat,f_all,718,1,397076103311258.25,
F0_D3_raw_Yee_and_flux.mat,f_all,719,1,394463760526315.81,
F0_D3_raw_Yee_and_flux.mat,f_all,720,1,391885566013071.88,
F0_D3_raw_Yee_and_flux.mat,f_all,721,1,389340854545454.56,
F0_D3_raw_Yee_and_flux.mat,f_all,722,1,386828978064516.12,
F0_D3_raw_Yee_and_flux.mat,f_all,723,1,384349305128205.19,
F0_D3_raw_Yee_and_flux.mat,f_all,724,1,381901220382165.62,
F0_D3_raw_Yee_and_flux.mat,f_all,725,1,379484124050632.88,
F0_D3_raw_Yee_and_flux.mat,f_all,726,1,377097431446540.88,
F0_D3_raw_Yee_and_flux.mat,f_all,727,1,374740572500000,
F0_D3_raw_Yee_and_flux.mat,source_z,0,1,-1.0849999999999999e-05,
F0_D3_raw_Yee_and_flux.mat,z,0,1,-1.0441912672538744e-05,
F0_D3_raw_Yee_and_flux.mat,z,1,1,-1.0416696566512107e-05,
F0_D3_raw_Yee_and_flux.mat,z,2,1,-1.0391560556858383e-05,
F0_D3_raw_Yee_and_flux.mat,z,3,1,-1.0366504389159664e-05,
F0_D3_raw_Yee_and_flux.mat,z,4,1,-1.0341527809806174e-05,
F0_D3_raw_Yee_and_flux.mat,z,5,1,-1.0316630565993703e-05,
F0_D3_raw_Yee_and_flux.mat,z,6,1,-1.0291812405721045e-05,
F0_D3_raw_Yee_and_flux.mat,z,7,1,-1.0267073077787453e-05,
F0_D3_raw_Yee_and_flux.mat,z,8,1,-1.0242412331790095e-05,
F0_D3_raw_Yee_and_flux.mat,z,9,1,-1.0217829918121512e-05,
F0_D3_raw_Yee_and_flux.mat,z,10,1,-1.0193325587967102e-05,
F0_D3_raw_Yee_and_flux.mat,z,11,1,-1.0168899093302594e-05,
F0_D3_raw_Yee_and_flux.mat,z,12,1,-1.0144550186891544e-05,
F0_D3_raw_Yee_and_flux.mat,z,13,1,-1.0120278622282828e-05,
F0_D3_raw_Yee_and_flux.mat,z,14,1,-1.0096084153808148e-05,
F0_D3_raw_Yee_and_flux.mat,z,15,1,-1.0071966536579546e-05,
F0_D3_raw_Yee_and_flux.mat,z,16,1,-1.0047925526486926e-05,
F0_D3_raw_Yee_and_flux.mat,z,17,1,-1.0023960880195583e-05,
F0_D3_raw_Yee_and_flux.mat,z,18,1,-9.9999999999999839e-06,
F0_D3_raw_Yee_and_flux.mat,z,19,1,-9.9760391198044018e-06,
F0_D3_raw_Yee_and_flux.mat,z,20,1,-9.9520782396088027e-06,
F0_D3_raw_Yee_and_flux.mat,z,21,1,-9.9281173594132037e-06,
F0_D3_raw_Yee_and_flux.mat,z,22,1,-9.9041564792176046e-06,
F0_D3_raw_Yee_and_flux.mat,z,23,1,-9.8801955990220056e-06,
F0_D3_raw_Yee_and_flux.mat,z,24,1,-9.8562347188264065e-06,
F0_D3_raw_Yee_and_flux.mat,z,25,1,-9.8322738386308075e-06,
F0_D3_raw_Yee_and_flux.mat,z,26,1,-9.8083129584352085e-06,
F0_D3_raw_Yee_and_flux.mat,z,27,1,-9.7843520782396094e-06,
F0_D3_raw_Yee_and_flux.mat,z,28,1,-9.7603911980440104e-06,
F0_D3_raw_Yee_and_flux.mat,z,29,1,-9.7364303178484113e-06,
F0_D3_raw_Yee_and_flux.mat,z,30,1,-9.7124694376528123e-06,
F0_D3_raw_Yee_and_flux.mat,z,31,1,-9.6885085574572132e-06,
F0_D3_raw_Yee_and_flux.mat,z,32,1,-9.6645476772616142e-06,
F0_D3_raw_Yee_and_flux.mat,z,33,1,-9.6405867970660151e-06,
F0_D3_raw_Yee_and_flux.mat,z,34,1,-9.6166259168704161e-06,
F0_D3_raw_Yee_and_flux.mat,z,35,1,-9.592665036674817e-06,
F0_D3_raw_Yee_and_flux.mat,z,36,1,-9.568704156479218e-06,
F0_D3_raw_Yee_and_flux.mat,z,37,1,-9.544743276283619e-06,
F0_D3_raw_Yee_and_flux.mat,z,38,1,-9.5207823960880199e-06,
F0_D3_raw_Yee_and_flux.mat,z,39,1,-9.4968215158924209e-06,
F0_D3_raw_Yee_and_flux.mat,z,40,1,-9.4728606356968218e-06,
F0_D3_raw_Yee_and_flux.mat,z,41,1,-9.4488997555012228e-06,
F0_D3_raw_Yee_and_flux.mat,z,42,1,-9.4249388753056237e-06,
F0_D3_raw_Yee_and_flux.mat,z,43,1,-9.4009779951100247e-06,
F0_D3_raw_Yee_and_flux.mat,z,44,1,-9.3770171149144256e-06,
F0_D3_raw_Yee_and_flux.mat,z,45,1,-9.3530562347188266e-06,
F0_D3_raw_Yee_and_flux.mat,z,46,1,-9.3290953545232276e-06,
F0_D3_raw_Yee_and_flux.mat,z,47,1,-9.3051344743276285e-06,
F0_D3_raw_Yee_and_flux.mat,z,48,1,-9.2811735941320295e-06,
F0_D3_raw_Yee_and_flux.mat,z,49,1,-9.2572127139364304e-06,
F0_D3_raw_Yee_and_flux.mat,z,50,1,-9.2332518337408314e-06,
F0_D3_raw_Yee_and_flux.mat,z,51,1,-9.2092909535452323e-06,
F0_D3_raw_Yee_and_flux.mat,z,52,1,-9.1853300733496333e-06,
F0_D3_raw_Yee_and_flux.mat,z,53,1,-9.1613691931540342e-06,
F0_D3_raw_Yee_and_flux.mat,z,54,1,-9.1374083129584352e-06,
F0_D3_raw_Yee_and_flux.mat,z,55,1,-9.1134474327628361e-06,
F0_D3_raw_Yee_and_flux.mat,z,56,1,-9.0894865525672371e-06,
F0_D3_raw_Yee_and_flux.mat,z,57,1,-9.0655256723716381e-06,
F0_D3_raw_Yee_and_flux.mat,z,58,1,-9.041564792176039e-06,
F0_D3_raw_Yee_and_flux.mat,z,59,1,-9.01760391198044e-06,
F0_D3_raw_Yee_and_flux.mat,z,60,1,-8.9936430317848409e-06,
F0_D3_raw_Yee_and_flux.mat,z,61,1,-8.9696821515892419e-06,
F0_D3_raw_Yee_and_flux.mat,z,62,1,-8.9457212713936428e-06,
F0_D3_raw_Yee_and_flux.mat,z,63,1,-8.9217603911980438e-06,
F0_D3_raw_Yee_and_flux.mat,z,64,1,-8.8977995110024447e-06,
F0_D3_raw_Yee_and_flux.mat,z,65,1,-8.8738386308068457e-06,
F0_D3_raw_Yee_and_flux.mat,z,66,1,-8.8498777506112466e-06,
F0_D3_raw_Yee_and_flux.mat,z,67,1,-8.8259168704156476e-06,
F0_D3_raw_Yee_and_flux.mat,z,68,1,-8.8019559902200486e-06,
F0_D3_raw_Yee_and_flux.mat,z,69,1,-8.7779951100244495e-06,
F0_D3_raw_Yee_and_flux.mat,z,70,1,-8.7540342298288505e-06,
F0_D3_raw_Yee_and_flux.mat,z,71,1,-8.7300733496332514e-06,
F0_D3_raw_Yee_and_flux.mat,z,72,1,-8.7061124694376524e-06,
F0_D3_raw_Yee_and_flux.mat,z,73,1,-8.6821515892420533e-06,
F0_D3_raw_Yee_and_flux.mat,z,74,1,-8.6581907090464543e-06,
F0_D3_raw_Yee_and_flux.mat,z,75,1,-8.6342298288508552e-06,
F0_D3_raw_Yee_and_flux.mat,z,76,1,-8.6102689486552562e-06,
F0_D3_raw_Yee_and_flux.mat,z,77,1,-8.5863080684596571e-06,
F0_D3_raw_Yee_and_flux.mat,z,78,1,-8.5623471882640581e-06,
F0_D3_raw_Yee_and_flux.mat,z,79,1,-8.5383863080684591e-06,
F0_D3_raw_Yee_and_flux.mat,z,80,1,-8.51442542787286e-06,
F0_D3_raw_Yee_and_flux.mat,z,81,1,-8.490464547677261e-06,
F0_D3_raw_Yee_and_flux.mat,z,82,1,-8.4665036674816619e-06,
F0_D3_raw_Yee_and_flux.mat,z,83,1,-8.4425427872860629e-06,
F0_D3_raw_Yee_and_flux.mat,z,84,1,-8.4185819070904638e-06,
F0_D3_raw_Yee_and_flux.mat,z,85,1,-8.3946210268948648e-06,
F0_D3_raw_Yee_and_flux.mat,z,86,1,-8.3706601466992657e-06,
F0_D3_raw_Yee_and_flux.mat,z,87,1,-8.3466992665036667e-06,
F0_D3_raw_Yee_and_flux.mat,z,88,1,-8.3227383863080677e-06,
F0_D3_raw_Yee_and_flux.mat,z,89,1,-8.2987775061124686e-06,
F0_D3_raw_Yee_and_flux.mat,z,90,1,-8.2748166259168696e-06,
F0_D3_raw_Yee_and_flux.mat,z,91,1,-8.2508557457212705e-06,
F0_D3_raw_Yee_and_flux.mat,z,92,1,-8.2268948655256715e-06,
F0_D3_raw_Yee_and_flux.mat,z,93,1,-8.2029339853300724e-06,
F0_D3_raw_Yee_and_flux.mat,z,94,1,-8.1789731051344734e-06,
F0_D3_raw_Yee_and_flux.mat,z,95,1,-8.1550122249388743e-06,
F0_D3_raw_Yee_and_flux.mat,z,96,1,-8.1310513447432753e-06,
F0_D3_raw_Yee_and_flux.mat,z,97,1,-8.1070904645476762e-06,
F0_D3_raw_Yee_and_flux.mat,z,98,1,-8.0831295843520772e-06,
F0_D3_raw_Yee_and_flux.mat,z,99,1,-8.0591687041564782e-06,
F0_D3_raw_Yee_and_flux.mat,z,100,1,-8.0352078239608791e-06,
F0_D3_raw_Yee_and_flux.mat,z,101,1,-8.0112469437652801e-06,
F0_D3_raw_Yee_and_flux.mat,z,102,1,-7.987286063569681e-06,
F0_D3_raw_Yee_and_flux.mat,z,103,1,-7.963325183374082e-06,
F0_D3_raw_Yee_and_flux.mat,z,104,1,-7.9393643031784829e-06,
F0_D3_raw_Yee_and_flux.mat,z,105,1,-7.9154034229828839e-06,
F0_D3_raw_Yee_and_flux.mat,z,106,1,-7.8914425427872848e-06,
F0_D3_raw_Yee_and_flux.mat,z,107,1,-7.8674816625916858e-06,
F0_D3_raw_Yee_and_flux.mat,z,108,1,-7.8435207823960867e-06,
F0_D3_raw_Yee_and_flux.mat,z,109,1,-7.8195599022004877e-06,
F0_D3_raw_Yee_and_flux.mat,z,110,1,-7.7955990220048887e-06,
F0_D3_raw_Yee_and_flux.mat,z,111,1,-7.7716381418092896e-06,
F0_D3_raw_Yee_and_flux.mat,z,112,1,-7.7476772616136906e-06,
F0_D3_raw_Yee_and_flux.mat,z,113,1,-7.7237163814180915e-06,
F0_D3_raw_Yee_and_flux.mat,z,114,1,-7.6997555012224925e-06,
F0_D3_raw_Yee_and_flux.mat,z,115,1,-7.6757946210268934e-06,
F0_D3_raw_Yee_and_flux.mat,z,116,1,-7.6518337408312944e-06,
F0_D3_raw_Yee_and_flux.mat,z,117,1,-7.6278728606356953e-06,
F0_D3_raw_Yee_and_flux.mat,z,118,1,-7.6039119804400963e-06,
F0_D3_raw_Yee_and_flux.mat,z,119,1,-7.5799511002444972e-06,
F0_D3_raw_Yee_and_flux.mat,z,120,1,-7.5559902200488982e-06,
F0_D3_raw_Yee_and_flux.mat,z,121,1,-7.5320293398532992e-06,
F0_D3_raw_Yee_and_flux.mat,z,122,1,-7.5080684596577001e-06,
F0_D3_raw_Yee_and_flux.mat,z,123,1,-7.4841075794621011e-06,
F0_D3_raw_Yee_and_flux.mat,z,124,1,-7.460146699266502e-06,
F0_D3_raw_Yee_and_flux.mat,z,125,1,-7.436185819070903e-06,
F0_D3_raw_Yee_and_flux.mat,z,126,1,-7.4122249388753039e-06,
F0_D3_raw_Yee_and_flux.mat,z,127,1,-7.3882640586797049e-06,
F0_D3_raw_Yee_and_flux.mat,z,128,1,-7.3643031784841058e-06,
F0_D3_raw_Yee_and_flux.mat,z,129,1,-7.3403422982885068e-06,
F0_D3_raw_Yee_and_flux.mat,z,130,1,-7.3163814180929077e-06,
F0_D3_raw_Yee_and_flux.mat,z,131,1,-7.2924205378973087e-06,
F0_D3_raw_Yee_and_flux.mat,z,132,1,-7.2684596577017097e-06,
F0_D3_raw_Yee_and_flux.mat,z,133,1,-7.2444987775061106e-06,
F0_D3_raw_Yee_and_flux.mat,z,134,1,-7.2205378973105116e-06,
F0_D3_raw_Yee_and_flux.mat,z,135,1,-7.1965770171149125e-06,
F0_D3_raw_Yee_and_flux.mat,z,136,1,-7.1726161369193135e-06,
F0_D3_raw_Yee_and_flux.mat,z,137,1,-7.1486552567237144e-06,
F0_D3_raw_Yee_and_flux.mat,z,138,1,-7.1246943765281154e-06,
F0_D3_raw_Yee_and_flux.mat,z,139,1,-7.1007334963325163e-06,
F0_D3_raw_Yee_and_flux.mat,z,140,1,-7.0767726161369173e-06,
F0_D3_raw_Yee_and_flux.mat,z,141,1,-7.0528117359413183e-06,
F0_D3_raw_Yee_and_flux.mat,z,142,1,-7.0288508557457192e-06,
F0_D3_raw_Yee_and_flux.mat,z,143,1,-7.0048899755501202e-06,
F0_D3_raw_Yee_and_flux.mat,z,144,1,-6.9809290953545211e-06,
F0_D3_raw_Yee_and_flux.mat,z,145,1,-6.9569682151589221e-06,
F0_D3_raw_Yee_and_flux.mat,z,146,1,-6.933007334963323e-06,
F0_D3_raw_Yee_and_flux.mat,z,147,1,-6.909046454767724e-06,
F0_D3_raw_Yee_and_flux.mat,z,148,1,-6.8850855745721249e-06,
F0_D3_raw_Yee_and_flux.mat,z,149,1,-6.8611246943765259e-06,
F0_D3_raw_Yee_and_flux.mat,z,150,1,-6.8371638141809268e-06,
F0_D3_raw_Yee_and_flux.mat,z,151,1,-6.8132029339853278e-06,
F0_D3_raw_Yee_and_flux.mat,z,152,1,-6.7892420537897288e-06,
F0_D3_raw_Yee_and_flux.mat,z,153,1,-6.7652811735941297e-06,
F0_D3_raw_Yee_and_flux.mat,z,154,1,-6.7413202933985307e-06,
F0_D3_raw_Yee_and_flux.mat,z,155,1,-6.7173594132029316e-06,
F0_D3_raw_Yee_and_flux.mat,z,156,1,-6.6933985330073326e-06,
F0_D3_raw_Yee_and_flux.mat,z,157,1,-6.6694376528117335e-06,
F0_D3_raw_Yee_and_flux.mat,z,158,1,-6.6454767726161345e-06,
F0_D3_raw_Yee_and_flux.mat,z,159,1,-6.6215158924205354e-06,
F0_D3_raw_Yee_and_flux.mat,z,160,1,-6.5975550122249364e-06,
F0_D3_raw_Yee_and_flux.mat,z,161,1,-6.5735941320293373e-06,
F0_D3_raw_Yee_and_flux.mat,z,162,1,-6.5496332518337383e-06,
F0_D3_raw_Yee_and_flux.mat,z,163,1,-6.5256723716381393e-06,
F0_D3_raw_Yee_and_flux.mat,z,164,1,-6.5017114914425402e-06,
F0_D3_raw_Yee_and_flux.mat,z,165,1,-6.4777506112469412e-06,
F0_D3_raw_Yee_and_flux.mat,z,166,1,-6.4537897310513421e-06,
F0_D3_raw_Yee_and_flux.mat,z,167,1,-6.4298288508557431e-06,
F0_D3_raw_Yee_and_flux.mat,z,168,1,-6.405867970660144e-06,
F0_D3_raw_Yee_and_flux.mat,z,169,1,-6.381907090464545e-06,
F0_D3_raw_Yee_and_flux.mat,z,170,1,-6.3579462102689459e-06,
F0_D3_raw_Yee_and_flux.mat,z,171,1,-6.3339853300733469e-06,
F0_D3_raw_Yee_and_flux.mat,z,172,1,-6.3100244498777478e-06,
F0_D3_raw_Yee_and_flux.mat,z,173,1,-6.2860635696821488e-06,
F0_D3_raw_Yee_and_flux.mat,z,174,1,-6.2621026894865498e-06,
F0_D3_raw_Yee_and_flux.mat,z,175,1,-6.2381418092909507e-06,
F0_D3_raw_Yee_and_flux.mat,z,176,1,-6.2141809290953517e-06,
F0_D3_raw_Yee_and_flux.mat,z,177,1,-6.1902200488997526e-06,
F0_D3_raw_Yee_and_flux.mat,z,178,1,-6.1662591687041536e-06,
F0_D3_raw_Yee_and_flux.mat,z,179,1,-6.1422982885085545e-06,
F0_D3_raw_Yee_and_flux.mat,z,180,1,-6.1183374083129555e-06,
F0_D3_raw_Yee_and_flux.mat,z,181,1,-6.0943765281173564e-06,
F0_D3_raw_Yee_and_flux.mat,z,182,1,-6.0704156479217574e-06,
F0_D3_raw_Yee_and_flux.mat,z,183,1,-6.0464547677261584e-06,
F0_D3_raw_Yee_and_flux.mat,z,184,1,-6.0224938875305593e-06,
F0_D3_raw_Yee_and_flux.mat,z,185,1,-5.9985330073349603e-06,
F0_D3_raw_Yee_and_flux.mat,z,186,1,-5.9745721271393612e-06,
F0_D3_raw_Yee_and_flux.mat,z,187,1,-5.9506112469437622e-06,
F0_D3_raw_Yee_and_flux.mat,z,188,1,-5.9266503667481631e-06,
F0_D3_raw_Yee_and_flux.mat,z,189,1,-5.9026894865525641e-06,
F0_D3_raw_Yee_and_flux.mat,z,190,1,-5.878728606356965e-06,
F0_D3_raw_Yee_and_flux.mat,z,191,1,-5.854767726161366e-06,
F0_D3_raw_Yee_and_flux.mat,z,192,1,-5.8308068459657669e-06,
F0_D3_raw_Yee_and_flux.mat,z,193,1,-5.8068459657701679e-06,
F0_D3_raw_Yee_and_flux.mat,z,194,1,-5.7828850855745689e-06,
F0_D3_raw_Yee_and_flux.mat,z,195,1,-5.7589242053789698e-06,
F0_D3_raw_Yee_and_flux.mat,z,196,1,-5.7349633251833708e-06,
F0_D3_raw_Yee_and_flux.mat,z,197,1,-5.7110024449877717e-06,
F0_D3_raw_Yee_and_flux.mat,z,198,1,-5.6870415647921727e-06,
F0_D3_raw_Yee_and_flux.mat,z,199,1,-5.6630806845965736e-06,
F0_D3_raw_Yee_and_flux.mat,z,200,1,-5.6391198044009746e-06,
F0_D3_raw_Yee_and_flux.mat,z,201,1,-5.6151589242053755e-06,
F0_D3_raw_Yee_and_flux.mat,z,202,1,-5.5911980440097765e-06,
F0_D3_raw_Yee_and_flux.mat,z,203,1,-5.5672371638141774e-06,
F0_D3_raw_Yee_and_flux.mat,z,204,1,-5.5432762836185784e-06,
F0_D3_raw_Yee_and_flux.mat,z,205,1,-5.5193154034229794e-06,
F0_D3_raw_Yee_and_flux.mat,z,206,1,-5.4953545232273803e-06,
F0_D3_raw_Yee_and_flux.mat,z,207,1,-5.4713936430317813e-06,
F0_D3_raw_Yee_and_flux.mat,z,208,1,-5.4474327628361822e-06,
F0_D3_raw_Yee_and_flux.mat,z,209,1,-5.4234718826405832e-06,
F0_D3_raw_Yee_and_flux.mat,z,210,1,-5.3995110024449841e-06,
F0_D3_raw_Yee_and_flux.mat,z,211,1,-5.3755501222493851e-06,
F0_D3_raw_Yee_and_flux.mat,z,212,1,-5.351589242053786e-06,
F0_D3_raw_Yee_and_flux.mat,z,213,1,-5.327628361858187e-06,
F0_D3_raw_Yee_and_flux.mat,z,214,1,-5.3036674816625879e-06,
F0_D3_raw_Yee_and_flux.mat,z,215,1,-5.2797066014669889e-06,
F0_D3_raw_Yee_and_flux.mat,z,216,1,-5.2557457212713899e-06,
F0_D3_raw_Yee_and_flux.mat,z,217,1,-5.2317848410757908e-06,
F0_D3_raw_Yee_and_flux.mat,z,218,1,-5.2078239608801918e-06,
F0_D3_raw_Yee_and_flux.mat,z,219,1,-5.1838630806845927e-06,
F0_D3_raw_Yee_and_flux.mat,z,220,1,-5.1599022004889937e-06,
F0_D3_raw_Yee_and_flux.mat,z,221,1,-5.1359413202933946e-06,
F0_D3_raw_Yee_and_flux.mat,z,222,1,-5.1119804400977956e-06,
F0_D3_raw_Yee_and_flux.mat,z,223,1,-5.0880195599021965e-06,
F0_D3_raw_Yee_and_flux.mat,z,224,1,-5.0640586797065975e-06,
F0_D3_raw_Yee_and_flux.mat,z,225,1,-5.0400977995109985e-06,
F0_D3_raw_Yee_and_flux.mat,z,226,1,-5.0161369193153994e-06,
F0_D3_raw_Yee_and_flux.mat,z,227,1,-4.9921760391198004e-06,
F0_D3_raw_Yee_and_flux.mat,z,228,1,-4.9682151589242013e-06,
F0_D3_raw_Yee_and_flux.mat,z,229,1,-4.9442542787286023e-06,
F0_D3_raw_Yee_and_flux.mat,z,230,1,-4.9202933985330032e-06,
F0_D3_raw_Yee_and_flux.mat,z,231,1,-4.8963325183374042e-06,
F0_D3_raw_Yee_and_flux.mat,z,232,1,-4.8723716381418051e-06,
F0_D3_raw_Yee_and_flux.mat,z,233,1,-4.8484107579462061e-06,
F0_D3_raw_Yee_and_flux.mat,z,234,1,-4.824449877750607e-06,
F0_D3_raw_Yee_and_flux.mat,z,235,1,-4.800488997555008e-06,
F0_D3_raw_Yee_and_flux.mat,z,236,1,-4.776528117359409e-06,
F0_D3_raw_Yee_and_flux.mat,z,237,1,-4.7525672371638099e-06,
F0_D3_raw_Yee_and_flux.mat,z,238,1,-4.7286063569682109e-06,
F0_D3_raw_Yee_and_flux.mat,z,239,1,-4.7046454767726118e-06,
F0_D3_raw_Yee_and_flux.mat,z,240,1,-4.6806845965770128e-06,
F0_D3_raw_Yee_and_flux.mat,z,241,1,-4.6567237163814137e-06,
F0_D3_raw_Yee_and_flux.mat,z,242,1,-4.6327628361858147e-06,
F0_D3_raw_Yee_and_flux.mat,z,243,1,-4.6088019559902156e-06,
F0_D3_raw_Yee_and_flux.mat,z,244,1,-4.5848410757946166e-06,
F0_D3_raw_Yee_and_flux.mat,z,245,1,-4.5608801955990175e-06,
F0_D3_raw_Yee_and_flux.mat,z,246,1,-4.5369193154034185e-06,
F0_D3_raw_Yee_and_flux.mat,z,247,1,-4.5129584352078195e-06,
F0_D3_raw_Yee_and_flux.mat,z,248,1,-4.4889975550122204e-06,
F0_D3_raw_Yee_and_flux.mat,z,249,1,-4.4650366748166214e-06,
F0_D3_raw_Yee_and_flux.mat,z,250,1,-4.4410757946210223e-06,
F0_D3_raw_Yee_and_flux.mat,z,251,1,-4.4171149144254233e-06,
F0_D3_raw_Yee_and_flux.mat,z,252,1,-4.3931540342298242e-06,
F0_D3_raw_Yee_and_flux.mat,z,253,1,-4.3691931540342252e-06,
F0_D3_raw_Yee_and_flux.mat,z,254,1,-4.3452322738386261e-06,
F0_D3_raw_Yee_and_flux.mat,z,255,1,-4.3212713936430271e-06,
F0_D3_raw_Yee_and_flux.mat,z,256,1,-4.297310513447428e-06,
F0_D3_raw_Yee_and_flux.mat,z,257,1,-4.273349633251829e-06,
F0_D3_raw_Yee_and_flux.mat,z,258,1,-4.24938875305623e-06,
F0_D3_raw_Yee_and_flux.mat,z,259,1,-4.2254278728606309e-06,
F0_D3_raw_Yee_and_flux.mat,z,260,1,-4.2014669926650319e-06,
F0_D3_raw_Yee_and_flux.mat,z,261,1,-4.1775061124694328e-06,
F0_D3_raw_Yee_and_flux.mat,z,262,1,-4.1535452322738338e-06,
F0_D3_raw_Yee_and_flux.mat,z,263,1,-4.1295843520782347e-06,
F0_D3_raw_Yee_and_flux.mat,z,264,1,-4.1056234718826357e-06,
F0_D3_raw_Yee_and_flux.mat,z,265,1,-4.0816625916870366e-06,
F0_D3_raw_Yee_and_flux.mat,z,266,1,-4.0577017114914376e-06,
F0_D3_raw_Yee_and_flux.mat,z,267,1,-4.0337408312958385e-06,
F0_D3_raw_Yee_and_flux.mat,z,268,1,-4.0097799511002395e-06,
F0_D3_raw_Yee_and_flux.mat,z,269,1,-3.9858190709046405e-06,
F0_D3_raw_Yee_and_flux.mat,z,270,1,-3.9618581907090414e-06,
F0_D3_raw_Yee_and_flux.mat,z,271,1,-3.9378973105134424e-06,
F0_D3_raw_Yee_and_flux.mat,z,272,1,-3.9139364303178433e-06,
F0_D3_raw_Yee_and_flux.mat,z,273,1,-3.8899755501222443e-06,
F0_D3_raw_Yee_and_flux.mat,z,274,1,-3.8660146699266452e-06,
F0_D3_raw_Yee_and_flux.mat,z,275,1,-3.8420537897310462e-06,
F0_D3_raw_Yee_and_flux.mat,z,276,1,-3.8180929095354471e-06,
F0_D3_raw_Yee_and_flux.mat,z,277,1,-3.7941320293398481e-06,
F0_D3_raw_Yee_and_flux.mat,z,278,1,-3.7701711491442491e-06,
F0_D3_raw_Yee_and_flux.mat,z,279,1,-3.74621026894865e-06,
F0_D3_raw_Yee_and_flux.mat,z,280,1,-3.722249388753051e-06,
F0_D3_raw_Yee_and_flux.mat,z,281,1,-3.6982885085574519e-06,
F0_D3_raw_Yee_and_flux.mat,z,282,1,-3.6743276283618529e-06,
F0_D3_raw_Yee_and_flux.mat,z,283,1,-3.6503667481662538e-06,
F0_D3_raw_Yee_and_flux.mat,z,284,1,-3.6264058679706548e-06,
F0_D3_raw_Yee_and_flux.mat,z,285,1,-3.6024449877750557e-06,
F0_D3_raw_Yee_and_flux.mat,z,286,1,-3.5784841075794567e-06,
F0_D3_raw_Yee_and_flux.mat,z,287,1,-3.5545232273838576e-06,
F0_D3_raw_Yee_and_flux.mat,z,288,1,-3.5305623471882586e-06,
F0_D3_raw_Yee_and_flux.mat,z,289,1,-3.5066014669926596e-06,
F0_D3_raw_Yee_and_flux.mat,z,290,1,-3.4826405867970605e-06,
F0_D3_raw_Yee_and_flux.mat,z,291,1,-3.4586797066014615e-06,
F0_D3_raw_Yee_and_flux.mat,z,292,1,-3.4347188264058624e-06,
F0_D3_raw_Yee_and_flux.mat,z,293,1,-3.4107579462102634e-06,
F0_D3_raw_Yee_and_flux.mat,z,294,1,-3.3867970660146643e-06,
F0_D3_raw_Yee_and_flux.mat,z,295,1,-3.3628361858190653e-06,
F0_D3_raw_Yee_and_flux.mat,z,296,1,-3.3388753056234662e-06,
F0_D3_raw_Yee_and_flux.mat,z,297,1,-3.3149144254278672e-06,
F0_D3_raw_Yee_and_flux.mat,z,298,1,-3.2909535452322681e-06,
F0_D3_raw_Yee_and_flux.mat,z,299,1,-3.2669926650366691e-06,
F0_D3_raw_Yee_and_flux.mat,z,300,1,-3.2430317848410701e-06,
F0_D3_raw_Yee_and_flux.mat,z,301,1,-3.219070904645471e-06,
F0_D3_raw_Yee_and_flux.mat,z,302,1,-3.195110024449872e-06,
F0_D3_raw_Yee_and_flux.mat,z,303,1,-3.1711491442542729e-06,
F0_D3_raw_Yee_and_flux.mat,z,304,1,-3.1471882640586739e-06,
F0_D3_raw_Yee_and_flux.mat,z,305,1,-3.1232273838630748e-06,
F0_D3_raw_Yee_and_flux.mat,z,306,1,-3.0992665036674758e-06,
F0_D3_raw_Yee_and_flux.mat,z,307,1,-3.0753056234718767e-06,
F0_D3_raw_Yee_and_flux.mat,z,308,1,-3.0513447432762777e-06,
F0_D3_raw_Yee_and_flux.mat,z,309,1,-3.0273838630806786e-06,
F0_D3_raw_Yee_and_flux.mat,z,310,1,-3.0034229828850796e-06,
F0_D3_raw_Yee_and_flux.mat,z,311,1,-2.9794621026894806e-06,
F0_D3_raw_Yee_and_flux.mat,z,312,1,-2.9555012224938815e-06,
F0_D3_raw_Yee_and_flux.mat,z,313,1,-2.9315403422982825e-06,
F0_D3_raw_Yee_and_flux.mat,z,314,1,-2.9075794621026834e-06,
F0_D3_raw_Yee_and_flux.mat,z,315,1,-2.8836185819070844e-06,
F0_D3_raw_Yee_and_flux.mat,z,316,1,-2.8596577017114853e-06,
F0_D3_raw_Yee_and_flux.mat,z,317,1,-2.8356968215158863e-06,
F0_D3_raw_Yee_and_flux.mat,z,318,1,-2.8117359413202872e-06,
F0_D3_raw_Yee_and_flux.mat,z,319,1,-2.7877750611246882e-06,
F0_D3_raw_Yee_and_flux.mat,z,320,1,-2.7638141809290892e-06,
F0_D3_raw_Yee_and_flux.mat,z,321,1,-2.7398533007334901e-06,
F0_D3_raw_Yee_and_flux.mat,z,322,1,-2.7158924205378911e-06,
F0_D3_raw_Yee_and_flux.mat,z,323,1,-2.691931540342292e-06,
F0_D3_raw_Yee_and_flux.mat,z,324,1,-2.667970660146693e-06,
F0_D3_raw_Yee_and_flux.mat,z,325,1,-2.6440097799510939e-06,
F0_D3_raw_Yee_and_flux.mat,z,326,1,-2.6200488997554949e-06,
F0_D3_raw_Yee_and_flux.mat,z,327,1,-2.5960880195598958e-06,
F0_D3_raw_Yee_and_flux.mat,z,328,1,-2.5721271393642968e-06,
F0_D3_raw_Yee_and_flux.mat,z,329,1,-2.5481662591686977e-06,
F0_D3_raw_Yee_and_flux.mat,z,330,1,-2.5242053789730987e-06,
F0_D3_raw_Yee_and_flux.mat,z,331,1,-2.5002444987774997e-06,
F0_D3_raw_Yee_and_flux.mat,z,332,1,-2.4762836185819006e-06,
F0_D3_raw_Yee_and_flux.mat,z,333,1,-2.4523227383863016e-06,
F0_D3_raw_Yee_and_flux.mat,z,334,1,-2.4283618581907025e-06,
F0_D3_raw_Yee_and_flux.mat,z,335,1,-2.4044009779951035e-06,
F0_D3_raw_Yee_and_flux.mat,z,336,1,-2.3804400977995044e-06,
F0_D3_raw_Yee_and_flux.mat,z,337,1,-2.3564792176039054e-06,
F0_D3_raw_Yee_and_flux.mat,z,338,1,-2.3325183374083063e-06,
F0_D3_raw_Yee_and_flux.mat,z,339,1,-2.3085574572127073e-06,
F0_D3_raw_Yee_and_flux.mat,z,340,1,-2.2845965770171082e-06,
F0_D3_raw_Yee_and_flux.mat,z,341,1,-2.2606356968215092e-06,
F0_D3_raw_Yee_and_flux.mat,z,342,1,-2.2366748166259102e-06,
F0_D3_raw_Yee_and_flux.mat,z,343,1,-2.2127139364303111e-06,
F0_D3_raw_Yee_and_flux.mat,z,344,1,-2.1887530562347121e-06,
F0_D3_raw_Yee_and_flux.mat,z,345,1,-2.164792176039113e-06,
F0_D3_raw_Yee_and_flux.mat,z,346,1,-2.140831295843514e-06,
F0_D3_raw_Yee_and_flux.mat,z,347,1,-2.1168704156479149e-06,
F0_D3_raw_Yee_and_flux.mat,z,348,1,-2.0929095354523159e-06,
F0_D3_raw_Yee_and_flux.mat,z,349,1,-2.0689486552567168e-06,
F0_D3_raw_Yee_and_flux.mat,z,350,1,-2.0449877750611178e-06,
F0_D3_raw_Yee_and_flux.mat,z,351,1,-2.0210268948655187e-06,
F0_D3_raw_Yee_and_flux.mat,z,352,1,-1.9970660146699197e-06,
F0_D3_raw_Yee_and_flux.mat,z,353,1,-1.9731051344743207e-06,
F0_D3_raw_Yee_and_flux.mat,z,354,1,-1.9491442542787216e-06,
F0_D3_raw_Yee_and_flux.mat,z,355,1,-1.9251833740831226e-06,
F0_D3_raw_Yee_and_flux.mat,z,356,1,-1.9012224938875235e-06,
F0_D3_raw_Yee_and_flux.mat,z,357,1,-1.8772616136919245e-06,
F0_D3_raw_Yee_and_flux.mat,z,358,1,-1.8533007334963254e-06,
F0_D3_raw_Yee_and_flux.mat,z,359,1,-1.8293398533007264e-06,
F0_D3_raw_Yee_and_flux.mat,z,360,1,-1.8053789731051273e-06,
F0_D3_raw_Yee_and_flux.mat,z,361,1,-1.7814180929095283e-06,
F0_D3_raw_Yee_and_flux.mat,z,362,1,-1.7574572127139293e-06,
F0_D3_raw_Yee_and_flux.mat,z,363,1,-1.7334963325183302e-06,
F0_D3_raw_Yee_and_flux.mat,z,364,1,-1.7095354523227312e-06,
F0_D3_raw_Yee_and_flux.mat,z,365,1,-1.6855745721271321e-06,
F0_D3_raw_Yee_and_flux.mat,z,366,1,-1.6616136919315331e-06,
F0_D3_raw_Yee_and_flux.mat,z,367,1,-1.637652811735934e-06,
F0_D3_raw_Yee_and_flux.mat,z,368,1,-1.613691931540335e-06,
F0_D3_raw_Yee_and_flux.mat,z,369,1,-1.5897310513447359e-06,
F0_D3_raw_Yee_and_flux.mat,z,370,1,-1.5657701711491369e-06,
F0_D3_raw_Yee_and_flux.mat,z,371,1,-1.5418092909535378e-06,
F0_D3_raw_Yee_and_flux.mat,z,372,1,-1.5178484107579388e-06,
F0_D3_raw_Yee_and_flux.mat,z,373,1,-1.4938875305623398e-06,
F0_D3_raw_Yee_and_flux.mat,z,374,1,-1.4699266503667407e-06,
F0_D3_raw_Yee_and_flux.mat,z,375,1,-1.4459657701711417e-06,
F0_D3_raw_Yee_and_flux.mat,z,376,1,-1.4220048899755426e-06,
F0_D3_raw_Yee_and_flux.mat,z,377,1,-1.3980440097799436e-06,
F0_D3_raw_Yee_and_flux.mat,z,378,1,-1.3740831295843445e-06,
F0_D3_raw_Yee_and_flux.mat,z,379,1,-1.3501222493887455e-06,
F0_D3_raw_Yee_and_flux.mat,z,380,1,-1.3261613691931464e-06,
F0_D3_raw_Yee_and_flux.mat,z,381,1,-1.3022004889975474e-06,
F0_D3_raw_Yee_and_flux.mat,z,382,1,-1.2782396088019483e-06,
F0_D3_raw_Yee_and_flux.mat,z,383,1,-1.2542787286063493e-06,
F0_D3_raw_Yee_and_flux.mat,z,384,1,-1.2303178484107503e-06,
F0_D3_raw_Yee_and_flux.mat,z,385,1,-1.2063569682151512e-06,
F0_D3_raw_Yee_and_flux.mat,z,386,1,-1.1823960880195522e-06,
F0_D3_raw_Yee_and_flux.mat,z,387,1,-1.1584352078239531e-06,
F0_D3_raw_Yee_and_flux.mat,z,388,1,-1.1344743276283541e-06,
F0_D3_raw_Yee_and_flux.mat,z,389,1,-1.110513447432755e-06,
F0_D3_raw_Yee_and_flux.mat,z,390,1,-1.086552567237156e-06,
F0_D3_raw_Yee_and_flux.mat,z,391,1,-1.0625916870415569e-06,
F0_D3_raw_Yee_and_flux.mat,z,392,1,-1.0386308068459579e-06,
F0_D3_raw_Yee_and_flux.mat,z,393,1,-1.0146699266503588e-06,
F0_D3_raw_Yee_and_flux.mat,z,394,1,-9.907090464547598e-07,
F0_D3_raw_Yee_and_flux.mat,z,395,1,-9.6674816625916076e-07,
F0_D3_raw_Yee_and_flux.mat,z,396,1,-9.4278728606356171e-07,
F0_D3_raw_Yee_and_flux.mat,z,397,1,-9.1882640586796267e-07,
F0_D3_raw_Yee_and_flux.mat,z,398,1,-8.9486552567236362e-07,
F0_D3_raw_Yee_and_flux.mat,z,399,1,-8.7090464547676458e-07,
F0_D3_raw_Yee_and_flux.mat,z,400,1,-8.4694376528116553e-07,
F0_D3_raw_Yee_and_flux.mat,z,401,1,-8.2298288508556649e-07,
F0_D3_raw_Yee_and_flux.mat,z,402,1,-7.9902200488996744e-07,
F0_D3_raw_Yee_and_flux.mat,z,403,1,-7.7506112469436839e-07,
F0_D3_raw_Yee_and_flux.mat,z,404,1,-7.5110024449876935e-07,
F0_D3_raw_Yee_and_flux.mat,z,405,1,-7.271393643031703e-07,
F0_D3_raw_Yee_and_flux.mat,z,406,1,-7.0317848410757126e-07,
F0_D3_raw_Yee_and_flux.mat,z,407,1,-6.7921760391197221e-07,
F0_D3_raw_Yee_and_flux.mat,z,408,1,-6.5525672371637317e-07,
F0_D3_raw_Yee_and_flux.mat,z,409,1,-6.3129584352077412e-07,
F0_D3_raw_Yee_and_flux.mat,z,410,1,-6.0733496332517508e-07,
F0_D3_raw_Yee_and_flux.mat,z,411,1,-5.8337408312957603e-07,
F0_D3_raw_Yee_and_flux.mat,z,412,1,-5.5941320293397699e-07,
F0_D3_raw_Yee_and_flux.mat,z,413,1,-5.3545232273837794e-07,
F0_D3_raw_Yee_and_flux.mat,z,414,1,-5.114914425427789e-07,
F0_D3_raw_Yee_and_flux.mat,z,415,1,-4.8753056234717985e-07,
F0_D3_raw_Yee_and_flux.mat,z,416,1,-4.6356968215158081e-07,
F0_D3_raw_Yee_and_flux.mat,z,417,1,-4.3960880195598176e-07,
F0_D3_raw_Yee_and_flux.mat,z,418,1,-4.1564792176038272e-07,
F0_D3_raw_Yee_and_flux.mat,z,419,1,-3.9168704156478367e-07,
F0_D3_raw_Yee_and_flux.mat,z,420,1,-3.6772616136918463e-07,
F0_D3_raw_Yee_and_flux.mat,z,421,1,-3.4376528117358558e-07,
F0_D3_raw_Yee_and_flux.mat,z,422,1,-3.1980440097798654e-07,
F0_D3_raw_Yee_and_flux.mat,z,423,1,-2.9584352078238749e-07,
F0_D3_raw_Yee_and_flux.mat,z,424,1,-2.7188264058679707e-07,
F0_D3_raw_Yee_and_flux.mat,z,425,1,-2.4989691169883664e-07,
F0_D3_raw_Yee_and_flux.mat,z,426,1,-2.3108915352647723e-07,
F0_D3_raw_Yee_and_flux.mat,z,427,1,-2.1499999999999138e-07,
F0_D3_raw_Yee_and_flux.mat,z,428,1,-1.9999999999999136e-07,
F0_D3_raw_Yee_and_flux.mat,z,429,1,-1.8499999999999998e-07,
F0_D3_raw_Yee_and_flux.mat,z,430,1,-1.6999999999999996e-07,
F0_D3_raw_Yee_and_flux.mat,z,431,1,-1.5499999999999995e-07,
F0_D3_raw_Yee_and_flux.mat,z,432,1,-1.3999999999999993e-07,
F0_D3_raw_Yee_and_flux.mat,z,433,1,-1.2499999999999991e-07,
F0_D3_raw_Yee_and_flux.mat,z,434,1,-1.0999999999999991e-07,
F0_D3_raw_Yee_and_flux.mat,z,435,1,-9.4999999999999911e-08,
F0_D3_raw_Yee_and_flux.mat,z,436,1,-7.9999999999999909e-08,
F0_D3_raw_Yee_and_flux.mat,z,437,1,-6.4999999999999907e-08,
F0_D3_raw_Yee_and_flux.mat,z,438,1,-4.9999999999999905e-08,
F0_D3_raw_Yee_and_flux.mat,z,439,1,-3.4999999999999903e-08,
F0_D3_raw_Yee_and_flux.mat,z,440,1,-1.9999999999999901e-08,
F0_D3_raw_Yee_and_flux.mat,z,441,1,-4.9999999999998992e-09,
F0_D3_raw_Yee_and_flux.mat,z,442,1,1.0000000000000103e-08,
F0_D3_raw_Yee_and_flux.mat,z,443,1,2.5000000000000105e-08,
F0_D3_raw_Yee_and_flux.mat,z,444,1,4.0000000000000107e-08,
F0_D3_raw_Yee_and_flux.mat,z,445,1,5.5000000000000109e-08,
F0_D3_raw_Yee_and_flux.mat,z,446,1,7.0000000000000111e-08,
F0_D3_raw_Yee_and_flux.mat,z,447,1,8.5000000000000113e-08,
F0_D3_raw_Yee_and_flux.mat,z,448,1,1.0000000000000011e-07,
F0_D3_raw_Yee_and_flux.mat,z,449,1,1.1500000000000012e-07,
F0_D3_raw_Yee_and_flux.mat,z,450,1,1.3000000000000013e-07,
F0_D3_raw_Yee_and_flux.mat,z,451,1,1.4500000000000015e-07,
F0_D3_raw_Yee_and_flux.mat,z,452,1,1.6000000000000016e-07,
F0_D3_raw_Yee_and_flux.mat,z,453,1,1.7500000000000018e-07,
F0_D3_raw_Yee_and_flux.mat,z,454,1,1.9000000000000019e-07,
F0_D3_raw_Yee_and_flux.mat,z,455,1,2.0500000000000021e-07,
F0_D3_raw_Yee_and_flux.mat,z,456,1,2.2000000000000022e-07,
F0_D3_raw_Yee_and_flux.mat,z,457,1,2.3500000000000024e-07,
F0_D3_raw_Yee_and_flux.mat,z,458,1,2.5000000000000025e-07,
F0_D3_raw_Yee_and_flux.mat,z,459,1,2.6500000000000027e-07,
F0_D3_raw_Yee_and_flux.mat,z,460,1,2.8000000000000028e-07,
F0_D3_raw_Yee_and_flux.mat,z,461,1,2.950000000000003e-07,
F0_D3_raw_Yee_and_flux.mat,z,462,1,3.1000000000000031e-07,
F0_D3_raw_Yee_and_flux.mat,z,463,1,3.2500000000000006e-07,
F0_D3_raw_Yee_and_flux.mat,z,464,1,3.4000000000000034e-07,
F0_D3_raw_Yee_and_flux.mat,z,465,1,3.5572393523386309e-07,
F0_D3_raw_Yee_and_flux.mat,z,466,1,3.762820512820516e-07,
F0_D3_raw_Yee_and_flux.mat,z,467,1,4.01923076923077e-07,
F0_D3_raw_Yee_and_flux.mat,z,468,1,4.2756410256410266e-07,
F0_D3_raw_Yee_and_flux.mat,z,469,1,4.5320512820512833e-07,
F0_D3_raw_Yee_and_flux.mat,z,470,1,4.7884615384615394e-07,
F0_D3_raw_Yee_and_flux.mat,z,471,1,5.0448717948717955e-07,
F0_D3_raw_Yee_and_flux.mat,z,472,1,5.3012820512820516e-07,
F0_D3_raw_Yee_and_flux.mat,z,473,1,5.5576923076923077e-07,
F0_D3_raw_Yee_and_flux.mat,z,474,1,5.8141025641025638e-07,
F0_D3_raw_Yee_and_flux.mat,zR,0,1,-1.1137931034482752e-05,
F0_D3_raw_Yee_and_flux.mat,zT,0,1,8.3782051282051248e-07,
F0_D3_raw_Yee_and_flux.mat,zbottom,0,1,-1.0341527809806174e-05,
F0_D3_raw_Yee_and_flux.mat,ztop,0,1,4.7884615384615394e-07,
