source_mat,dataset,start,count,real,imag
F0_D3_raw_coordinates.mat,delta_x,0,1,1e-08,
F0_D3_raw_coordinates.mat,delta_x_w1,0,1,9.9999999999999043e-09,
F0_D3_raw_coordinates.mat,delta_x_w2,0,1,9.9999999999999043e-09,
F0_D3_raw_coordinates.mat,delta_y,0,1,9.9926008128973694e-09,
F0_D3_raw_coordinates.mat,delta_y_w1,0,1,9.9926008128974736e-09,
F0_D3_raw_coordinates.mat,delta_y_w2,0,1,9.9926008128972618e-09,
F0_D3_raw_coordinates.mat,delta_z_w1,0,1,1.2608053013317882e-08,
F0_D3_raw_coordinates.mat,delta_z_w1,1,1,1.2568004826862629e-08,
F0_D3_raw_coordinates.mat,delta_z_w1,2,1,1.2528083849360383e-08,
F0_D3_raw_coordinates.mat,delta_z_w1,3,1,1.2488289676745935e-08,
F0_D3_raw_coordinates.mat,delta_z_w1,4,1,1.2448621906234789e-08,
F0_D3_raw_coordinates.mat,delta_z_w1,5,1,1.2409080136329941e-08,
F0_D3_raw_coordinates.mat,delta_z_w1,6,1,1.236966396679477e-08,
F0_D3_raw_coordinates.mat,delta_z_w1,7,1,1.2330372998680146e-08,
F0_D3_raw_coordinates.mat,delta_z_w1,8,1,1.2291206834290548e-08,
F0_D3_raw_coordinates.mat,delta_z_w1,9,1,1.2252165077204392e-08,
F0_D3_raw_coordinates.mat,delta_z_w1,10,1,1.2213247332253704e-08,
F0_D3_raw_coordinates.mat,delta_z_w1,11,1,1.2174453205525811e-08,
F0_D3_raw_coordinates.mat,delta_z_w1,12,1,1.2135782304358261e-08,
F0_D3_raw_coordinates.mat,delta_z_w1,13,1,1.2097234237338825e-08,
F0_D3_raw_coordinates.mat,delta_z_w1,14,1,1.2058808614302103e-08,
F0_D3_raw_coordinates.mat,delta_z_w1,15,1,1.2020505046310894e-08,
F0_D3_raw_coordinates.mat,delta_z_w1,16,1,1.1982323145671444e-08,
F0_D3_raw_coordinates.mat,delta_z_w1,17,1,1.1980440097798676e-08,
F0_D3_raw_coordinates.mat,delta_z_w1,18,1,1.1980440097790205e-08,
F0_D3_raw_coordinates.mat,delta_z_w1,19,1,1.1980440097798676e-08,
F0_D3_raw_coordinates.mat,delta_z_w1,20,1,1.198044009780037e-08,
F0_D3_raw_coordinates.mat,delta_z_w1,21,1,1.1980440097798676e-08,
F0_D3_raw_coordinates.mat,delta_z_w1,22,1,1.198044009780037e-08,
F0_D3_raw_coordinates.mat,delta_z_w1,23,1,1.1980440097798676e-08,
F0_D3_raw_coordinates.mat,delta_z_w1,24,1,1.198044009780037e-08,
F0_D3_raw_coordinates.mat,delta_z_w1,25,1,1.1980440097798676e-08,
F0_D3_raw_coordinates.mat,delta_z_w1,26,1,1.198044009780037e-08,
F0_D3_raw_coordinates.mat,delta_z_w1,27,1,1.1980440097798676e-08,
F0_D3_raw_coordinates.mat,delta_z_w1,28,1,1.198044009780037e-08,
F0_D3_raw_coordinates.mat,delta_z_w1,29,1,1.1980440097798676e-08,
F0_D3_raw_coordinates.mat,delta_z_w1,30,1,1.198044009780037e-08,
F0_D3_raw_coordinates.mat,delta_z_w1,31,1,1.1980440097798676e-08,
F0_D3_raw_coordinates.mat,delta_z_w1,32,1,1.198044009780037e-08,
F0_D3_raw_coordinates.mat,delta_z_w1,33,1,1.1980440097798676e-08,
F0_D3_raw_coordinates.mat,delta_z_w1,34,1,1.198044009780037e-08,
F0_D3_raw_coordinates.mat,delta_z_w1,35,1,1.1980440097798676e-08,
F0_D3_raw_coordinates.mat,delta_z_w1,36,1,1.198044009780037e-08,
F0_D3_raw_coordinates.mat,delta_z_w1,37,1,1.1980440097798676e-08,
F0_D3_raw_coordinates.mat,delta_z_w1,38,1,1.198044009780037e-08,
F0_D3_raw_coordinates.mat,delta_z_w1,39,1,1.1980440097798676e-08,
F0_D3_raw_coordinates.mat,delta_z_w1,40,1,1.198044009780037e-08,
F0_D3_raw_coordinates.mat,delta_z_w1,41,1,1.1980440097798676e-08,
F0_D3_raw_coordinates.mat,delta_z_w1,42,1,1.198044009780037e-08,
F0_D3_raw_coordinates.mat,delta_z_w1,43,1,1.1980440097798676e-08,
F0_D3_raw_coordinates.mat,delta_z_w1,44,1,1.198044009780037e-08,
F0_D3_raw_coordinates.mat,delta_z_w1,45,1,1.1980440097798676e-08,
F0_D3_raw_coordinates.mat,delta_z_w1,46,1,1.198044009780037e-08,
F0_D3_raw_coordinates.mat,delta_z_w1,47,1,1.1980440097798676e-08,
F0_D3_raw_coordinates.mat,delta_z_w1,48,1,1.198044009780037e-08,
F0_D3_raw_coordinates.mat,delta_z_w1,49,1,1.1980440097798676e-08,
F0_D3_raw_coordinates.mat,delta_z_w1,50,1,1.198044009780037e-08,
F0_D3_raw_coordinates.mat,delta_z_w1,51,1,1.1980440097798676e-08,
F0_D3_raw_coordinates.mat,delta_z_w1,52,1,1.198044009780037e-08,
F0_D3_raw_coordinates.mat,delta_z_w1,53,1,1.1980440097798676e-08,
F0_D3_raw_coordinates.mat,delta_z_w1,54,1,1.198044009780037e-08,
F0_D3_raw_coordinates.mat,delta_z_w1,55,1,1.1980440097798676e-08,
F0_D3_raw_coordinates.mat,delta_z_w1,56,1,1.198044009780037e-08,
F0_D3_raw_coordinates.mat,delta_z_w1,57,1,1.1980440097798676e-08,
F0_D3_raw_coordinates.mat,delta_z_w1,58,1,1.198044009780037e-08,
F0_D3_raw_coordinates.mat,delta_z_w1,59,1,1.1980440097798676e-08,
F0_D3_raw_coordinates.mat,delta_z_w1,60,1,1.198044009780037e-08,
F0_D3_raw_coordinates.mat,delta_z_w1,61,1,1.1980440097798676e-08,
F0_D3_raw_coordinates.mat,delta_z_w1,62,1,1.198044009780037e-08,
F0_D3_raw_coordinates.mat,delta_z_w1,63,1,1.1980440097798676e-08,
F0_D3_raw_coordinates.mat,delta_z_w1,64,1,1.198044009780037e-08,
F0_D3_raw_coordinates.mat,delta_z_w1,65,1,1.1980440097798676e-08,
F0_D3_raw_coordinates.mat,delta_z_w1,66,1,1.198044009780037e-08,
F0_D3_raw_coordinates.mat,delta_z_w1,67,1,1.1980440097798676e-08,
F0_D3_raw_coordinates.mat,delta_z_w1,68,1,1.198044009780037e-08,
F0_D3_raw_coordinates.mat,delta_z_w1,69,1,1.1980440097798676e-08,
F0_D3_raw_coordinates.mat,delta_z_w1,70,1,1.198044009780037e-08,
F0_D3_raw_coordinates.mat,delta_z_w1,71,1,1.1980440097798676e-08,
F0_D3_raw_coordinates.mat,delta_z_w1,72,1,1.198044009780037e-08,
F0_D3_raw_coordinates.mat,delta_z_w1,73,1,1.1980440097798676e-08,
F0_D3_raw_coordinates.mat,delta_z_w1,74,1,1.198044009780037e-08,
F0_D3_raw_coordinates.mat,delta_z_w1,75,1,1.1980440097798676e-08,
F0_D3_raw_coordinates.mat,delta_z_w1,76,1,1.198044009780037e-08,
F0_D3_raw_coordinates.mat,delta_z_w1,77,1,1.1980440097798676e-08,
F0_D3_raw_coordinates.mat,delta_z_w1,78,1,1.198044009780037e-08,
F0_D3_raw_coordinates.mat,delta_z_w1,79,1,1.1980440097798676e-08,
F0_D3_raw_coordinates.mat,delta_z_w1,80,1,1.198044009780037e-08,
F0_D3_raw_coordinates.mat,delta_z_w1,81,1,1.1980440097798676e-08,
F0_D3_raw_coordinates.mat,delta_z_w1,82,1,1.198044009780037e-08,
F0_D3_raw_coordinates.mat,delta_z_w1,83,1,1.1980440097798676e-08,
F0_D3_raw_coordinates.mat,delta_z_w1,84,1,1.198044009780037e-08,
F0_D3_raw_coordinates.mat,delta_z_w1,85,1,1.1980440097798676e-08,
F0_D3_raw_coordinates.mat,delta_z_w1,86,1,1.198044009780037e-08,
F0_D3_raw_coordinates.mat,delta_z_w1,87,1,1.1980440097798676e-08,
F0_D3_raw_coordinates.mat,delta_z_w1,88,1,1.198044009780037e-08,
F0_D3_raw_coordinates.mat,delta_z_w1,89,1,1.1980440097798676e-08,
F0_D3_raw_coordinates.mat,delta_z_w1,90,1,1.198044009780037e-08,
F0_D3_raw_coordinates.mat,delta_z_w1,91,1,1.1980440097798676e-08,
F0_D3_raw_coordinates.mat,delta_z_w1,92,1,1.198044009780037e-08,
F0_D3_raw_coordinates.mat,delta_z_w1,93,1,1.1980440097798676e-08,
F0_D3_raw_coordinates.mat,delta_z_w1,94,1,1.198044009780037e-08,
F0_D3_raw_coordinates.mat,delta_z_w1,95,1,1.1980440097798676e-08,
F0_D3_raw_coordinates.mat,delta_z_w1,96,1,1.198044009780037e-08,
F0_D3_raw_coordinates.mat,delta_z_w1,97,1,1.1980440097798676e-08,
F0_D3_raw_coordinates.mat,delta_z_w1,98,1,1.198044009780037e-08,
F0_D3_raw_coordinates.mat,delta_z_w1,99,1,1.1980440097798676e-08,
F0_D3_raw_coordinates.mat,delta_z_w1,100,1,1.198044009780037e-08,
F0_D3_raw_coordinates.mat,delta_z_w1,101,1,1.1980440097798676e-08,
F0_D3_raw_coordinates.mat,delta_z_w1,102,1,1.198044009780037e-08,
F0_D3_raw_coordinates.mat,delta_z_w1,103,1,1.1980440097798676e-08,
F0_D3_raw_coordinates.mat,delta_z_w1,104,1,1.198044009780037e-08,
F0_D3_raw_coordinates.mat,delta_z_w1,105,1,1.1980440097798676e-08,
F0_D3_raw_coordinates.mat,delta_z_w1,106,1,1.198044009780037e-08,
F0_D3_raw_coordinates.mat,delta_z_w1,107,1,1.1980440097798676e-08,
F0_D3_raw_coordinates.mat,delta_z_w1,108,1,1.198044009780037e-08,
F0_D3_raw_coordinates.mat,delta_z_w1,109,1,1.1980440097798676e-08,
F0_D3_raw_coordinates.mat,delta_z_w1,110,1,1.198044009780037e-08,
F0_D3_raw_coordinates.mat,delta_z_w1,111,1,1.1980440097798676e-08,
F0_D3_raw_coordinates.mat,delta_z_w1,112,1,1.198044009780037e-08,
F0_D3_raw_coordinates.mat,delta_z_w1,113,1,1.1980440097798676e-08,
F0_D3_raw_coordinates.mat,delta_z_w1,114,1,1.198044009780037e-08,
F0_D3_raw_coordinates.mat,delta_z_w1,115,1,1.1980440097798676e-08,
F0_D3_raw_coordinates.mat,delta_z_w1,116,1,1.198044009780037e-08,
F0_D3_raw_coordinates.mat,delta_z_w1,117,306,1.1980440097799523e-08,
F0_D3_raw_coordinates.mat,delta_z_w1,423,1,1.1980440097795182e-08,
F0_D3_raw_coordinates.mat,delta_z_w1,424,1,1.0992864443980241e-08,
F0_D3_raw_coordinates.mat,delta_z_w1,425,1,9.4038790861797332e-09,
F0_D3_raw_coordinates.mat,delta_z_w1,426,1,8.0445767632429268e-09,
F0_D3_raw_coordinates.mat,delta_z_w1,427,1,7.5000000000000076e-09,
F0_D3_raw_coordinates.mat,delta_z_w1,428,1,7.499999999995693e-09,
F0_D3_raw_coordinates.mat,delta_z_w1,429,5,7.5000000000000076e-09,
F0_D3_raw_coordinates.mat,delta_z_w1,434,1,7.4999999999999944e-09,
F0_D3_raw_coordinates.mat,delta_z_w1,435,1,7.5000000000000076e-09,
F0_D3_raw_coordinates.mat,delta_z_w1,436,1,7.4999999999999944e-09,
F0_D3_raw_coordinates.mat,delta_z_w1,437,8,7.500000000000001e-09,
F0_D3_raw_coordinates.mat,delta_z_w1,445,1,7.5000000000000076e-09,
F0_D3_raw_coordinates.mat,delta_z_w1,446,1,7.4999999999999944e-09,
F0_D3_raw_coordinates.mat,delta_z_w1,447,1,7.5000000000000076e-09,
F0_D3_raw_coordinates.mat,delta_z_w1,448,1,7.4999999999999944e-09,
F0_D3_raw_coordinates.mat,delta_z_w1,449,8,7.5000000000000076e-09,
F0_D3_raw_coordinates.mat,delta_z_w1,457,1,7.4999999999999811e-09,
F0_D3_raw_coordinates.mat,delta_z_w1,458,1,7.5000000000000341e-09,
F0_D3_raw_coordinates.mat,delta_z_w1,459,1,7.4999999999999811e-09,
F0_D3_raw_coordinates.mat,delta_z_w1,460,1,7.5000000000000341e-09,
F0_D3_raw_coordinates.mat,delta_z_w1,461,1,7.4999999999999811e-09,
F0_D3_raw_coordinates.mat,delta_z_w1,462,1,7.4999999999998753e-09,
F0_D3_raw_coordinates.mat,delta_z_w1,463,1,7.50000000000014e-09,
F0_D3_raw_coordinates.mat,delta_z_w1,464,1,7.8619676169313721e-09,
F0_D3_raw_coordinates.mat,delta_z_w1,465,1,1.0279058024094257e-08,
F0_D3_raw_coordinates.mat,delta_z_w1,466,1,1.2820512820512699e-08,
F0_D3_raw_coordinates.mat,delta_z_w1,467,1,1.2820512820512858e-08,
F0_D3_raw_coordinates.mat,delta_z_w1,468,2,1.2820512820512805e-08,
F0_D3_raw_coordinates.mat,delta_z_w1,470,1,1.2820512820512752e-08,
F0_D3_raw_coordinates.mat,delta_z_w1,471,1,1.2820512820512858e-08,
F0_D3_raw_coordinates.mat,delta_z_w1,472,1,1.2820512820512752e-08,
F0_D3_raw_coordinates.mat,delta_z_w1,473,1,1.2820512820512858e-08,
F0_D3_raw_coordinates.mat,delta_z_w1,474,1,1.2820512820512752e-08,
F0_D3_raw_coordinates.mat,delta_z_w2,0,1,1.2608053013317882e-08,
F0_D3_raw_coordinates.mat,delta_z_w2,1,1,1.2568004826862629e-08,
F0_D3_raw_coordinates.mat,delta_z_w2,2,1,1.2528083849360383e-08,
F0_D3_raw_coordinates.mat,delta_z_w2,3,1,1.2488289676745935e-08,
F0_D3_raw_coordinates.mat,delta_z_w2,4,1,1.2448621906234789e-08,
F0_D3_raw_coordinates.mat,delta_z_w2,5,1,1.2409080136329941e-08,
F0_D3_raw_coordinates.mat,delta_z_w2,6,1,1.236966396679477e-08,
F0_D3_raw_coordinates.mat,delta_z_w2,7,1,1.2330372998680146e-08,
F0_D3_raw_coordinates.mat,delta_z_w2,8,1,1.2291206834290548e-08,
F0_D3_raw_coordinates.mat,delta_z_w2,9,1,1.2252165077204392e-08,
F0_D3_raw_coordinates.mat,delta_z_w2,10,1,1.2213247332253704e-08,
F0_D3_raw_coordinates.mat,delta_z_w2,11,1,1.2174453205525811e-08,
F0_D3_raw_coordinates.mat,delta_z_w2,12,1,1.2135782304358261e-08,
F0_D3_raw_coordinates.mat,delta_z_w2,13,1,1.2097234237338825e-08,
F0_D3_raw_coordinates.mat,delta_z_w2,14,1,1.2058808614302103e-08,
F0_D3_raw_coordinates.mat,delta_z_w2,15,1,1.2020505046310894e-08,
F0_D3_raw_coordinates.mat,delta_z_w2,16,1,1.1982323145671444e-08,
F0_D3_raw_coordinates.mat,delta_z_w2,17,1,1.1980440097798676e-08,
F0_D3_raw_coordinates.mat,delta_z_w2,18,1,1.1980440097790205e-08,
F0_D3_raw_coordinates.mat,delta_z_w2,19,1,1.1980440097798676e-08,
F0_D3_raw_coordinates.mat,delta_z_w2,20,1,1.198044009780037e-08,
F0_D3_raw_coordinates.mat,delta_z_w2,21,1,1.1980440097798676e-08,
F0_D3_raw_coordinates.mat,delta_z_w2,22,1,1.198044009780037e-08,
F0_D3_raw_coordinates.mat,delta_z_w2,23,1,1.1980440097798676e-08,
F0_D3_raw_coordinates.mat,delta_z_w2,24,1,1.198044009780037e-08,
F0_D3_raw_coordinates.mat,delta_z_w2,25,1,1.1980440097798676e-08,
F0_D3_raw_coordinates.mat,delta_z_w2,26,1,1.198044009780037e-08,
F0_D3_raw_coordinates.mat,delta_z_w2,27,1,1.1980440097798676e-08,
F0_D3_raw_coordinates.mat,delta_z_w2,28,1,1.198044009780037e-08,
F0_D3_raw_coordinates.mat,delta_z_w2,29,1,1.1980440097798676e-08,
F0_D3_raw_coordinates.mat,delta_z_w2,30,1,1.198044009780037e-08,
F0_D3_raw_coordinates.mat,delta_z_w2,31,1,1.1980440097798676e-08,
F0_D3_raw_coordinates.mat,delta_z_w2,32,1,1.198044009780037e-08,
F0_D3_raw_coordinates.mat,delta_z_w2,33,1,1.1980440097798676e-08,
F0_D3_raw_coordinates.mat,delta_z_w2,34,1,1.198044009780037e-08,
F0_D3_raw_coordinates.mat,delta_z_w2,35,1,1.1980440097798676e-08,
F0_D3_raw_coordinates.mat,delta_z_w2,36,1,1.198044009780037e-08,
F0_D3_raw_coordinates.mat,delta_z_w2,37,1,1.1980440097798676e-08,
F0_D3_raw_coordinates.mat,delta_z_w2,38,1,1.198044009780037e-08,
F0_D3_raw_coordinates.mat,delta_z_w2,39,1,1.1980440097798676e-08,
F0_D3_raw_coordinates.mat,delta_z_w2,40,1,1.198044009780037e-08,
F0_D3_raw_coordinates.mat,delta_z_w2,41,1,1.1980440097798676e-08,
F0_D3_raw_coordinates.mat,delta_z_w2,42,1,1.198044009780037e-08,
F0_D3_raw_coordinates.mat,delta_z_w2,43,1,1.1980440097798676e-08,
F0_D3_raw_coordinates.mat,delta_z_w2,44,1,1.198044009780037e-08,
F0_D3_raw_coordinates.mat,delta_z_w2,45,1,1.1980440097798676e-08,
F0_D3_raw_coordinates.mat,delta_z_w2,46,1,1.198044009780037e-08,
F0_D3_raw_coordinates.mat,delta_z_w2,47,1,1.1980440097798676e-08,
F0_D3_raw_coordinates.mat,delta_z_w2,48,1,1.198044009780037e-08,
F0_D3_raw_coordinates.mat,delta_z_w2,49,1,1.1980440097798676e-08,
F0_D3_raw_coordinates.mat,delta_z_w2,50,1,1.198044009780037e-08,
F0_D3_raw_coordinates.mat,delta_z_w2,51,1,1.1980440097798676e-08,
F0_D3_raw_coordinates.mat,delta_z_w2,52,1,1.198044009780037e-08,
F0_D3_raw_coordinates.mat,delta_z_w2,53,1,1.1980440097798676e-08,
F0_D3_raw_coordinates.mat,delta_z_w2,54,1,1.198044009780037e-08,
F0_D3_raw_coordinates.mat,delta_z_w2,55,1,1.1980440097798676e-08,
F0_D3_raw_coordinates.mat,delta_z_w2,56,1,1.198044009780037e-08,
F0_D3_raw_coordinates.mat,delta_z_w2,57,1,1.1980440097798676e-08,
F0_D3_raw_coordinates.mat,delta_z_w2,58,1,1.198044009780037e-08,
F0_D3_raw_coordinates.mat,delta_z_w2,59,1,1.1980440097798676e-08,
F0_D3_raw_coordinates.mat,delta_z_w2,60,1,1.198044009780037e-08,
F0_D3_raw_coordinates.mat,delta_z_w2,61,1,1.1980440097798676e-08,
F0_D3_raw_coordinates.mat,delta_z_w2,62,1,1.198044009780037e-08,
F0_D3_raw_coordinates.mat,delta_z_w2,63,1,1.1980440097798676e-08,
F0_D3_raw_coordinates.mat,delta_z_w2,64,1,1.198044009780037e-08,
F0_D3_raw_coordinates.mat,delta_z_w2,65,1,1.1980440097798676e-08,
F0_D3_raw_coordinates.mat,delta_z_w2,66,1,1.198044009780037e-08,
F0_D3_raw_coordinates.mat,delta_z_w2,67,1,1.1980440097798676e-08,
F0_D3_raw_coordinates.mat,delta_z_w2,68,1,1.198044009780037e-08,
F0_D3_raw_coordinates.mat,delta_z_w2,69,1,1.1980440097798676e-08,
F0_D3_raw_coordinates.mat,delta_z_w2,70,1,1.198044009780037e-08,
F0_D3_raw_coordinates.mat,delta_z_w2,71,1,1.1980440097798676e-08,
F0_D3_raw_coordinates.mat,delta_z_w2,72,1,1.198044009780037e-08,
F0_D3_raw_coordinates.mat,delta_z_w2,73,1,1.1980440097798676e-08,
F0_D3_raw_coordinates.mat,delta_z_w2,74,1,1.198044009780037e-08,
F0_D3_raw_coordinates.mat,delta_z_w2,75,1,1.1980440097798676e-08,
F0_D3_raw_coordinates.mat,delta_z_w2,76,1,1.198044009780037e-08,
F0_D3_raw_coordinates.mat,delta_z_w2,77,1,1.1980440097798676e-08,
F0_D3_raw_coordinates.mat,delta_z_w2,78,1,1.198044009780037e-08,
F0_D3_raw_coordinates.mat,delta_z_w2,79,1,1.1980440097798676e-08,
F0_D3_raw_coordinates.mat,delta_z_w2,80,1,1.198044009780037e-08,
F0_D3_raw_coordinates.mat,delta_z_w2,81,1,1.1980440097798676e-08,
F0_D3_raw_coordinates.mat,delta_z_w2,82,1,1.198044009780037e-08,
F0_D3_raw_coordinates.mat,delta_z_w2,83,1,1.1980440097798676e-08,
F0_D3_raw_coordinates.mat,delta_z_w2,84,1,1.198044009780037e-08,
F0_D3_raw_coordinates.mat,delta_z_w2,85,1,1.1980440097798676e-08,
F0_D3_raw_coordinates.mat,delta_z_w2,86,1,1.198044009780037e-08,
F0_D3_raw_coordinates.mat,delta_z_w2,87,1,1.1980440097798676e-08,
F0_D3_raw_coordinates.mat,delta_z_w2,88,1,1.198044009780037e-08,
F0_D3_raw_coordinates.mat,delta_z_w2,89,1,1.1980440097798676e-08,
F0_D3_raw_coordinates.mat,delta_z_w2,90,1,1.198044009780037e-08,
F0_D3_raw_coordinates.mat,delta_z_w2,91,1,1.1980440097798676e-08,
F0_D3_raw_coordinates.mat,delta_z_w2,92,1,1.198044009780037e-08,
F0_D3_raw_coordinates.mat,delta_z_w2,93,1,1.1980440097798676e-08,
F0_D3_raw_coordinates.mat,delta_z_w2,94,1,1.198044009780037e-08,
F0_D3_raw_coordinates.mat,delta_z_w2,95,1,1.1980440097798676e-08,
F0_D3_raw_coordinates.mat,delta_z_w2,96,1,1.198044009780037e-08,
F0_D3_raw_coordinates.mat,delta_z_w2,97,1,1.1980440097798676e-08,
F0_D3_raw_coordinates.mat,delta_z_w2,98,1,1.198044009780037e-08,
F0_D3_raw_coordinates.mat,delta_z_w2,99,1,1.1980440097798676e-08,
F0_D3_raw_coordinates.mat,delta_z_w2,100,1,1.198044009780037e-08,
F0_D3_raw_coordinates.mat,delta_z_w2,101,1,1.1980440097798676e-08,
F0_D3_raw_coordinates.mat,delta_z_w2,102,1,1.198044009780037e-08,
F0_D3_raw_coordinates.mat,delta_z_w2,103,1,1.1980440097798676e-08,
F0_D3_raw_coordinates.mat,delta_z_w2,104,1,1.198044009780037e-08,
F0_D3_raw_coordinates.mat,delta_z_w2,105,1,1.1980440097798676e-08,
F0_D3_raw_coordinates.mat,delta_z_w2,106,1,1.198044009780037e-08,
F0_D3_raw_coordinates.mat,delta_z_w2,107,1,1.1980440097798676e-08,
F0_D3_raw_coordinates.mat,delta_z_w2,108,1,1.198044009780037e-08,
F0_D3_raw_coordinates.mat,delta_z_w2,109,1,1.1980440097798676e-08,
F0_D3_raw_coordinates.mat,delta_z_w2,110,1,1.198044009780037e-08,
F0_D3_raw_coordinates.mat,delta_z_w2,111,1,1.1980440097798676e-08,
F0_D3_raw_coordinates.mat,delta_z_w2,112,1,1.198044009780037e-08,
F0_D3_raw_coordinates.mat,delta_z_w2,113,1,1.1980440097798676e-08,
F0_D3_raw_coordinates.mat,delta_z_w2,114,1,1.198044009780037e-08,
F0_D3_raw_coordinates.mat,delta_z_w2,115,1,1.1980440097798676e-08,
F0_D3_raw_coordinates.mat,delta_z_w2,116,1,1.198044009780037e-08,
F0_D3_raw_coordinates.mat,delta_z_w2,117,306,1.1980440097799523e-08,
F0_D3_raw_coordinates.mat,delta_z_w2,423,1,1.1980440097795182e-08,
F0_D3_raw_coordinates.mat,delta_z_w2,424,1,1.0992864443980241e-08,
F0_D3_raw_coordinates.mat,delta_z_w2,425,1,9.4038790861797332e-09,
F0_D3_raw_coordinates.mat,delta_z_w2,426,1,8.0445767632429268e-09,
F0_D3_raw_coordinates.mat,delta_z_w2,427,1,7.5000000000000076e-09,
F0_D3_raw_coordinates.mat,delta_z_w2,428,1,7.499999999995693e-09,
F0_D3_raw_coordinates.mat,delta_z_w2,429,5,7.5000000000000076e-09,
F0_D3_raw_coordinates.mat,delta_z_w2,434,1,7.4999999999999944e-09,
F0_D3_raw_coordinates.mat,delta_z_w2,435,1,7.5000000000000076e-09,
F0_D3_raw_coordinates.mat,delta_z_w2,436,1,7.4999999999999944e-09,
F0_D3_raw_coordinates.mat,delta_z_w2,437,8,7.500000000000001e-09,
F0_D3_raw_coordinates.mat,delta_z_w2,445,1,7.5000000000000076e-09,
F0_D3_raw_coordinates.mat,delta_z_w2,446,1,7.4999999999999944e-09,
F0_D3_raw_coordinates.mat,delta_z_w2,447,1,7.5000000000000076e-09,
F0_D3_raw_coordinates.mat,delta_z_w2,448,1,7.4999999999999944e-09,
F0_D3_raw_coordinates.mat,delta_z_w2,449,8,7.5000000000000076e-09,
F0_D3_raw_coordinates.mat,delta_z_w2,457,1,7.4999999999999811e-09,
F0_D3_raw_coordinates.mat,delta_z_w2,458,1,7.5000000000000341e-09,
F0_D3_raw_coordinates.mat,delta_z_w2,459,1,7.4999999999999811e-09,
F0_D3_raw_coordinates.mat,delta_z_w2,460,1,7.5000000000000341e-09,
F0_D3_raw_coordinates.mat,delta_z_w2,461,1,7.4999999999999811e-09,
F0_D3_raw_coordinates.mat,delta_z_w2,462,1,7.4999999999998753e-09,
F0_D3_raw_coordinates.mat,delta_z_w2,463,1,7.50000000000014e-09,
F0_D3_raw_coordinates.mat,delta_z_w2,464,1,7.8619676169313721e-09,
F0_D3_raw_coordinates.mat,delta_z_w2,465,1,1.0279058024094257e-08,
F0_D3_raw_coordinates.mat,delta_z_w2,466,1,1.2820512820512699e-08,
F0_D3_raw_coordinates.mat,delta_z_w2,467,1,1.2820512820512858e-08,
F0_D3_raw_coordinates.mat,delta_z_w2,468,2,1.2820512820512805e-08,
F0_D3_raw_coordinates.mat,delta_z_w2,470,1,1.2820512820512752e-08,
F0_D3_raw_coordinates.mat,delta_z_w2,471,1,1.2820512820512858e-08,
F0_D3_raw_coordinates.mat,delta_z_w2,472,1,1.2820512820512752e-08,
F0_D3_raw_coordinates.mat,delta_z_w2,473,1,1.2820512820512858e-08,
F0_D3_raw_coordinates.mat,delta_z_w2,474,1,1.2820512820512752e-08,
F0_D3_raw_coordinates.mat,index_x_coordinates,0,1,-2.3167674596385199e-20,
F0_D3_raw_coordinates.mat,index_x_offset,0,1,9.9999999999768325e-09,
F0_D3_raw_coordinates.mat,index_y_coordinates,0,1,6.7828810229348269e-21,
F0_D3_raw_coordinates.mat,index_y_offset,0,1,9.9926008129041522e-09,
F0_D3_raw_coordinates.mat,index_z_coordinates,0,1,-1.0441912672538744e-05,
F0_D3_raw_coordinates.mat,index_z_coordinates,1,1,-1.0416696566512107e-05,
F0_D3_raw_coordinates.mat,index_z_coordinates,2,1,-1.0391560556858383e-05,
F0_D3_raw_coordinates.mat,index_z_coordinates,3,1,-1.0366504389159664e-05,
F0_D3_raw_coordinates.mat,index_z_coordinates,4,1,-1.0341527809806174e-05,
F0_D3_raw_coordinates.mat,index_z_coordinates,5,1,-1.0316630565993703e-05,
F0_D3_raw_coordinates.mat,index_z_coordinates,6,1,-1.0291812405721045e-05,
F0_D3_raw_coordinates.mat,index_z_coordinates,7,1,-1.0267073077787453e-05,
F0_D3_raw_coordinates.mat,index_z_coordinates,8,1,-1.0242412331790095e-05,
F0_D3_raw_coordinates.mat,index_z_coordinates,9,1,-1.0217829918121512e-05,
F0_D3_raw_coordinates.mat,index_z_coordinates,10,1,-1.0193325587967102e-05,
F0_D3_raw_coordinates.mat,index_z_coordinates,11,1,-1.0168899093302594e-05,
F0_D3_raw_coordinates.mat,index_z_coordinates,12,1,-1.0144550186891544e-05,
F0_D3_raw_coordinates.mat,index_z_coordinates,13,1,-1.0120278622282828e-05,
F0_D3_raw_coordinates.mat,index_z_coordinates,14,1,-1.0096084153808148e-05,
F0_D3_raw_coordinates.mat,index_z_coordinates,15,1,-1.0071966536579546e-05,
F0_D3_raw_coordinates.mat,index_z_coordinates,16,1,-1.0047925526486926e-05,
F0_D3_raw_coordinates.mat,index_z_coordinates,17,1,-1.0023960880195583e-05,
F0_D3_raw_coordinates.mat,index_z_coordinates,18,1,-9.9999999999999839e-06,
F0_D3_raw_coordinates.mat,index_z_coordinates,19,1,-9.9760391198044018e-06,
F0_D3_raw_coordinates.mat,index_z_coordinates,20,1,-9.9520782396088027e-06,
F0_D3_raw_coordinates.mat,index_z_coordinates,21,1,-9.9281173594132037e-06,
F0_D3_raw_coordinates.mat,index_z_coordinates,22,1,-9.9041564792176046e-06,
F0_D3_raw_coordinates.mat,index_z_coordinates,23,1,-9.8801955990220056e-06,
F0_D3_raw_coordinates.mat,index_z_coordinates,24,1,-9.8562347188264065e-06,
F0_D3_raw_coordinates.mat,index_z_coordinates,25,1,-9.8322738386308075e-06,
F0_D3_raw_coordinates.mat,index_z_coordinates,26,1,-9.8083129584352085e-06,
F0_D3_raw_coordinates.mat,index_z_coordinates,27,1,-9.7843520782396094e-06,
F0_D3_raw_coordinates.mat,index_z_coordinates,28,1,-9.7603911980440104e-06,
F0_D3_raw_coordinates.mat,index_z_coordinates,29,1,-9.7364303178484113e-06,
F0_D3_raw_coordinates.mat,index_z_coordinates,30,1,-9.7124694376528123e-06,
F0_D3_raw_coordinates.mat,index_z_coordinates,31,1,-9.6885085574572132e-06,
F0_D3_raw_coordinates.mat,index_z_coordinates,32,1,-9.6645476772616142e-06,
F0_D3_raw_coordinates.mat,index_z_coordinates,33,1,-9.6405867970660151e-06,
F0_D3_raw_coordinates.mat,index_z_coordinates,34,1,-9.6166259168704161e-06,
F0_D3_raw_coordinates.mat,index_z_coordinates,35,1,-9.592665036674817e-06,
F0_D3_raw_coordinates.mat,index_z_coordinates,36,1,-9.568704156479218e-06,
F0_D3_raw_coordinates.mat,index_z_coordinates,37,1,-9.544743276283619e-06,
F0_D3_raw_coordinates.mat,index_z_coordinates,38,1,-9.5207823960880199e-06,
F0_D3_raw_coordinates.mat,index_z_coordinates,39,1,-9.4968215158924209e-06,
F0_D3_raw_coordinates.mat,index_z_coordinates,40,1,-9.4728606356968218e-06,
F0_D3_raw_coordinates.mat,index_z_coordinates,41,1,-9.4488997555012228e-06,
F0_D3_raw_coordinates.mat,index_z_coordinates,42,1,-9.4249388753056237e-06,
F0_D3_raw_coordinates.mat,index_z_coordinates,43,1,-9.4009779951100247e-06,
F0_D3_raw_coordinates.mat,index_z_coordinates,44,1,-9.3770171149144256e-06,
F0_D3_raw_coordinates.mat,index_z_coordinates,45,1,-9.3530562347188266e-06,
F0_D3_raw_coordinates.mat,index_z_coordinates,46,1,-9.3290953545232276e-06,
F0_D3_raw_coordinates.mat,index_z_coordinates,47,1,-9.3051344743276285e-06,
F0_D3_raw_coordinates.mat,index_z_coordinates,48,1,-9.2811735941320295e-06,
F0_D3_raw_coordinates.mat,index_z_coordinates,49,1,-9.2572127139364304e-06,
F0_D3_raw_coordinates.mat,index_z_coordinates,50,1,-9.2332518337408314e-06,
F0_D3_raw_coordinates.mat,index_z_coordinates,51,1,-9.2092909535452323e-06,
F0_D3_raw_coordinates.mat,index_z_coordinates,52,1,-9.1853300733496333e-06,
F0_D3_raw_coordinates.mat,index_z_coordinates,53,1,-9.1613691931540342e-06,
F0_D3_raw_coordinates.mat,index_z_coordinates,54,1,-9.1374083129584352e-06,
F0_D3_raw_coordinates.mat,index_z_coordinates,55,1,-9.1134474327628361e-06,
F0_D3_raw_coordinates.mat,index_z_coordinates,56,1,-9.0894865525672371e-06,
F0_D3_raw_coordinates.mat,index_z_coordinates,57,1,-9.0655256723716381e-06,
F0_D3_raw_coordinates.mat,index_z_coordinates,58,1,-9.041564792176039e-06,
F0_D3_raw_coordinates.mat,index_z_coordinates,59,1,-9.01760391198044e-06,
F0_D3_raw_coordinates.mat,index_z_coordinates,60,1,-8.9936430317848409e-06,
F0_D3_raw_coordinates.mat,index_z_coordinates,61,1,-8.9696821515892419e-06,
F0_D3_raw_coordinates.mat,index_z_coordinates,62,1,-8.9457212713936428e-06,
F0_D3_raw_coordinates.mat,index_z_coordinates,63,1,-8.9217603911980438e-06,
F0_D3_raw_coordinates.mat,index_z_coordinates,64,1,-8.8977995110024447e-06,
F0_D3_raw_coordinates.mat,index_z_coordinates,65,1,-8.8738386308068457e-06,
F0_D3_raw_coordinates.mat,index_z_coordinates,66,1,-8.8498777506112466e-06,
F0_D3_raw_coordinates.mat,index_z_coordinates,67,1,-8.8259168704156476e-06,
F0_D3_raw_coordinates.mat,index_z_coordinates,68,1,-8.8019559902200486e-06,
F0_D3_raw_coordinates.mat,index_z_coordinates,69,1,-8.7779951100244495e-06,
F0_D3_raw_coordinates.mat,index_z_coordinates,70,1,-8.7540342298288505e-06,
F0_D3_raw_coordinates.mat,index_z_coordinates,71,1,-8.7300733496332514e-06,
F0_D3_raw_coordinates.mat,index_z_coordinates,72,1,-8.7061124694376524e-06,
F0_D3_raw_coordinates.mat,index_z_coordinates,73,1,-8.6821515892420533e-06,
F0_D3_raw_coordinates.mat,index_z_coordinates,74,1,-8.6581907090464543e-06,
F0_D3_raw_coordinates.mat,index_z_coordinates,75,1,-8.6342298288508552e-06,
F0_D3_raw_coordinates.mat,index_z_coordinates,76,1,-8.6102689486552562e-06,
F0_D3_raw_coordinates.mat,index_z_coordinates,77,1,-8.5863080684596571e-06,
F0_D3_raw_coordinates.mat,index_z_coordinates,78,1,-8.5623471882640581e-06,
F0_D3_raw_coordinates.mat,index_z_coordinates,79,1,-8.5383863080684591e-06,
F0_D3_raw_coordinates.mat,index_z_coordinates,80,1,-8.51442542787286e-06,
F0_D3_raw_coordinates.mat,index_z_coordinates,81,1,-8.490464547677261e-06,
F0_D3_raw_coordinates.mat,index_z_coordinates,82,1,-8.4665036674816619e-06,
F0_D3_raw_coordinates.mat,index_z_coordinates,83,1,-8.4425427872860629e-06,
F0_D3_raw_coordinates.mat,index_z_coordinates,84,1,-8.4185819070904638e-06,
F0_D3_raw_coordinates.mat,index_z_coordinates,85,1,-8.3946210268948648e-06,
F0_D3_raw_coordinates.mat,index_z_coordinates,86,1,-8.3706601466992657e-06,
F0_D3_raw_coordinates.mat,index_z_coordinates,87,1,-8.3466992665036667e-06,
F0_D3_raw_coordinates.mat,index_z_coordinates,88,1,-8.3227383863080677e-06,
F0_D3_raw_coordinates.mat,index_z_coordinates,89,1,-8.2987775061124686e-06,
F0_D3_raw_coordinates.mat,index_z_coordinates,90,1,-8.2748166259168696e-06,
F0_D3_raw_coordinates.mat,index_z_coordinates,91,1,-8.2508557457212705e-06,
F0_D3_raw_coordinates.mat,index_z_coordinates,92,1,-8.2268948655256715e-06,
F0_D3_raw_coordinates.mat,index_z_coordinates,93,1,-8.2029339853300724e-06,
F0_D3_raw_coordinates.mat,index_z_coordinates,94,1,-8.1789731051344734e-06,
F0_D3_raw_coordinates.mat,index_z_coordinates,95,1,-8.1550122249388743e-06,
F0_D3_raw_coordinates.mat,index_z_coordinates,96,1,-8.1310513447432753e-06,
F0_D3_raw_coordinates.mat,index_z_coordinates,97,1,-8.1070904645476762e-06,
F0_D3_raw_coordinates.mat,index_z_coordinates,98,1,-8.0831295843520772e-06,
F0_D3_raw_coordinates.mat,index_z_coordinates,99,1,-8.0591687041564782e-06,
F0_D3_raw_coordinates.mat,index_z_coordinates,100,1,-8.0352078239608791e-06,
F0_D3_raw_coordinates.mat,index_z_coordinates,101,1,-8.0112469437652801e-06,
F0_D3_raw_coordinates.mat,index_z_coordinates,102,1,-7.987286063569681e-06,
F0_D3_raw_coordinates.mat,index_z_coordinates,103,1,-7.963325183374082e-06,
F0_D3_raw_coordinates.mat,index_z_coordinates,104,1,-7.9393643031784829e-06,
F0_D3_raw_coordinates.mat,index_z_coordinates,105,1,-7.9154034229828839e-06,
F0_D3_raw_coordinates.mat,index_z_coordinates,106,1,-7.8914425427872848e-06,
F0_D3_raw_coordinates.mat,index_z_coordinates,107,1,-7.8674816625916858e-06,
F0_D3_raw_coordinates.mat,index_z_coordinates,108,1,-7.8435207823960867e-06,
F0_D3_raw_coordinates.mat,index_z_coordinates,109,1,-7.8195599022004877e-06,
F0_D3_raw_coordinates.mat,index_z_coordinates,110,1,-7.7955990220048887e-06,
F0_D3_raw_coordinates.mat,index_z_coordinates,111,1,-7.7716381418092896e-06,
F0_D3_raw_coordinates.mat,index_z_coordinates,112,1,-7.7476772616136906e-06,
F0_D3_raw_coordinates.mat,index_z_coordinates,113,1,-7.7237163814180915e-06,
F0_D3_raw_coordinates.mat,index_z_coordinates,114,1,-7.6997555012224925e-06,
F0_D3_raw_coordinates.mat,index_z_coordinates,115,1,-7.6757946210268934e-06,
F0_D3_raw_coordinates.mat,index_z_coordinates,116,1,-7.6518337408312944e-06,
F0_D3_raw_coordinates.mat,index_z_coordinates,117,1,-7.6278728606356953e-06,
F0_D3_raw_coordinates.mat,index_z_coordinates,118,1,-7.6039119804400963e-06,
F0_D3_raw_coordinates.mat,index_z_coordinates,119,1,-7.5799511002444972e-06,
F0_D3_raw_coordinates.mat,index_z_coordinates,120,1,-7.5559902200488982e-06,
F0_D3_raw_coordinates.mat,index_z_coordinates,121,1,-7.5320293398532992e-06,
F0_D3_raw_coordinates.mat,index_z_coordinates,122,1,-7.5080684596577001e-06,
F0_D3_raw_coordinates.mat,index_z_coordinates,123,1,-7.4841075794621011e-06,
F0_D3_raw_coordinates.mat,index_z_coordinates,124,1,-7.460146699266502e-06,
F0_D3_raw_coordinates.mat,index_z_coordinates,125,1,-7.436185819070903e-06,
F0_D3_raw_coordinates.mat,index_z_coordinates,126,1,-7.4122249388753039e-06,
F0_D3_raw_coordinates.mat,index_z_coordinates,127,1,-7.3882640586797049e-06,
F0_D3_raw_coordinates.mat,index_z_coordinates,128,1,-7.3643031784841058e-06,
F0_D3_raw_coordinates.mat,index_z_coordinates,129,1,-7.3403422982885068e-06,
F0_D3_raw_coordinates.mat,index_z_coordinates,130,1,-7.3163814180929077e-06,
F0_D3_raw_coordinates.mat,index_z_coordinates,131,1,-7.2924205378973087e-06,
F0_D3_raw_coordinates.mat,index_z_coordinates,132,1,-7.2684596577017097e-06,
F0_D3_raw_coordinates.mat,index_z_coordinates,133,1,-7.2444987775061106e-06,
F0_D3_raw_coordinates.mat,index_z_coordinates,134,1,-7.2205378973105116e-06,
F0_D3_raw_coordinates.mat,index_z_coordinates,135,1,-7.1965770171149125e-06,
F0_D3_raw_coordinates.mat,index_z_coordinates,136,1,-7.1726161369193135e-06,
F0_D3_raw_coordinates.mat,index_z_coordinates,137,1,-7.1486552567237144e-06,
F0_D3_raw_coordinates.mat,index_z_coordinates,138,1,-7.1246943765281154e-06,
F0_D3_raw_coordinates.mat,index_z_coordinates,139,1,-7.1007334963325163e-06,
F0_D3_raw_coordinates.mat,index_z_coordinates,140,1,-7.0767726161369173e-06,
F0_D3_raw_coordinates.mat,index_z_coordinates,141,1,-7.0528117359413183e-06,
F0_D3_raw_coordinates.mat,index_z_coordinates,142,1,-7.0288508557457192e-06,
F0_D3_raw_coordinates.mat,index_z_coordinates,143,1,-7.0048899755501202e-06,
F0_D3_raw_coordinates.mat,index_z_coordinates,144,1,-6.9809290953545211e-06,
F0_D3_raw_coordinates.mat,index_z_coordinates,145,1,-6.9569682151589221e-06,
F0_D3_raw_coordinates.mat,index_z_coordinates,146,1,-6.933007334963323e-06,
F0_D3_raw_coordinates.mat,index_z_coordinates,147,1,-6.909046454767724e-06,
F0_D3_raw_coordinates.mat,index_z_coordinates,148,1,-6.8850855745721249e-06,
F0_D3_raw_coordinates.mat,index_z_coordinates,149,1,-6.8611246943765259e-06,
F0_D3_raw_coordinates.mat,index_z_coordinates,150,1,-6.8371638141809268e-06,
F0_D3_raw_coordinates.mat,index_z_coordinates,151,1,-6.8132029339853278e-06,
F0_D3_raw_coordinates.mat,index_z_coordinates,152,1,-6.7892420537897288e-06,
F0_D3_raw_coordinates.mat,index_z_coordinates,153,1,-6.7652811735941297e-06,
F0_D3_raw_coordinates.mat,index_z_coordinates,154,1,-6.7413202933985307e-06,
F0_D3_raw_coordinates.mat,index_z_coordinates,155,1,-6.7173594132029316e-06,
F0_D3_raw_coordinates.mat,index_z_coordinates,156,1,-6.6933985330073326e-06,
F0_D3_raw_coordinates.mat,index_z_coordinates,157,1,-6.6694376528117335e-06,
F0_D3_raw_coordinates.mat,index_z_coordinates,158,1,-6.6454767726161345e-06,
F0_D3_raw_coordinates.mat,index_z_coordinates,159,1,-6.6215158924205354e-06,
F0_D3_raw_coordinates.mat,index_z_coordinates,160,1,-6.5975550122249364e-06,
F0_D3_raw_coordinates.mat,index_z_coordinates,161,1,-6.5735941320293373e-06,
F0_D3_raw_coordinates.mat,index_z_coordinates,162,1,-6.5496332518337383e-06,
F0_D3_raw_coordinates.mat,index_z_coordinates,163,1,-6.5256723716381393e-06,
F0_D3_raw_coordinates.mat,index_z_coordinates,164,1,-6.5017114914425402e-06,
F0_D3_raw_coordinates.mat,index_z_coordinates,165,1,-6.4777506112469412e-06,
F0_D3_raw_coordinates.mat,index_z_coordinates,166,1,-6.4537897310513421e-06,
F0_D3_raw_coordinates.mat,index_z_coordinates,167,1,-6.4298288508557431e-06,
F0_D3_raw_coordinates.mat,index_z_coordinates,168,1,-6.405867970660144e-06,
F0_D3_raw_coordinates.mat,index_z_coordinates,169,1,-6.381907090464545e-06,
F0_D3_raw_coordinates.mat,index_z_coordinates,170,1,-6.3579462102689459e-06,
F0_D3_raw_coordinates.mat,index_z_coordinates,171,1,-6.3339853300733469e-06,
F0_D3_raw_coordinates.mat,index_z_coordinates,172,1,-6.3100244498777478e-06,
F0_D3_raw_coordinates.mat,index_z_coordinates,173,1,-6.2860635696821488e-06,
F0_D3_raw_coordinates.mat,index_z_coordinates,174,1,-6.2621026894865498e-06,
F0_D3_raw_coordinates.mat,index_z_coordinates,175,1,-6.2381418092909507e-06,
F0_D3_raw_coordinates.mat,index_z_coordinates,176,1,-6.2141809290953517e-06,
F0_D3_raw_coordinates.mat,index_z_coordinates,177,1,-6.1902200488997526e-06,
F0_D3_raw_coordinates.mat,index_z_coordinates,178,1,-6.1662591687041536e-06,
F0_D3_raw_coordinates.mat,index_z_coordinates,179,1,-6.1422982885085545e-06,
F0_D3_raw_coordinates.mat,index_z_coordinates,180,1,-6.1183374083129555e-06,
F0_D3_raw_coordinates.mat,index_z_coordinates,181,1,-6.0943765281173564e-06,
F0_D3_raw_coordinates.mat,index_z_coordinates,182,1,-6.0704156479217574e-06,
F0_D3_raw_coordinates.mat,index_z_coordinates,183,1,-6.0464547677261584e-06,
F0_D3_raw_coordinates.mat,index_z_coordinates,184,1,-6.0224938875305593e-06,
F0_D3_raw_coordinates.mat,index_z_coordinates,185,1,-5.9985330073349603e-06,
F0_D3_raw_coordinates.mat,index_z_coordinates,186,1,-5.9745721271393612e-06,
F0_D3_raw_coordinates.mat,index_z_coordinates,187,1,-5.9506112469437622e-06,
F0_D3_raw_coordinates.mat,index_z_coordinates,188,1,-5.9266503667481631e-06,
F0_D3_raw_coordinates.mat,index_z_coordinates,189,1,-5.9026894865525641e-06,
F0_D3_raw_coordinates.mat,index_z_coordinates,190,1,-5.878728606356965e-06,
F0_D3_raw_coordinates.mat,index_z_coordinates,191,1,-5.854767726161366e-06,
F0_D3_raw_coordinates.mat,index_z_coordinates,192,1,-5.8308068459657669e-06,
F0_D3_raw_coordinates.mat,index_z_coordinates,193,1,-5.8068459657701679e-06,
F0_D3_raw_coordinates.mat,index_z_coordinates,194,1,-5.7828850855745689e-06,
F0_D3_raw_coordinates.mat,index_z_coordinates,195,1,-5.7589242053789698e-06,
F0_D3_raw_coordinates.mat,index_z_coordinates,196,1,-5.7349633251833708e-06,
F0_D3_raw_coordinates.mat,index_z_coordinates,197,1,-5.7110024449877717e-06,
F0_D3_raw_coordinates.mat,index_z_coordinates,198,1,-5.6870415647921727e-06,
F0_D3_raw_coordinates.mat,index_z_coordinates,199,1,-5.6630806845965736e-06,
F0_D3_raw_coordinates.mat,index_z_coordinates,200,1,-5.6391198044009746e-06,
F0_D3_raw_coordinates.mat,index_z_coordinates,201,1,-5.6151589242053755e-06,
F0_D3_raw_coordinates.mat,index_z_coordinates,202,1,-5.5911980440097765e-06,
F0_D3_raw_coordinates.mat,index_z_coordinates,203,1,-5.5672371638141774e-06,
F0_D3_raw_coordinates.mat,index_z_coordinates,204,1,-5.5432762836185784e-06,
F0_D3_raw_coordinates.mat,index_z_coordinates,205,1,-5.5193154034229794e-06,
F0_D3_raw_coordinates.mat,index_z_coordinates,206,1,-5.4953545232273803e-06,
F0_D3_raw_coordinates.mat,index_z_coordinates,207,1,-5.4713936430317813e-06,
F0_D3_raw_coordinates.mat,index_z_coordinates,208,1,-5.4474327628361822e-06,
F0_D3_raw_coordinates.mat,index_z_coordinates,209,1,-5.4234718826405832e-06,
F0_D3_raw_coordinates.mat,index_z_coordinates,210,1,-5.3995110024449841e-06,
F0_D3_raw_coordinates.mat,index_z_coordinates,211,1,-5.3755501222493851e-06,
F0_D3_raw_coordinates.mat,index_z_coordinates,212,1,-5.351589242053786e-06,
F0_D3_raw_coordinates.mat,index_z_coordinates,213,1,-5.327628361858187e-06,
F0_D3_raw_coordinates.mat,index_z_coordinates,214,1,-5.3036674816625879e-06,
F0_D3_raw_coordinates.mat,index_z_coordinates,215,1,-5.2797066014669889e-06,
F0_D3_raw_coordinates.mat,index_z_coordinates,216,1,-5.2557457212713899e-06,
F0_D3_raw_coordinates.mat,index_z_coordinates,217,1,-5.2317848410757908e-06,
F0_D3_raw_coordinates.mat,index_z_coordinates,218,1,-5.2078239608801918e-06,
F0_D3_raw_coordinates.mat,index_z_coordinates,219,1,-5.1838630806845927e-06,
F0_D3_raw_coordinates.mat,index_z_coordinates,220,1,-5.1599022004889937e-06,
F0_D3_raw_coordinates.mat,index_z_coordinates,221,1,-5.1359413202933946e-06,
F0_D3_raw_coordinates.mat,index_z_coordinates,222,1,-5.1119804400977956e-06,
F0_D3_raw_coordinates.mat,index_z_coordinates,223,1,-5.0880195599021965e-06,
F0_D3_raw_coordinates.mat,index_z_coordinates,224,1,-5.0640586797065975e-06,
F0_D3_raw_coordinates.mat,index_z_coordinates,225,1,-5.0400977995109985e-06,
F0_D3_raw_coordinates.mat,index_z_coordinates,226,1,-5.0161369193153994e-06,
F0_D3_raw_coordinates.mat,index_z_coordinates,227,1,-4.9921760391198004e-06,
F0_D3_raw_coordinates.mat,index_z_coordinates,228,1,-4.9682151589242013e-06,
F0_D3_raw_coordinates.mat,index_z_coordinates,229,1,-4.9442542787286023e-06,
F0_D3_raw_coordinates.mat,index_z_coordinates,230,1,-4.9202933985330032e-06,
F0_D3_raw_coordinates.mat,index_z_coordinates,231,1,-4.8963325183374042e-06,
F0_D3_raw_coordinates.mat,index_z_coordinates,232,1,-4.8723716381418051e-06,
F0_D3_raw_coordinates.mat,index_z_coordinates,233,1,-4.8484107579462061e-06,
F0_D3_raw_coordinates.mat,index_z_coordinates,234,1,-4.824449877750607e-06,
F0_D3_raw_coordinates.mat,index_z_coordinates,235,1,-4.800488997555008e-06,
F0_D3_raw_coordinates.mat,index_z_coordinates,236,1,-4.776528117359409e-06,
F0_D3_raw_coordinates.mat,index_z_coordinates,237,1,-4.7525672371638099e-06,
F0_D3_raw_coordinates.mat,index_z_coordinates,238,1,-4.7286063569682109e-06,
F0_D3_raw_coordinates.mat,index_z_coordinates,239,1,-4.7046454767726118e-06,
F0_D3_raw_coordinates.mat,index_z_coordinates,240,1,-4.6806845965770128e-06,
F0_D3_raw_coordinates.mat,index_z_coordinates,241,1,-4.6567237163814137e-06,
F0_D3_raw_coordinates.mat,index_z_coordinates,242,1,-4.6327628361858147e-06,
F0_D3_raw_coordinates.mat,index_z_coordinates,243,1,-4.6088019559902156e-06,
F0_D3_raw_coordinates.mat,index_z_coordinates,244,1,-4.5848410757946166e-06,
F0_D3_raw_coordinates.mat,index_z_coordinates,245,1,-4.5608801955990175e-06,
F0_D3_raw_coordinates.mat,index_z_coordinates,246,1,-4.5369193154034185e-06,
F0_D3_raw_coordinates.mat,index_z_coordinates,247,1,-4.5129584352078195e-06,
F0_D3_raw_coordinates.mat,index_z_coordinates,248,1,-4.4889975550122204e-06,
F0_D3_raw_coordinates.mat,index_z_coordinates,249,1,-4.4650366748166214e-06,
F0_D3_raw_coordinates.mat,index_z_coordinates,250,1,-4.4410757946210223e-06,
F0_D3_raw_coordinates.mat,index_z_coordinates,251,1,-4.4171149144254233e-06,
F0_D3_raw_coordinates.mat,index_z_coordinates,252,1,-4.3931540342298242e-06,
F0_D3_raw_coordinates.mat,index_z_coordinates,253,1,-4.3691931540342252e-06,
F0_D3_raw_coordinates.mat,index_z_coordinates,254,1,-4.3452322738386261e-06,
F0_D3_raw_coordinates.mat,index_z_coordinates,255,1,-4.3212713936430271e-06,
F0_D3_raw_coordinates.mat,index_z_coordinates,256,1,-4.297310513447428e-06,
F0_D3_raw_coordinates.mat,index_z_coordinates,257,1,-4.273349633251829e-06,
F0_D3_raw_coordinates.mat,index_z_coordinates,258,1,-4.24938875305623e-06,
F0_D3_raw_coordinates.mat,index_z_coordinates,259,1,-4.2254278728606309e-06,
F0_D3_raw_coordinates.mat,index_z_coordinates,260,1,-4.2014669926650319e-06,
F0_D3_raw_coordinates.mat,index_z_coordinates,261,1,-4.1775061124694328e-06,
F0_D3_raw_coordinates.mat,index_z_coordinates,262,1,-4.1535452322738338e-06,
F0_D3_raw_coordinates.mat,index_z_coordinates,263,1,-4.1295843520782347e-06,
F0_D3_raw_coordinates.mat,index_z_coordinates,264,1,-4.1056234718826357e-06,
F0_D3_raw_coordinates.mat,index_z_coordinates,265,1,-4.0816625916870366e-06,
F0_D3_raw_coordinates.mat,index_z_coordinates,266,1,-4.0577017114914376e-06,
F0_D3_raw_coordinates.mat,index_z_coordinates,267,1,-4.0337408312958385e-06,
F0_D3_raw_coordinates.mat,index_z_coordinates,268,1,-4.0097799511002395e-06,
F0_D3_raw_coordinates.mat,index_z_coordinates,269,1,-3.9858190709046405e-06,
F0_D3_raw_coordinates.mat,index_z_coordinates,270,1,-3.9618581907090414e-06,
F0_D3_raw_coordinates.mat,index_z_coordinates,271,1,-3.9378973105134424e-06,
F0_D3_raw_coordinates.mat,index_z_coordinates,272,1,-3.9139364303178433e-06,
F0_D3_raw_coordinates.mat,index_z_coordinates,273,1,-3.8899755501222443e-06,
F0_D3_raw_coordinates.mat,index_z_coordinates,274,1,-3.8660146699266452e-06,
F0_D3_raw_coordinates.mat,index_z_coordinates,275,1,-3.8420537897310462e-06,
F0_D3_raw_coordinates.mat,index_z_coordinates,276,1,-3.8180929095354471e-06,
F0_D3_raw_coordinates.mat,index_z_coordinates,277,1,-3.7941320293398481e-06,
F0_D3_raw_coordinates.mat,index_z_coordinates,278,1,-3.7701711491442491e-06,
F0_D3_raw_coordinates.mat,index_z_coordinates,279,1,-3.74621026894865e-06,
F0_D3_raw_coordinates.mat,index_z_coordinates,280,1,-3.722249388753051e-06,
F0_D3_raw_coordinates.mat,index_z_coordinates,281,1,-3.6982885085574519e-06,
F0_D3_raw_coordinates.mat,index_z_coordinates,282,1,-3.6743276283618529e-06,
F0_D3_raw_coordinates.mat,index_z_coordinates,283,1,-3.6503667481662538e-06,
F0_D3_raw_coordinates.mat,index_z_coordinates,284,1,-3.6264058679706548e-06,
F0_D3_raw_coordinates.mat,index_z_coordinates,285,1,-3.6024449877750557e-06,
F0_D3_raw_coordinates.mat,index_z_coordinates,286,1,-3.5784841075794567e-06,
F0_D3_raw_coordinates.mat,index_z_coordinates,287,1,-3.5545232273838576e-06,
F0_D3_raw_coordinates.mat,index_z_coordinates,288,1,-3.5305623471882586e-06,
F0_D3_raw_coordinates.mat,index_z_coordinates,289,1,-3.5066014669926596e-06,
F0_D3_raw_coordinates.mat,index_z_coordinates,290,1,-3.4826405867970605e-06,
F0_D3_raw_coordinates.mat,index_z_coordinates,291,1,-3.4586797066014615e-06,
F0_D3_raw_coordinates.mat,index_z_coordinates,292,1,-3.4347188264058624e-06,
F0_D3_raw_coordinates.mat,index_z_coordinates,293,1,-3.4107579462102634e-06,
F0_D3_raw_coordinates.mat,index_z_coordinates,294,1,-3.3867970660146643e-06,
F0_D3_raw_coordinates.mat,index_z_coordinates,295,1,-3.3628361858190653e-06,
F0_D3_raw_coordinates.mat,index_z_coordinates,296,1,-3.3388753056234662e-06,
F0_D3_raw_coordinates.mat,index_z_coordinates,297,1,-3.3149144254278672e-06,
F0_D3_raw_coordinates.mat,index_z_coordinates,298,1,-3.2909535452322681e-06,
F0_D3_raw_coordinates.mat,index_z_coordinates,299,1,-3.2669926650366691e-06,
F0_D3_raw_coordinates.mat,index_z_coordinates,300,1,-3.2430317848410701e-06,
F0_D3_raw_coordinates.mat,index_z_coordinates,301,1,-3.219070904645471e-06,
F0_D3_raw_coordinates.mat,index_z_coordinates,302,1,-3.195110024449872e-06,
F0_D3_raw_coordinates.mat,index_z_coordinates,303,1,-3.1711491442542729e-06,
F0_D3_raw_coordinates.mat,index_z_coordinates,304,1,-3.1471882640586739e-06,
F0_D3_raw_coordinates.mat,index_z_coordinates,305,1,-3.1232273838630748e-06,
F0_D3_raw_coordinates.mat,index_z_coordinates,306,1,-3.0992665036674758e-06,
F0_D3_raw_coordinates.mat,index_z_coordinates,307,1,-3.0753056234718767e-06,
F0_D3_raw_coordinates.mat,index_z_coordinates,308,1,-3.0513447432762777e-06,
F0_D3_raw_coordinates.mat,index_z_coordinates,309,1,-3.0273838630806786e-06,
F0_D3_raw_coordinates.mat,index_z_coordinates,310,1,-3.0034229828850796e-06,
F0_D3_raw_coordinates.mat,index_z_coordinates,311,1,-2.9794621026894806e-06,
F0_D3_raw_coordinates.mat,index_z_coordinates,312,1,-2.9555012224938815e-06,
F0_D3_raw_coordinates.mat,index_z_coordinates,313,1,-2.9315403422982825e-06,
F0_D3_raw_coordinates.mat,index_z_coordinates,314,1,-2.9075794621026834e-06,
F0_D3_raw_coordinates.mat,index_z_coordinates,315,1,-2.8836185819070844e-06,
F0_D3_raw_coordinates.mat,index_z_coordinates,316,1,-2.8596577017114853e-06,
F0_D3_raw_coordinates.mat,index_z_coordinates,317,1,-2.8356968215158863e-06,
F0_D3_raw_coordinates.mat,index_z_coordinates,318,1,-2.8117359413202872e-06,
F0_D3_raw_coordinates.mat,index_z_coordinates,319,1,-2.7877750611246882e-06,
F0_D3_raw_coordinates.mat,index_z_coordinates,320,1,-2.7638141809290892e-06,
F0_D3_raw_coordinates.mat,index_z_coordinates,321,1,-2.7398533007334901e-06,
F0_D3_raw_coordinates.mat,index_z_coordinates,322,1,-2.7158924205378911e-06,
F0_D3_raw_coordinates.mat,index_z_coordinates,323,1,-2.691931540342292e-06,
F0_D3_raw_coordinates.mat,index_z_coordinates,324,1,-2.667970660146693e-06,
F0_D3_raw_coordinates.mat,index_z_coordinates,325,1,-2.6440097799510939e-06,
F0_D3_raw_coordinates.mat,index_z_coordinates,326,1,-2.6200488997554949e-06,
F0_D3_raw_coordinates.mat,index_z_coordinates,327,1,-2.5960880195598958e-06,
F0_D3_raw_coordinates.mat,index_z_coordinates,328,1,-2.5721271393642968e-06,
F0_D3_raw_coordinates.mat,index_z_coordinates,329,1,-2.5481662591686977e-06,
F0_D3_raw_coordinates.mat,index_z_coordinates,330,1,-2.5242053789730987e-06,
F0_D3_raw_coordinates.mat,index_z_coordinates,331,1,-2.5002444987774997e-06,
F0_D3_raw_coordinates.mat,index_z_coordinates,332,1,-2.4762836185819006e-06,
F0_D3_raw_coordinates.mat,index_z_coordinates,333,1,-2.4523227383863016e-06,
F0_D3_raw_coordinates.mat,index_z_coordinates,334,1,-2.4283618581907025e-06,
F0_D3_raw_coordinates.mat,index_z_coordinates,335,1,-2.4044009779951035e-06,
F0_D3_raw_coordinates.mat,index_z_coordinates,336,1,-2.3804400977995044e-06,
F0_D3_raw_coordinates.mat,index_z_coordinates,337,1,-2.3564792176039054e-06,
F0_D3_raw_coordinates.mat,index_z_coordinates,338,1,-2.3325183374083063e-06,
F0_D3_raw_coordinates.mat,index_z_coordinates,339,1,-2.3085574572127073e-06,
F0_D3_raw_coordinates.mat,index_z_coordinates,340,1,-2.2845965770171082e-06,
F0_D3_raw_coordinates.mat,index_z_coordinates,341,1,-2.2606356968215092e-06,
F0_D3_raw_coordinates.mat,index_z_coordinates,342,1,-2.2366748166259102e-06,
F0_D3_raw_coordinates.mat,index_z_coordinates,343,1,-2.2127139364303111e-06,
F0_D3_raw_coordinates.mat,index_z_coordinates,344,1,-2.1887530562347121e-06,
F0_D3_raw_coordinates.mat,index_z_coordinates,345,1,-2.164792176039113e-06,
F0_D3_raw_coordinates.mat,index_z_coordinates,346,1,-2.140831295843514e-06,
F0_D3_raw_coordinates.mat,index_z_coordinates,347,1,-2.1168704156479149e-06,
F0_D3_raw_coordinates.mat,index_z_coordinates,348,1,-2.0929095354523159e-06,
F0_D3_raw_coordinates.mat,index_z_coordinates,349,1,-2.0689486552567168e-06,
F0_D3_raw_coordinates.mat,index_z_coordinates,350,1,-2.0449877750611178e-06,
F0_D3_raw_coordinates.mat,index_z_coordinates,351,1,-2.0210268948655187e-06,
F0_D3_raw_coordinates.mat,index_z_coordinates,352,1,-1.9970660146699197e-06,
F0_D3_raw_coordinates.mat,index_z_coordinates,353,1,-1.9731051344743207e-06,
F0_D3_raw_coordinates.mat,index_z_coordinates,354,1,-1.9491442542787216e-06,
F0_D3_raw_coordinates.mat,index_z_coordinates,355,1,-1.9251833740831226e-06,
F0_D3_raw_coordinates.mat,index_z_coordinates,356,1,-1.9012224938875235e-06,
F0_D3_raw_coordinates.mat,index_z_coordinates,357,1,-1.8772616136919245e-06,
F0_D3_raw_coordinates.mat,index_z_coordinates,358,1,-1.8533007334963254e-06,
F0_D3_raw_coordinates.mat,index_z_coordinates,359,1,-1.8293398533007264e-06,
F0_D3_raw_coordinates.mat,index_z_coordinates,360,1,-1.8053789731051273e-06,
F0_D3_raw_coordinates.mat,index_z_coordinates,361,1,-1.7814180929095283e-06,
F0_D3_raw_coordinates.mat,index_z_coordinates,362,1,-1.7574572127139293e-06,
F0_D3_raw_coordinates.mat,index_z_coordinates,363,1,-1.7334963325183302e-06,
F0_D3_raw_coordinates.mat,index_z_coordinates,364,1,-1.7095354523227312e-06,
F0_D3_raw_coordinates.mat,index_z_coordinates,365,1,-1.6855745721271321e-06,
F0_D3_raw_coordinates.mat,index_z_coordinates,366,1,-1.6616136919315331e-06,
F0_D3_raw_coordinates.mat,index_z_coordinates,367,1,-1.637652811735934e-06,
F0_D3_raw_coordinates.mat,index_z_coordinates,368,1,-1.613691931540335e-06,
F0_D3_raw_coordinates.mat,index_z_coordinates,369,1,-1.5897310513447359e-06,
F0_D3_raw_coordinates.mat,index_z_coordinates,370,1,-1.5657701711491369e-06,
F0_D3_raw_coordinates.mat,index_z_coordinates,371,1,-1.5418092909535378e-06,
F0_D3_raw_coordinates.mat,index_z_coordinates,372,1,-1.5178484107579388e-06,
F0_D3_raw_coordinates.mat,index_z_coordinates,373,1,-1.4938875305623398e-06,
F0_D3_raw_coordinates.mat,index_z_coordinates,374,1,-1.4699266503667407e-06,
F0_D3_raw_coordinates.mat,index_z_coordinates,375,1,-1.4459657701711417e-06,
F0_D3_raw_coordinates.mat,index_z_coordinates,376,1,-1.4220048899755426e-06,
F0_D3_raw_coordinates.mat,index_z_coordinates,377,1,-1.3980440097799436e-06,
F0_D3_raw_coordinates.mat,index_z_coordinates,378,1,-1.3740831295843445e-06,
F0_D3_raw_coordinates.mat,index_z_coordinates,379,1,-1.3501222493887455e-06,
F0_D3_raw_coordinates.mat,index_z_coordinates,380,1,-1.3261613691931464e-06,
F0_D3_raw_coordinates.mat,index_z_coordinates,381,1,-1.3022004889975474e-06,
F0_D3_raw_coordinates.mat,index_z_coordinates,382,1,-1.2782396088019483e-06,
F0_D3_raw_coordinates.mat,index_z_coordinates,383,1,-1.2542787286063493e-06,
F0_D3_raw_coordinates.mat,index_z_coordinates,384,1,-1.2303178484107503e-06,
F0_D3_raw_coordinates.mat,index_z_coordinates,385,1,-1.2063569682151512e-06,
F0_D3_raw_coordinates.mat,index_z_coordinates,386,1,-1.1823960880195522e-06,
F0_D3_raw_coordinates.mat,index_z_coordinates,387,1,-1.1584352078239531e-06,
F0_D3_raw_coordinates.mat,index_z_coordinates,388,1,-1.1344743276283541e-06,
F0_D3_raw_coordinates.mat,index_z_coordinates,389,1,-1.110513447432755e-06,
F0_D3_raw_coordinates.mat,index_z_coordinates,390,1,-1.086552567237156e-06,
F0_D3_raw_coordinates.mat,index_z_coordinates,391,1,-1.0625916870415569e-06,
F0_D3_raw_coordinates.mat,index_z_coordinates,392,1,-1.0386308068459579e-06,
F0_D3_raw_coordinates.mat,index_z_coordinates,393,1,-1.0146699266503588e-06,
F0_D3_raw_coordinates.mat,index_z_coordinates,394,1,-9.907090464547598e-07,
F0_D3_raw_coordinates.mat,index_z_coordinates,395,1,-9.6674816625916076e-07,
F0_D3_raw_coordinates.mat,index_z_coordinates,396,1,-9.4278728606356171e-07,
F0_D3_raw_coordinates.mat,index_z_coordinates,397,1,-9.1882640586796267e-07,
F0_D3_raw_coordinates.mat,index_z_coordinates,398,1,-8.9486552567236362e-07,
F0_D3_raw_coordinates.mat,index_z_coordinates,399,1,-8.7090464547676458e-07,
F0_D3_raw_coordinates.mat,index_z_coordinates,400,1,-8.4694376528116553e-07,
F0_D3_raw_coordinates.mat,index_z_coordinates,401,1,-8.2298288508556649e-07,
F0_D3_raw_coordinates.mat,index_z_coordinates,402,1,-7.9902200488996744e-07,
F0_D3_raw_coordinates.mat,index_z_coordinates,403,1,-7.7506112469436839e-07,
F0_D3_raw_coordinates.mat,index_z_coordinates,404,1,-7.5110024449876935e-07,
F0_D3_raw_coordinates.mat,index_z_coordinates,405,1,-7.271393643031703e-07,
F0_D3_raw_coordinates.mat,index_z_coordinates,406,1,-7.0317848410757126e-07,
F0_D3_raw_coordinates.mat,index_z_coordinates,407,1,-6.7921760391197221e-07,
F0_D3_raw_coordinates.mat,index_z_coordinates,408,1,-6.5525672371637317e-07,
F0_D3_raw_coordinates.mat,index_z_coordinates,409,1,-6.3129584352077412e-07,
F0_D3_raw_coordinates.mat,index_z_coordinates,410,1,-6.0733496332517508e-07,
F0_D3_raw_coordinates.mat,index_z_coordinates,411,1,-5.8337408312957603e-07,
F0_D3_raw_coordinates.mat,index_z_coordinates,412,1,-5.5941320293397699e-07,
F0_D3_raw_coordinates.mat,index_z_coordinates,413,1,-5.3545232273837794e-07,
F0_D3_raw_coordinates.mat,index_z_coordinates,414,1,-5.114914425427789e-07,
F0_D3_raw_coordinates.mat,index_z_coordinates,415,1,-4.8753056234717985e-07,
F0_D3_raw_coordinates.mat,index_z_coordinates,416,1,-4.6356968215158081e-07,
F0_D3_raw_coordinates.mat,index_z_coordinates,417,1,-4.3960880195598176e-07,
F0_D3_raw_coordinates.mat,index_z_coordinates,418,1,-4.1564792176038272e-07,
F0_D3_raw_coordinates.mat,index_z_coordinates,419,1,-3.9168704156478367e-07,
F0_D3_raw_coordinates.mat,index_z_coordinates,420,1,-3.6772616136918463e-07,
F0_D3_raw_coordinates.mat,index_z_coordinates,421,1,-3.4376528117358558e-07,
F0_D3_raw_coordinates.mat,index_z_coordinates,422,1,-3.1980440097798654e-07,
F0_D3_raw_coordinates.mat,index_z_coordinates,423,1,-2.9584352078238749e-07,
F0_D3_raw_coordinates.mat,index_z_coordinates,424,1,-2.7188264058679707e-07,
F0_D3_raw_coordinates.mat,index_z_coordinates,425,1,-2.4989691169883664e-07,
F0_D3_raw_coordinates.mat,index_z_coordinates,426,1,-2.3108915352647723e-07,
F0_D3_raw_coordinates.mat,index_z_coordinates,427,1,-2.1499999999999138e-07,
F0_D3_raw_coordinates.mat,index_z_coordinates,428,1,-1.9999999999999136e-07,
F0_D3_raw_coordinates.mat,index_z_coordinates,429,1,-1.8499999999999998e-07,
F0_D3_raw_coordinates.mat,index_z_coordinates,430,1,-1.6999999999999996e-07,
F0_D3_raw_coordinates.mat,index_z_coordinates,431,1,-1.5499999999999995e-07,
F0_D3_raw_coordinates.mat,index_z_coordinates,432,1,-1.3999999999999993e-07,
F0_D3_raw_coordinates.mat,index_z_coordinates,433,1,-1.2499999999999991e-07,
F0_D3_raw_coordinates.mat,index_z_coordinates,434,1,-1.0999999999999991e-07,
F0_D3_raw_coordinates.mat,index_z_coordinates,435,1,-9.4999999999999911e-08,
F0_D3_raw_coordinates.mat,index_z_coordinates,436,1,-7.9999999999999909e-08,
F0_D3_raw_coordinates.mat,index_z_coordinates,437,1,-6.4999999999999907e-08,
F0_D3_raw_coordinates.mat,index_z_coordinates,438,1,-4.9999999999999905e-08,
F0_D3_raw_coordinates.mat,index_z_coordinates,439,1,-3.4999999999999903e-08,
F0_D3_raw_coordinates.mat,index_z_coordinates,440,1,-1.9999999999999901e-08,
F0_D3_raw_coordinates.mat,index_z_coordinates,441,1,-4.9999999999998992e-09,
F0_D3_raw_coordinates.mat,index_z_coordinates,442,1,1.0000000000000103e-08,
F0_D3_raw_coordinates.mat,index_z_coordinates,443,1,2.5000000000000105e-08,
F0_D3_raw_coordinates.mat,index_z_coordinates,444,1,4.0000000000000107e-08,
F0_D3_raw_coordinates.mat,index_z_coordinates,445,1,5.5000000000000109e-08,
F0_D3_raw_coordinates.mat,index_z_coordinates,446,1,7.0000000000000111e-08,
F0_D3_raw_coordinates.mat,index_z_coordinates,447,1,8.5000000000000113e-08,
F0_D3_raw_coordinates.mat,index_z_coordinates,448,1,1.0000000000000011e-07,
F0_D3_raw_coordinates.mat,index_z_coordinates,449,1,1.1500000000000012e-07,
F0_D3_raw_coordinates.mat,index_z_coordinates,450,1,1.3000000000000013e-07,
F0_D3_raw_coordinates.mat,index_z_coordinates,451,1,1.4500000000000015e-07,
F0_D3_raw_coordinates.mat,index_z_coordinates,452,1,1.6000000000000016e-07,
F0_D3_raw_coordinates.mat,index_z_coordinates,453,1,1.7500000000000018e-07,
F0_D3_raw_coordinates.mat,index_z_coordinates,454,1,1.9000000000000019e-07,
F0_D3_raw_coordinates.mat,index_z_coordinates,455,1,2.0500000000000021e-07,
F0_D3_raw_coordinates.mat,index_z_coordinates,456,1,2.2000000000000022e-07,
F0_D3_raw_coordinates.mat,index_z_coordinates,457,1,2.3500000000000024e-07,
F0_D3_raw_coordinates.mat,index_z_coordinates,458,1,2.5000000000000025e-07,
F0_D3_raw_coordinates.mat,index_z_coordinates,459,1,2.6500000000000027e-07,
F0_D3_raw_coordinates.mat,index_z_coordinates,460,1,2.8000000000000028e-07,
F0_D3_raw_coordinates.mat,index_z_coordinates,461,1,2.950000000000003e-07,
F0_D3_raw_coordinates.mat,index_z_coordinates,462,1,3.1000000000000031e-07,
F0_D3_raw_coordinates.mat,index_z_coordinates,463,1,3.2500000000000006e-07,
F0_D3_raw_coordinates.mat,index_z_coordinates,464,1,3.4000000000000034e-07,
F0_D3_raw_coordinates.mat,index_z_coordinates,465,1,3.5572393523386309e-07,
F0_D3_raw_coordinates.mat,index_z_coordinates,466,1,3.762820512820516e-07,
F0_D3_raw_coordinates.mat,index_z_coordinates,467,1,4.01923076923077e-07,
F0_D3_raw_coordinates.mat,index_z_coordinates,468,1,4.2756410256410266e-07,
F0_D3_raw_coordinates.mat,index_z_coordinates,469,1,4.5320512820512833e-07,
F0_D3_raw_coordinates.mat,index_z_coordinates,470,1,4.7884615384615394e-07,
F0_D3_raw_coordinates.mat,index_z_coordinates,471,1,5.0448717948717955e-07,
F0_D3_raw_coordinates.mat,index_z_coordinates,472,1,5.3012820512820516e-07,
F0_D3_raw_coordinates.mat,index_z_coordinates,473,1,5.5576923076923077e-07,
F0_D3_raw_coordinates.mat,index_z_coordinates,474,1,5.8141025641025638e-07,
F0_D3_raw_coordinates.mat,index_z_offset,0,1,-1.0429304619525427e-05,
F0_D3_raw_coordinates.mat,index_z_offset,1,1,-1.0404128561685244e-05,
F0_D3_raw_coordinates.mat,index_z_offset,2,1,-1.0379032473009023e-05,
F0_D3_raw_coordinates.mat,index_z_offset,3,1,-1.0354016099482918e-05,
F0_D3_raw_coordinates.mat,index_z_offset,4,1,-1.0329079187899939e-05,
F0_D3_raw_coordinates.mat,index_z_offset,5,1,-1.0304221485857373e-05,
F0_D3_raw_coordinates.mat,index_z_offset,6,1,-1.027944274175425e-05,
F0_D3_raw_coordinates.mat,index_z_offset,7,1,-1.0254742704788773e-05,
F0_D3_raw_coordinates.mat,index_z_offset,8,1,-1.0230121124955804e-05,
F0_D3_raw_coordinates.mat,index_z_offset,9,1,-1.0205577753044308e-05,
F0_D3_raw_coordinates.mat,index_z_offset,10,1,-1.0181112340634848e-05,
F0_D3_raw_coordinates.mat,index_z_offset,11,1,-1.0156724640097068e-05,
F0_D3_raw_coordinates.mat,index_z_offset,12,1,-1.0132414404587186e-05,
F0_D3_raw_coordinates.mat,index_z_offset,13,1,-1.0108181388045489e-05,
F0_D3_raw_coordinates.mat,index_z_offset,14,1,-1.0084025345193846e-05,
F0_D3_raw_coordinates.mat,index_z_offset,15,1,-1.0059946031533235e-05,
F0_D3_raw_coordinates.mat,index_z_offset,16,1,-1.0035943203341254e-05,
F0_D3_raw_coordinates.mat,index_z_offset,17,1,-1.0011980440097784e-05,
F0_D3_raw_coordinates.mat,index_z_offset,18,1,-9.9880195599021937e-06,
F0_D3_raw_coordinates.mat,index_z_offset,19,1,-9.9640586797066031e-06,
F0_D3_raw_coordinates.mat,index_z_offset,20,1,-9.9400977995110024e-06,
F0_D3_raw_coordinates.mat,index_z_offset,21,1,-9.916136919315405e-06,
F0_D3_raw_coordinates.mat,index_z_offset,22,1,-9.8921760391198043e-06,
F0_D3_raw_coordinates.mat,index_z_offset,23,1,-9.8682151589242069e-06,
F0_D3_raw_coordinates.mat,index_z_offset,24,1,-9.8442542787286062e-06,
F0_D3_raw_coordinates.mat,index_z_offset,25,1,-9.8202933985330088e-06,
F0_D3_raw_coordinates.mat,index_z_offset,26,1,-9.7963325183374081e-06,
F0_D3_raw_coordinates.mat,index_z_offset,27,1,-9.7723716381418107e-06,
F0_D3_raw_coordinates.mat,index_z_offset,28,1,-9.74841075794621e-06,
F0_D3_raw_coordinates.mat,index_z_offset,29,1,-9.7244498777506126e-06,
F0_D3_raw_coordinates.mat,index_z_offset,30,1,-9.7004889975550119e-06,
F0_D3_raw_coordinates.mat,index_z_offset,31,1,-9.6765281173594146e-06,
F0_D3_raw_coordinates.mat,index_z_offset,32,1,-9.6525672371638138e-06,
F0_D3_raw_coordinates.mat,index_z_offset,33,1,-9.6286063569682165e-06,
F0_D3_raw_coordinates.mat,index_z_offset,34,1,-9.6046454767726157e-06,
F0_D3_raw_coordinates.mat,index_z_offset,35,1,-9.5806845965770184e-06,
F0_D3_raw_coordinates.mat,index_z_offset,36,1,-9.5567237163814176e-06,
F0_D3_raw_coordinates.mat,index_z_offset,37,1,-9.5327628361858203e-06,
F0_D3_raw_coordinates.mat,index_z_offset,38,1,-9.5088019559902195e-06,
F0_D3_raw_coordinates.mat,index_z_offset,39,1,-9.4848410757946222e-06,
F0_D3_raw_coordinates.mat,index_z_offset,40,1,-9.4608801955990215e-06,
F0_D3_raw_coordinates.mat,index_z_offset,41,1,-9.4369193154034241e-06,
F0_D3_raw_coordinates.mat,index_z_offset,42,1,-9.4129584352078234e-06,
F0_D3_raw_coordinates.mat,index_z_offset,43,1,-9.388997555012226e-06,
F0_D3_raw_coordinates.mat,index_z_offset,44,1,-9.3650366748166253e-06,
F0_D3_raw_coordinates.mat,index_z_offset,45,1,-9.3410757946210279e-06,
F0_D3_raw_coordinates.mat,index_z_offset,46,1,-9.3171149144254272e-06,
F0_D3_raw_coordinates.mat,index_z_offset,47,1,-9.2931540342298298e-06,
F0_D3_raw_coordinates.mat,index_z_offset,48,1,-9.2691931540342291e-06,
F0_D3_raw_coordinates.mat,index_z_offset,49,1,-9.2452322738386317e-06,
F0_D3_raw_coordinates.mat,index_z_offset,50,1,-9.221271393643031e-06,
F0_D3_raw_coordinates.mat,index_z_offset,51,1,-9.1973105134474336e-06,
F0_D3_raw_coordinates.mat,index_z_offset,52,1,-9.1733496332518329e-06,
F0_D3_raw_coordinates.mat,index_z_offset,53,1,-9.1493887530562356e-06,
F0_D3_raw_coordinates.mat,index_z_offset,54,1,-9.1254278728606348e-06,
F0_D3_raw_coordinates.mat,index_z_offset,55,1,-9.1014669926650375e-06,
F0_D3_raw_coordinates.mat,index_z_offset,56,1,-9.0775061124694367e-06,
F0_D3_raw_coordinates.mat,index_z_offset,57,1,-9.0535452322738394e-06,
F0_D3_raw_coordinates.mat,index_z_offset,58,1,-9.0295843520782386e-06,
F0_D3_raw_coordinates.mat,index_z_offset,59,1,-9.0056234718826413e-06,
F0_D3_raw_coordinates.mat,index_z_offset,60,1,-8.9816625916870405e-06,
F0_D3_raw_coordinates.mat,index_z_offset,61,1,-8.9577017114914432e-06,
F0_D3_raw_coordinates.mat,index_z_offset,62,1,-8.9337408312958425e-06,
F0_D3_raw_coordinates.mat,index_z_offset,63,1,-8.9097799511002451e-06,
F0_D3_raw_coordinates.mat,index_z_offset,64,1,-8.8858190709046444e-06,
F0_D3_raw_coordinates.mat,index_z_offset,65,1,-8.861858190709047e-06,
F0_D3_raw_coordinates.mat,index_z_offset,66,1,-8.8378973105134463e-06,
F0_D3_raw_coordinates.mat,index_z_offset,67,1,-8.8139364303178489e-06,
F0_D3_raw_coordinates.mat,index_z_offset,68,1,-8.7899755501222482e-06,
F0_D3_raw_coordinates.mat,index_z_offset,69,1,-8.7660146699266508e-06,
F0_D3_raw_coordinates.mat,index_z_offset,70,1,-8.7420537897310501e-06,
F0_D3_raw_coordinates.mat,index_z_offset,71,1,-8.7180929095354527e-06,
F0_D3_raw_coordinates.mat,index_z_offset,72,1,-8.694132029339852e-06,
F0_D3_raw_coordinates.mat,index_z_offset,73,1,-8.6701711491442547e-06,
F0_D3_raw_coordinates.mat,index_z_offset,74,1,-8.6462102689486539e-06,
F0_D3_raw_coordinates.mat,index_z_offset,75,1,-8.6222493887530566e-06,
F0_D3_raw_coordinates.mat,index_z_offset,76,1,-8.5982885085574558e-06,
F0_D3_raw_coordinates.mat,index_z_offset,77,1,-8.5743276283618585e-06,
F0_D3_raw_coordinates.mat,index_z_offset,78,1,-8.5503667481662577e-06,
F0_D3_raw_coordinates.mat,index_z_offset,79,1,-8.5264058679706604e-06,
F0_D3_raw_coordinates.mat,index_z_offset,80,1,-8.5024449877750596e-06,
F0_D3_raw_coordinates.mat,index_z_offset,81,1,-8.4784841075794623e-06,
F0_D3_raw_coordinates.mat,index_z_offset,82,1,-8.4545232273838616e-06,
F0_D3_raw_coordinates.mat,index_z_offset,83,1,-8.4305623471882642e-06,
F0_D3_raw_coordinates.mat,index_z_offset,84,1,-8.4066014669926635e-06,
F0_D3_raw_coordinates.mat,index_z_offset,85,1,-8.3826405867970661e-06,
F0_D3_raw_coordinates.mat,index_z_offset,86,1,-8.3586797066014654e-06,
F0_D3_raw_coordinates.mat,index_z_offset,87,1,-8.334718826405868e-06,
F0_D3_raw_coordinates.mat,index_z_offset,88,1,-8.3107579462102673e-06,
F0_D3_raw_coordinates.mat,index_z_offset,89,1,-8.2867970660146699e-06,
F0_D3_raw_coordinates.mat,index_z_offset,90,1,-8.2628361858190692e-06,
F0_D3_raw_coordinates.mat,index_z_offset,91,1,-8.2388753056234718e-06,
F0_D3_raw_coordinates.mat,index_z_offset,92,1,-8.2149144254278711e-06,
F0_D3_raw_coordinates.mat,index_z_offset,93,1,-8.1909535452322737e-06,
F0_D3_raw_coordinates.mat,index_z_offset,94,1,-8.166992665036673e-06,
F0_D3_raw_coordinates.mat,index_z_offset,95,1,-8.1430317848410757e-06,
F0_D3_raw_coordinates.mat,index_z_offset,96,1,-8.1190709046454749e-06,
F0_D3_raw_coordinates.mat,index_z_offset,97,1,-8.0951100244498776e-06,
F0_D3_raw_coordinates.mat,index_z_offset,98,1,-8.0711491442542768e-06,
F0_D3_raw_coordinates.mat,index_z_offset,99,1,-8.0471882640586795e-06,
F0_D3_raw_coordinates.mat,index_z_offset,100,1,-8.0232273838630787e-06,
F0_D3_raw_coordinates.mat,index_z_offset,101,1,-7.9992665036674814e-06,
F0_D3_raw_coordinates.mat,index_z_offset,102,1,-7.9753056234718806e-06,
F0_D3_raw_coordinates.mat,index_z_offset,103,1,-7.9513447432762833e-06,
F0_D3_raw_coordinates.mat,index_z_offset,104,1,-7.9273838630806826e-06,
F0_D3_raw_coordinates.mat,index_z_offset,105,1,-7.9034229828850852e-06,
F0_D3_raw_coordinates.mat,index_z_offset,106,1,-7.8794621026894845e-06,
F0_D3_raw_coordinates.mat,index_z_offset,107,1,-7.8555012224938871e-06,
F0_D3_raw_coordinates.mat,index_z_offset,108,1,-7.8315403422982864e-06,
F0_D3_raw_coordinates.mat,index_z_offset,109,1,-7.807579462102689e-06,
F0_D3_raw_coordinates.mat,index_z_offset,110,1,-7.7836185819070883e-06,
F0_D3_raw_coordinates.mat,index_z_offset,111,1,-7.7596577017114909e-06,
F0_D3_raw_coordinates.mat,index_z_offset,112,1,-7.7356968215158902e-06,
F0_D3_raw_coordinates.mat,index_z_offset,113,1,-7.7117359413202928e-06,
F0_D3_raw_coordinates.mat,index_z_offset,114,1,-7.6877750611246921e-06,
F0_D3_raw_coordinates.mat,index_z_offset,115,1,-7.6638141809290948e-06,
F0_D3_raw_coordinates.mat,index_z_offset,116,1,-7.639853300733494e-06,
F0_D3_raw_coordinates.mat,index_z_offset,117,1,-7.6158924205378958e-06,
F0_D3_raw_coordinates.mat,index_z_offset,118,1,-7.5919315403422968e-06,
F0_D3_raw_coordinates.mat,index_z_offset,119,1,-7.5679706601466977e-06,
F0_D3_raw_coordinates.mat,index_z_offset,120,1,-7.5440097799510987e-06,
F0_D3_raw_coordinates.mat,index_z_offset,121,1,-7.5200488997554996e-06,
F0_D3_raw_coordinates.mat,index_z_offset,122,1,-7.4960880195599006e-06,
F0_D3_raw_coordinates.mat,index_z_offset,123,1,-7.4721271393643015e-06,
F0_D3_raw_coordinates.mat,index_z_offset,124,1,-7.4481662591687025e-06,
F0_D3_raw_coordinates.mat,index_z_offset,125,1,-7.4242053789731035e-06,
F0_D3_raw_coordinates.mat,index_z_offset,126,1,-7.4002444987775044e-06,
F0_D3_raw_coordinates.mat,index_z_offset,127,1,-7.3762836185819054e-06,
F0_D3_raw_coordinates.mat,index_z_offset,128,1,-7.3523227383863063e-06,
F0_D3_raw_coordinates.mat,index_z_offset,129,1,-7.3283618581907073e-06,
F0_D3_raw_coordinates.mat,index_z_offset,130,1,-7.3044009779951082e-06,
F0_D3_raw_coordinates.mat,index_z_offset,131,1,-7.2804400977995092e-06,
F0_D3_raw_coordinates.mat,index_z_offset,132,1,-7.2564792176039101e-06,
F0_D3_raw_coordinates.mat,index_z_offset,133,1,-7.2325183374083111e-06,
F0_D3_raw_coordinates.mat,index_z_offset,134,1,-7.208557457212712e-06,
F0_D3_raw_coordinates.mat,index_z_offset,135,1,-7.184596577017113e-06,
F0_D3_raw_coordinates.mat,index_z_offset,136,1,-7.160635696821514e-06,
F0_D3_raw_coordinates.mat,index_z_offset,137,1,-7.1366748166259149e-06,
F0_D3_raw_coordinates.mat,index_z_offset,138,1,-7.1127139364303159e-06,
F0_D3_raw_coordinates.mat,index_z_offset,139,1,-7.0887530562347168e-06,
F0_D3_raw_coordinates.mat,index_z_offset,140,1,-7.0647921760391178e-06,
F0_D3_raw_coordinates.mat,index_z_offset,141,1,-7.0408312958435187e-06,
F0_D3_raw_coordinates.mat,index_z_offset,142,1,-7.0168704156479197e-06,
F0_D3_raw_coordinates.mat,index_z_offset,143,1,-6.9929095354523206e-06,
F0_D3_raw_coordinates.mat,index_z_offset,144,1,-6.9689486552567216e-06,
F0_D3_raw_coordinates.mat,index_z_offset,145,1,-6.9449877750611225e-06,
F0_D3_raw_coordinates.mat,index_z_offset,146,1,-6.9210268948655235e-06,
F0_D3_raw_coordinates.mat,index_z_offset,147,1,-6.8970660146699245e-06,
F0_D3_raw_coordinates.mat,index_z_offset,148,1,-6.8731051344743254e-06,
F0_D3_raw_coordinates.mat,index_z_offset,149,1,-6.8491442542787264e-06,
F0_D3_raw_coordinates.mat,index_z_offset,150,1,-6.8251833740831273e-06,
F0_D3_raw_coordinates.mat,index_z_offset,151,1,-6.8012224938875283e-06,
F0_D3_raw_coordinates.mat,index_z_offset,152,1,-6.7772616136919292e-06,
F0_D3_raw_coordinates.mat,index_z_offset,153,1,-6.7533007334963302e-06,
F0_D3_raw_coordinates.mat,index_z_offset,154,1,-6.7293398533007311e-06,
F0_D3_raw_coordinates.mat,index_z_offset,155,1,-6.7053789731051321e-06,
F0_D3_raw_coordinates.mat,index_z_offset,156,1,-6.6814180929095331e-06,
F0_D3_raw_coordinates.mat,index_z_offset,157,1,-6.657457212713934e-06,
F0_D3_raw_coordinates.mat,index_z_offset,158,1,-6.633496332518335e-06,
F0_D3_raw_coordinates.mat,index_z_offset,159,1,-6.6095354523227359e-06,
F0_D3_raw_coordinates.mat,index_z_offset,160,1,-6.5855745721271369e-06,
F0_D3_raw_coordinates.mat,index_z_offset,161,1,-6.5616136919315378e-06,
F0_D3_raw_coordinates.mat,index_z_offset,162,1,-6.5376528117359388e-06,
F0_D3_raw_coordinates.mat,index_z_offset,163,1,-6.5136919315403397e-06,
F0_D3_raw_coordinates.mat,index_z_offset,164,1,-6.4897310513447407e-06,
F0_D3_raw_coordinates.mat,index_z_offset,165,1,-6.4657701711491416e-06,
F0_D3_raw_coordinates.mat,index_z_offset,166,1,-6.4418092909535426e-06,
F0_D3_raw_coordinates.mat,index_z_offset,167,1,-6.4178484107579436e-06,
F0_D3_raw_coordinates.mat,index_z_offset,168,1,-6.3938875305623445e-06,
F0_D3_raw_coordinates.mat,index_z_offset,169,1,-6.3699266503667455e-06,
F0_D3_raw_coordinates.mat,index_z_offset,170,1,-6.3459657701711464e-06,
F0_D3_raw_coordinates.mat,index_z_offset,171,1,-6.3220048899755474e-06,
F0_D3_raw_coordinates.mat,index_z_offset,172,1,-6.2980440097799483e-06,
F0_D3_raw_coordinates.mat,index_z_offset,173,1,-6.2740831295843493e-06,
F0_D3_raw_coordinates.mat,index_z_offset,174,1,-6.2501222493887502e-06,
F0_D3_raw_coordinates.mat,index_z_offset,175,1,-6.2261613691931512e-06,
F0_D3_raw_coordinates.mat,index_z_offset,176,1,-6.2022004889975521e-06,
F0_D3_raw_coordinates.mat,index_z_offset,177,1,-6.1782396088019531e-06,
F0_D3_raw_coordinates.mat,index_z_offset,178,1,-6.1542787286063541e-06,
F0_D3_raw_coordinates.mat,index_z_offset,179,1,-6.130317848410755e-06,
F0_D3_raw_coordinates.mat,index_z_offset,180,1,-6.106356968215156e-06,
F0_D3_raw_coordinates.mat,index_z_offset,181,1,-6.0823960880195569e-06,
F0_D3_raw_coordinates.mat,index_z_offset,182,1,-6.0584352078239579e-06,
F0_D3_raw_coordinates.mat,index_z_offset,183,1,-6.0344743276283588e-06,
F0_D3_raw_coordinates.mat,index_z_offset,184,1,-6.0105134474327598e-06,
F0_D3_raw_coordinates.mat,index_z_offset,185,1,-5.9865525672371607e-06,
F0_D3_raw_coordinates.mat,index_z_offset,186,1,-5.9625916870415617e-06,
F0_D3_raw_coordinates.mat,index_z_offset,187,1,-5.9386308068459626e-06,
F0_D3_raw_coordinates.mat,index_z_offset,188,1,-5.9146699266503636e-06,
F0_D3_raw_coordinates.mat,index_z_offset,189,1,-5.8907090464547646e-06,
F0_D3_raw_coordinates.mat,index_z_offset,190,1,-5.8667481662591655e-06,
F0_D3_raw_coordinates.mat,index_z_offset,191,1,-5.8427872860635665e-06,
F0_D3_raw_coordinates.mat,index_z_offset,192,1,-5.8188264058679674e-06,
F0_D3_raw_coordinates.mat,index_z_offset,193,1,-5.7948655256723684e-06,
F0_D3_raw_coordinates.mat,index_z_offset,194,1,-5.7709046454767693e-06,
F0_D3_raw_coordinates.mat,index_z_offset,195,1,-5.7469437652811703e-06,
F0_D3_raw_coordinates.mat,index_z_offset,196,1,-5.7229828850855712e-06,
F0_D3_raw_coordinates.mat,index_z_offset,197,1,-5.6990220048899722e-06,
F0_D3_raw_coordinates.mat,index_z_offset,198,1,-5.6750611246943731e-06,
F0_D3_raw_coordinates.mat,index_z_offset,199,1,-5.6511002444987741e-06,
F0_D3_raw_coordinates.mat,index_z_offset,200,1,-5.6271393643031751e-06,
F0_D3_raw_coordinates.mat,index_z_offset,201,1,-5.603178484107576e-06,
F0_D3_raw_coordinates.mat,index_z_offset,202,1,-5.579217603911977e-06,
F0_D3_raw_coordinates.mat,index_z_offset,203,1,-5.5552567237163779e-06,
F0_D3_raw_coordinates.mat,index_z_offset,204,1,-5.5312958435207789e-06,
F0_D3_raw_coordinates.mat,index_z_offset,205,1,-5.5073349633251798e-06,
F0_D3_raw_coordinates.mat,index_z_offset,206,1,-5.4833740831295808e-06,
F0_D3_raw_coordinates.mat,index_z_offset,207,1,-5.4594132029339817e-06,
F0_D3_raw_coordinates.mat,index_z_offset,208,1,-5.4354523227383827e-06,
F0_D3_raw_coordinates.mat,index_z_offset,209,1,-5.4114914425427837e-06,
F0_D3_raw_coordinates.mat,index_z_offset,210,1,-5.3875305623471846e-06,
F0_D3_raw_coordinates.mat,index_z_offset,211,1,-5.3635696821515856e-06,
F0_D3_raw_coordinates.mat,index_z_offset,212,1,-5.3396088019559865e-06,
F0_D3_raw_coordinates.mat,index_z_offset,213,1,-5.3156479217603875e-06,
F0_D3_raw_coordinates.mat,index_z_offset,214,1,-5.2916870415647884e-06,
F0_D3_raw_coordinates.mat,index_z_offset,215,1,-5.2677261613691894e-06,
F0_D3_raw_coordinates.mat,index_z_offset,216,1,-5.2437652811735903e-06,
F0_D3_raw_coordinates.mat,index_z_offset,217,1,-5.2198044009779913e-06,
F0_D3_raw_coordinates.mat,index_z_offset,218,1,-5.1958435207823922e-06,
F0_D3_raw_coordinates.mat,index_z_offset,219,1,-5.1718826405867932e-06,
F0_D3_raw_coordinates.mat,index_z_offset,220,1,-5.1479217603911942e-06,
F0_D3_raw_coordinates.mat,index_z_offset,221,1,-5.1239608801955951e-06,
F0_D3_raw_coordinates.mat,index_z_offset,222,1,-5.0999999999999961e-06,
F0_D3_raw_coordinates.mat,index_z_offset,223,1,-5.076039119804397e-06,
F0_D3_raw_coordinates.mat,index_z_offset,224,1,-5.052078239608798e-06,
F0_D3_raw_coordinates.mat,index_z_offset,225,1,-5.0281173594131989e-06,
F0_D3_raw_coordinates.mat,index_z_offset,226,1,-5.0041564792175999e-06,
F0_D3_raw_coordinates.mat,index_z_offset,227,1,-4.9801955990220008e-06,
F0_D3_raw_coordinates.mat,index_z_offset,228,1,-4.9562347188264018e-06,
F0_D3_raw_coordinates.mat,index_z_offset,229,1,-4.9322738386308027e-06,
F0_D3_raw_coordinates.mat,index_z_offset,230,1,-4.9083129584352037e-06,
F0_D3_raw_coordinates.mat,index_z_offset,231,1,-4.8843520782396047e-06,
F0_D3_raw_coordinates.mat,index_z_offset,232,1,-4.8603911980440056e-06,
F0_D3_raw_coordinates.mat,index_z_offset,233,1,-4.8364303178484066e-06,
F0_D3_raw_coordinates.mat,index_z_offset,234,1,-4.8124694376528075e-06,
F0_D3_raw_coordinates.mat,index_z_offset,235,1,-4.7885085574572085e-06,
F0_D3_raw_coordinates.mat,index_z_offset,236,1,-4.7645476772616094e-06,
F0_D3_raw_coordinates.mat,index_z_offset,237,1,-4.7405867970660104e-06,
F0_D3_raw_coordinates.mat,index_z_offset,238,1,-4.7166259168704113e-06,
F0_D3_raw_coordinates.mat,index_z_offset,239,1,-4.6926650366748123e-06,
F0_D3_raw_coordinates.mat,index_z_offset,240,1,-4.6687041564792132e-06,
F0_D3_raw_coordinates.mat,index_z_offset,241,1,-4.6447432762836142e-06,
F0_D3_raw_coordinates.mat,index_z_offset,242,1,-4.6207823960880152e-06,
F0_D3_raw_coordinates.mat,index_z_offset,243,1,-4.5968215158924161e-06,
F0_D3_raw_coordinates.mat,index_z_offset,244,1,-4.5728606356968171e-06,
F0_D3_raw_coordinates.mat,index_z_offset,245,1,-4.548899755501218e-06,
F0_D3_raw_coordinates.mat,index_z_offset,246,1,-4.524938875305619e-06,
F0_D3_raw_coordinates.mat,index_z_offset,247,1,-4.5009779951100199e-06,
F0_D3_raw_coordinates.mat,index_z_offset,248,1,-4.4770171149144209e-06,
F0_D3_raw_coordinates.mat,index_z_offset,249,1,-4.4530562347188218e-06,
F0_D3_raw_coordinates.mat,index_z_offset,250,1,-4.4290953545232228e-06,
F0_D3_raw_coordinates.mat,index_z_offset,251,1,-4.4051344743276238e-06,
F0_D3_raw_coordinates.mat,index_z_offset,252,1,-4.3811735941320247e-06,
F0_D3_raw_coordinates.mat,index_z_offset,253,1,-4.3572127139364257e-06,
F0_D3_raw_coordinates.mat,index_z_offset,254,1,-4.3332518337408266e-06,
F0_D3_raw_coordinates.mat,index_z_offset,255,1,-4.3092909535452276e-06,
F0_D3_raw_coordinates.mat,index_z_offset,256,1,-4.2853300733496285e-06,
F0_D3_raw_coordinates.mat,index_z_offset,257,1,-4.2613691931540295e-06,
F0_D3_raw_coordinates.mat,index_z_offset,258,1,-4.2374083129584304e-06,
F0_D3_raw_coordinates.mat,index_z_offset,259,1,-4.2134474327628314e-06,
F0_D3_raw_coordinates.mat,index_z_offset,260,1,-4.1894865525672323e-06,
F0_D3_raw_coordinates.mat,index_z_offset,261,1,-4.1655256723716333e-06,
F0_D3_raw_coordinates.mat,index_z_offset,262,1,-4.1415647921760343e-06,
F0_D3_raw_coordinates.mat,index_z_offset,263,1,-4.1176039119804352e-06,
F0_D3_raw_coordinates.mat,index_z_offset,264,1,-4.0936430317848362e-06,
F0_D3_raw_coordinates.mat,index_z_offset,265,1,-4.0696821515892371e-06,
F0_D3_raw_coordinates.mat,index_z_offset,266,1,-4.0457212713936381e-06,
F0_D3_raw_coordinates.mat,index_z_offset,267,1,-4.021760391198039e-06,
F0_D3_raw_coordinates.mat,index_z_offset,268,1,-3.99779951100244e-06,
F0_D3_raw_coordinates.mat,index_z_offset,269,1,-3.9738386308068409e-06,
F0_D3_raw_coordinates.mat,index_z_offset,270,1,-3.9498777506112419e-06,
F0_D3_raw_coordinates.mat,index_z_offset,271,1,-3.9259168704156428e-06,
F0_D3_raw_coordinates.mat,index_z_offset,272,1,-3.9019559902200438e-06,
F0_D3_raw_coordinates.mat,index_z_offset,273,1,-3.8779951100244448e-06,
F0_D3_raw_coordinates.mat,index_z_offset,274,1,-3.8540342298288457e-06,
F0_D3_raw_coordinates.mat,index_z_offset,275,1,-3.8300733496332467e-06,
F0_D3_raw_coordinates.mat,index_z_offset,276,1,-3.8061124694376476e-06,
F0_D3_raw_coordinates.mat,index_z_offset,277,1,-3.7821515892420486e-06,
F0_D3_raw_coordinates.mat,index_z_offset,278,1,-3.7581907090464495e-06,
F0_D3_raw_coordinates.mat,index_z_offset,279,1,-3.7342298288508505e-06,
F0_D3_raw_coordinates.mat,index_z_offset,280,1,-3.7102689486552514e-06,
F0_D3_raw_coordinates.mat,index_z_offset,281,1,-3.6863080684596524e-06,
F0_D3_raw_coordinates.mat,index_z_offset,282,1,-3.6623471882640533e-06,
F0_D3_raw_coordinates.mat,index_z_offset,283,1,-3.6383863080684543e-06,
F0_D3_raw_coordinates.mat,index_z_offset,284,1,-3.6144254278728553e-06,
F0_D3_raw_coordinates.mat,index_z_offset,285,1,-3.5904645476772562e-06,
F0_D3_raw_coordinates.mat,index_z_offset,286,1,-3.5665036674816572e-06,
F0_D3_raw_coordinates.mat,index_z_offset,287,1,-3.5425427872860581e-06,
F0_D3_raw_coordinates.mat,index_z_offset,288,1,-3.5185819070904591e-06,
F0_D3_raw_coordinates.mat,index_z_offset,289,1,-3.49462102689486e-06,
F0_D3_raw_coordinates.mat,index_z_offset,290,1,-3.470660146699261e-06,
F0_D3_raw_coordinates.mat,index_z_offset,291,1,-3.4466992665036619e-06,
F0_D3_raw_coordinates.mat,index_z_offset,292,1,-3.4227383863080629e-06,
F0_D3_raw_coordinates.mat,index_z_offset,293,1,-3.3987775061124639e-06,
F0_D3_raw_coordinates.mat,index_z_offset,294,1,-3.3748166259168648e-06,
F0_D3_raw_coordinates.mat,index_z_offset,295,1,-3.3508557457212658e-06,
F0_D3_raw_coordinates.mat,index_z_offset,296,1,-3.3268948655256667e-06,
F0_D3_raw_coordinates.mat,index_z_offset,297,1,-3.3029339853300677e-06,
F0_D3_raw_coordinates.mat,index_z_offset,298,1,-3.2789731051344686e-06,
F0_D3_raw_coordinates.mat,index_z_offset,299,1,-3.2550122249388696e-06,
F0_D3_raw_coordinates.mat,index_z_offset,300,1,-3.2310513447432705e-06,
F0_D3_raw_coordinates.mat,index_z_offset,301,1,-3.2070904645476715e-06,
F0_D3_raw_coordinates.mat,index_z_offset,302,1,-3.1831295843520724e-06,
F0_D3_raw_coordinates.mat,index_z_offset,303,1,-3.1591687041564734e-06,
F0_D3_raw_coordinates.mat,index_z_offset,304,1,-3.1352078239608744e-06,
F0_D3_raw_coordinates.mat,index_z_offset,305,1,-3.1112469437652753e-06,
F0_D3_raw_coordinates.mat,index_z_offset,306,1,-3.0872860635696763e-06,
F0_D3_raw_coordinates.mat,index_z_offset,307,1,-3.0633251833740772e-06,
F0_D3_raw_coordinates.mat,index_z_offset,308,1,-3.0393643031784782e-06,
F0_D3_raw_coordinates.mat,index_z_offset,309,1,-3.0154034229828791e-06,
F0_D3_raw_coordinates.mat,index_z_offset,310,1,-2.9914425427872801e-06,
F0_D3_raw_coordinates.mat,index_z_offset,311,1,-2.967481662591681e-06,
F0_D3_raw_coordinates.mat,index_z_offset,312,1,-2.943520782396082e-06,
F0_D3_raw_coordinates.mat,index_z_offset,313,1,-2.9195599022004829e-06,
F0_D3_raw_coordinates.mat,index_z_offset,314,1,-2.8955990220048839e-06,
F0_D3_raw_coordinates.mat,index_z_offset,315,1,-2.8716381418092849e-06,
F0_D3_raw_coordinates.mat,index_z_offset,316,1,-2.8476772616136858e-06,
F0_D3_raw_coordinates.mat,index_z_offset,317,1,-2.8237163814180868e-06,
F0_D3_raw_coordinates.mat,index_z_offset,318,1,-2.7997555012224877e-06,
F0_D3_raw_coordinates.mat,index_z_offset,319,1,-2.7757946210268887e-06,
F0_D3_raw_coordinates.mat,index_z_offset,320,1,-2.7518337408312896e-06,
F0_D3_raw_coordinates.mat,index_z_offset,321,1,-2.7278728606356906e-06,
F0_D3_raw_coordinates.mat,index_z_offset,322,1,-2.7039119804400915e-06,
F0_D3_raw_coordinates.mat,index_z_offset,323,1,-2.6799511002444925e-06,
F0_D3_raw_coordinates.mat,index_z_offset,324,1,-2.6559902200488934e-06,
F0_D3_raw_coordinates.mat,index_z_offset,325,1,-2.6320293398532944e-06,
F0_D3_raw_coordinates.mat,index_z_offset,326,1,-2.6080684596576954e-06,
F0_D3_raw_coordinates.mat,index_z_offset,327,1,-2.5841075794620963e-06,
F0_D3_raw_coordinates.mat,index_z_offset,328,1,-2.5601466992664973e-06,
F0_D3_raw_coordinates.mat,index_z_offset,329,1,-2.5361858190708982e-06,
F0_D3_raw_coordinates.mat,index_z_offset,330,1,-2.5122249388752992e-06,
F0_D3_raw_coordinates.mat,index_z_offset,331,1,-2.4882640586797001e-06,
F0_D3_raw_coordinates.mat,index_z_offset,332,1,-2.4643031784841011e-06,
F0_D3_raw_coordinates.mat,index_z_offset,333,1,-2.440342298288502e-06,
F0_D3_raw_coordinates.mat,index_z_offset,334,1,-2.416381418092903e-06,
F0_D3_raw_coordinates.mat,index_z_offset,335,1,-2.3924205378973039e-06,
F0_D3_raw_coordinates.mat,index_z_offset,336,1,-2.3684596577017049e-06,
F0_D3_raw_coordinates.mat,index_z_offset,337,1,-2.3444987775061059e-06,
F0_D3_raw_coordinates.mat,index_z_offset,338,1,-2.3205378973105068e-06,
F0_D3_raw_coordinates.mat,index_z_offset,339,1,-2.2965770171149078e-06,
F0_D3_raw_coordinates.mat,index_z_offset,340,1,-2.2726161369193087e-06,
F0_D3_raw_coordinates.mat,index_z_offset,341,1,-2.2486552567237097e-06,
F0_D3_raw_coordinates.mat,index_z_offset,342,1,-2.2246943765281106e-06,
F0_D3_raw_coordinates.mat,index_z_offset,343,1,-2.2007334963325116e-06,
F0_D3_raw_coordinates.mat,index_z_offset,344,1,-2.1767726161369125e-06,
F0_D3_raw_coordinates.mat,index_z_offset,345,1,-2.1528117359413135e-06,
F0_D3_raw_coordinates.mat,index_z_offset,346,1,-2.1288508557457145e-06,
F0_D3_raw_coordinates.mat,index_z_offset,347,1,-2.1048899755501154e-06,
F0_D3_raw_coordinates.mat,index_z_offset,348,1,-2.0809290953545164e-06,
F0_D3_raw_coordinates.mat,index_z_offset,349,1,-2.0569682151589173e-06,
F0_D3_raw_coordinates.mat,index_z_offset,350,1,-2.0330073349633183e-06,
F0_D3_raw_coordinates.mat,index_z_offset,351,1,-2.0090464547677192e-06,
F0_D3_raw_coordinates.mat,index_z_offset,352,1,-1.9850855745721202e-06,
F0_D3_raw_coordinates.mat,index_z_offset,353,1,-1.9611246943765211e-06,
F0_D3_raw_coordinates.mat,index_z_offset,354,1,-1.9371638141809221e-06,
F0_D3_raw_coordinates.mat,index_z_offset,355,1,-1.913202933985323e-06,
F0_D3_raw_coordinates.mat,index_z_offset,356,1,-1.889242053789724e-06,
F0_D3_raw_coordinates.mat,index_z_offset,357,1,-1.865281173594125e-06,
F0_D3_raw_coordinates.mat,index_z_offset,358,1,-1.8413202933985259e-06,
F0_D3_raw_coordinates.mat,index_z_offset,359,1,-1.8173594132029269e-06,
F0_D3_raw_coordinates.mat,index_z_offset,360,1,-1.7933985330073278e-06,
F0_D3_raw_coordinates.mat,index_z_offset,361,1,-1.7694376528117288e-06,
F0_D3_raw_coordinates.mat,index_z_offset,362,1,-1.7454767726161297e-06,
F0_D3_raw_coordinates.mat,index_z_offset,363,1,-1.7215158924205307e-06,
F0_D3_raw_coordinates.mat,index_z_offset,364,1,-1.6975550122249316e-06,
F0_D3_raw_coordinates.mat,index_z_offset,365,1,-1.6735941320293326e-06,
F0_D3_raw_coordinates.mat,index_z_offset,366,1,-1.6496332518337335e-06,
F0_D3_raw_coordinates.mat,index_z_offset,367,1,-1.6256723716381345e-06,
F0_D3_raw_coordinates.mat,index_z_offset,368,1,-1.6017114914425355e-06,
F0_D3_raw_coordinates.mat,index_z_offset,369,1,-1.5777506112469364e-06,
F0_D3_raw_coordinates.mat,index_z_offset,370,1,-1.5537897310513374e-06,
F0_D3_raw_coordinates.mat,index_z_offset,371,1,-1.5298288508557383e-06,
F0_D3_raw_coordinates.mat,index_z_offset,372,1,-1.5058679706601393e-06,
F0_D3_raw_coordinates.mat,index_z_offset,373,1,-1.4819070904645402e-06,
F0_D3_raw_coordinates.mat,index_z_offset,374,1,-1.4579462102689412e-06,
F0_D3_raw_coordinates.mat,index_z_offset,375,1,-1.4339853300733421e-06,
F0_D3_raw_coordinates.mat,index_z_offset,376,1,-1.4100244498777431e-06,
F0_D3_raw_coordinates.mat,index_z_offset,377,1,-1.386063569682144e-06,
F0_D3_raw_coordinates.mat,index_z_offset,378,1,-1.362102689486545e-06,
F0_D3_raw_coordinates.mat,index_z_offset,379,1,-1.338141809290946e-06,
F0_D3_raw_coordinates.mat,index_z_offset,380,1,-1.3141809290953469e-06,
F0_D3_raw_coordinates.mat,index_z_offset,381,1,-1.2902200488997479e-06,
F0_D3_raw_coordinates.mat,index_z_offset,382,1,-1.2662591687041488e-06,
F0_D3_raw_coordinates.mat,index_z_offset,383,1,-1.2422982885085498e-06,
F0_D3_raw_coordinates.mat,index_z_offset,384,1,-1.2183374083129507e-06,
F0_D3_raw_coordinates.mat,index_z_offset,385,1,-1.1943765281173517e-06,
F0_D3_raw_coordinates.mat,index_z_offset,386,1,-1.1704156479217526e-06,
F0_D3_raw_coordinates.mat,index_z_offset,387,1,-1.1464547677261536e-06,
F0_D3_raw_coordinates.mat,index_z_offset,388,1,-1.1224938875305546e-06,
F0_D3_raw_coordinates.mat,index_z_offset,389,1,-1.0985330073349555e-06,
F0_D3_raw_coordinates.mat,index_z_offset,390,1,-1.0745721271393565e-06,
F0_D3_raw_coordinates.mat,index_z_offset,391,1,-1.0506112469437574e-06,
F0_D3_raw_coordinates.mat,index_z_offset,392,1,-1.0266503667481584e-06,
F0_D3_raw_coordinates.mat,index_z_offset,393,1,-1.0026894865525593e-06,
F0_D3_raw_coordinates.mat,index_z_offset,394,1,-9.7872860635696028e-07,
F0_D3_raw_coordinates.mat,index_z_offset,395,1,-9.5476772616136123e-07,
F0_D3_raw_coordinates.mat,index_z_offset,396,1,-9.3080684596576219e-07,
F0_D3_raw_coordinates.mat,index_z_offset,397,1,-9.0684596577016314e-07,
F0_D3_raw_coordinates.mat,index_z_offset,398,1,-8.828850855745641e-07,
F0_D3_raw_coordinates.mat,index_z_offset,399,1,-8.5892420537896505e-07,
F0_D3_raw_coordinates.mat,index_z_offset,400,1,-8.3496332518336601e-07,
F0_D3_raw_coordinates.mat,index_z_offset,401,1,-8.1100244498776696e-07,
F0_D3_raw_coordinates.mat,index_z_offset,402,1,-7.8704156479216792e-07,
F0_D3_raw_coordinates.mat,index_z_offset,403,1,-7.6308068459656887e-07,
F0_D3_raw_coordinates.mat,index_z_offset,404,1,-7.3911980440096983e-07,
F0_D3_raw_coordinates.mat,index_z_offset,405,1,-7.1515892420537078e-07,
F0_D3_raw_coordinates.mat,index_z_offset,406,1,-6.9119804400977174e-07,
F0_D3_raw_coordinates.mat,index_z_offset,407,1,-6.6723716381417269e-07,
F0_D3_raw_coordinates.mat,index_z_offset,408,1,-6.4327628361857365e-07,
F0_D3_raw_coordinates.mat,index_z_offset,409,1,-6.193154034229746e-07,
F0_D3_raw_coordinates.mat,index_z_offset,410,1,-5.9535452322737556e-07,
F0_D3_raw_coordinates.mat,index_z_offset,411,1,-5.7139364303177651e-07,
F0_D3_raw_coordinates.mat,index_z_offset,412,1,-5.4743276283617747e-07,
F0_D3_raw_coordinates.mat,index_z_offset,413,1,-5.2347188264057842e-07,
F0_D3_raw_coordinates.mat,index_z_offset,414,1,-4.9951100244497937e-07,
F0_D3_raw_coordinates.mat,index_z_offset,415,1,-4.7555012224938033e-07,
F0_D3_raw_coordinates.mat,index_z_offset,416,1,-4.5158924205378128e-07,
F0_D3_raw_coordinates.mat,index_z_offset,417,1,-4.2762836185818224e-07,
F0_D3_raw_coordinates.mat,index_z_offset,418,1,-4.0366748166258319e-07,
F0_D3_raw_coordinates.mat,index_z_offset,419,1,-3.7970660146698415e-07,
F0_D3_raw_coordinates.mat,index_z_offset,420,1,-3.557457212713851e-07,
F0_D3_raw_coordinates.mat,index_z_offset,421,1,-3.3178484107578606e-07,
F0_D3_raw_coordinates.mat,index_z_offset,422,1,-3.0782396088018701e-07,
F0_D3_raw_coordinates.mat,index_z_offset,423,1,-2.8386308068459231e-07,
F0_D3_raw_coordinates.mat,index_z_offset,424,1,-2.6088977614281683e-07,
F0_D3_raw_coordinates.mat,index_z_offset,425,1,-2.4049303261265691e-07,
F0_D3_raw_coordinates.mat,index_z_offset,426,1,-2.230445767632343e-07,
F0_D3_raw_coordinates.mat,index_z_offset,427,1,-2.0749999999999137e-07,
F0_D3_raw_coordinates.mat,index_z_offset,428,1,-1.9249999999999567e-07,
F0_D3_raw_coordinates.mat,index_z_offset,429,1,-1.7749999999999997e-07,
F0_D3_raw_coordinates.mat,index_z_offset,430,1,-1.6249999999999995e-07,
F0_D3_raw_coordinates.mat,index_z_offset,431,1,-1.4749999999999994e-07,
F0_D3_raw_coordinates.mat,index_z_offset,432,1,-1.3249999999999992e-07,
F0_D3_raw_coordinates.mat,index_z_offset,433,1,-1.1749999999999991e-07,
F0_D3_raw_coordinates.mat,index_z_offset,434,1,-1.0249999999999992e-07,
F0_D3_raw_coordinates.mat,index_z_offset,435,1,-8.7499999999999903e-08,
F0_D3_raw_coordinates.mat,index_z_offset,436,1,-7.2499999999999915e-08,
F0_D3_raw_coordinates.mat,index_z_offset,437,1,-5.7499999999999906e-08,
F0_D3_raw_coordinates.mat,index_z_offset,438,1,-4.2499999999999904e-08,
F0_D3_raw_coordinates.mat,index_z_offset,439,1,-2.7499999999999902e-08,
F0_D3_raw_coordinates.mat,index_z_offset,440,1,-1.24999999999999e-08,
F0_D3_raw_coordinates.mat,index_z_offset,441,1,2.5000000000001018e-09,
F0_D3_raw_coordinates.mat,index_z_offset,442,1,1.7500000000000104e-08,
F0_D3_raw_coordinates.mat,index_z_offset,443,1,3.2500000000000106e-08,
F0_D3_raw_coordinates.mat,index_z_offset,444,1,4.7500000000000108e-08,
F0_D3_raw_coordinates.mat,index_z_offset,445,1,6.2500000000000116e-08,
F0_D3_raw_coordinates.mat,index_z_offset,446,1,7.7500000000000105e-08,
F0_D3_raw_coordinates.mat,index_z_offset,447,1,9.250000000000012e-08,
F0_D3_raw_coordinates.mat,index_z_offset,448,1,1.0750000000000011e-07,
F0_D3_raw_coordinates.mat,index_z_offset,449,1,1.2250000000000012e-07,
F0_D3_raw_coordinates.mat,index_z_offset,450,1,1.3750000000000014e-07,
F0_D3_raw_coordinates.mat,index_z_offset,451,1,1.5250000000000015e-07,
F0_D3_raw_coordinates.mat,index_z_offset,452,1,1.6750000000000017e-07,
F0_D3_raw_coordinates.mat,index_z_offset,453,1,1.8250000000000018e-07,
F0_D3_raw_coordinates.mat,index_z_offset,454,1,1.975000000000002e-07,
F0_D3_raw_coordinates.mat,index_z_offset,455,1,2.1250000000000022e-07,
F0_D3_raw_coordinates.mat,index_z_offset,456,1,2.2750000000000023e-07,
F0_D3_raw_coordinates.mat,index_z_offset,457,1,2.4250000000000022e-07,
F0_D3_raw_coordinates.mat,index_z_offset,458,1,2.5750000000000029e-07,
F0_D3_raw_coordinates.mat,index_z_offset,459,1,2.7250000000000025e-07,
F0_D3_raw_coordinates.mat,index_z_offset,460,1,2.8750000000000032e-07,
F0_D3_raw_coordinates.mat,index_z_offset,461,1,3.0250000000000028e-07,
F0_D3_raw_coordinates.mat,index_z_offset,462,1,3.1750000000000019e-07,
F0_D3_raw_coordinates.mat,index_z_offset,463,1,3.325000000000002e-07,
F0_D3_raw_coordinates.mat,index_z_offset,464,1,3.4786196761693172e-07,
F0_D3_raw_coordinates.mat,index_z_offset,465,1,3.6600299325795735e-07,
F0_D3_raw_coordinates.mat,index_z_offset,466,1,3.891025641025643e-07,
F0_D3_raw_coordinates.mat,index_z_offset,467,1,4.1474358974358986e-07,
F0_D3_raw_coordinates.mat,index_z_offset,468,1,4.4038461538461547e-07,
F0_D3_raw_coordinates.mat,index_z_offset,469,1,4.6602564102564113e-07,
F0_D3_raw_coordinates.mat,index_z_offset,470,1,4.9166666666666669e-07,
F0_D3_raw_coordinates.mat,index_z_offset,471,1,5.173076923076924e-07,
F0_D3_raw_coordinates.mat,index_z_offset,472,1,5.4294871794871791e-07,
F0_D3_raw_coordinates.mat,index_z_offset,473,1,5.6858974358974362e-07,
F0_D3_raw_coordinates.mat,index_z_offset,474,1,5.9423076923076913e-07,
F0_D3_raw_coordinates.mat,x,0,1,-2.3167674596385199e-20,
F0_D3_raw_coordinates.mat,x_w1,0,1,2.4999999999999727e-06,
F0_D3_raw_coordinates.mat,x_w2,0,1,-2.5000000000000193e-06,
F0_D3_raw_coordinates.mat,y,0,1,6.7828810229348269e-21,
F0_D3_raw_coordinates.mat,y_w1,0,1,9.9926008128974376e-07,
F0_D3_raw_coordinates.mat,y_w2,0,1,-9.9926008128972999e-07,
F0_D3_raw_coordinates.mat,z_w1,0,1,-1.0441912672538744e-05,
F0_D3_raw_coordinates.mat,z_w1,1,1,-1.0416696566512107e-05,
F0_D3_raw_coordinates.mat,z_w1,2,1,-1.0391560556858383e-05,
F0_D3_raw_coordinates.mat,z_w1,3,1,-1.0366504389159664e-05,
F0_D3_raw_coordinates.mat,z_w1,4,1,-1.0341527809806174e-05,
F0_D3_raw_coordinates.mat,z_w1,5,1,-1.0316630565993703e-05,
F0_D3_raw_coordinates.mat,z_w1,6,1,-1.0291812405721045e-05,
F0_D3_raw_coordinates.mat,z_w1,7,1,-1.0267073077787453e-05,
F0_D3_raw_coordinates.mat,z_w1,8,1,-1.0242412331790095e-05,
F0_D3_raw_coordinates.mat,z_w1,9,1,-1.0217829918121512e-05,
F0_D3_raw_coordinates.mat,z_w1,10,1,-1.0193325587967102e-05,
F0_D3_raw_coordinates.mat,z_w1,11,1,-1.0168899093302594e-05,
F0_D3_raw_coordinates.mat,z_w1,12,1,-1.0144550186891544e-05,
F0_D3_raw_coordinates.mat,z_w1,13,1,-1.0120278622282828e-05,
F0_D3_raw_coordinates.mat,z_w1,14,1,-1.0096084153808148e-05,
F0_D3_raw_coordinates.mat,z_w1,15,1,-1.0071966536579546e-05,
F0_D3_raw_coordinates.mat,z_w1,16,1,-1.0047925526486926e-05,
F0_D3_raw_coordinates.mat,z_w1,17,1,-1.0023960880195583e-05,
F0_D3_raw_coordinates.mat,z_w1,18,1,-9.9999999999999839e-06,
F0_D3_raw_coordinates.mat,z_w1,19,1,-9.9760391198044018e-06,
F0_D3_raw_coordinates.mat,z_w1,20,1,-9.9520782396088027e-06,
F0_D3_raw_coordinates.mat,z_w1,21,1,-9.9281173594132037e-06,
F0_D3_raw_coordinates.mat,z_w1,22,1,-9.9041564792176046e-06,
F0_D3_raw_coordinates.mat,z_w1,23,1,-9.8801955990220056e-06,
F0_D3_raw_coordinates.mat,z_w1,24,1,-9.8562347188264065e-06,
F0_D3_raw_coordinates.mat,z_w1,25,1,-9.8322738386308075e-06,
F0_D3_raw_coordinates.mat,z_w1,26,1,-9.8083129584352085e-06,
F0_D3_raw_coordinates.mat,z_w1,27,1,-9.7843520782396094e-06,
F0_D3_raw_coordinates.mat,z_w1,28,1,-9.7603911980440104e-06,
F0_D3_raw_coordinates.mat,z_w1,29,1,-9.7364303178484113e-06,
F0_D3_raw_coordinates.mat,z_w1,30,1,-9.7124694376528123e-06,
F0_D3_raw_coordinates.mat,z_w1,31,1,-9.6885085574572132e-06,
F0_D3_raw_coordinates.mat,z_w1,32,1,-9.6645476772616142e-06,
F0_D3_raw_coordinates.mat,z_w1,33,1,-9.6405867970660151e-06,
F0_D3_raw_coordinates.mat,z_w1,34,1,-9.6166259168704161e-06,
F0_D3_raw_coordinates.mat,z_w1,35,1,-9.592665036674817e-06,
F0_D3_raw_coordinates.mat,z_w1,36,1,-9.568704156479218e-06,
F0_D3_raw_coordinates.mat,z_w1,37,1,-9.544743276283619e-06,
F0_D3_raw_coordinates.mat,z_w1,38,1,-9.5207823960880199e-06,
F0_D3_raw_coordinates.mat,z_w1,39,1,-9.4968215158924209e-06,
F0_D3_raw_coordinates.mat,z_w1,40,1,-9.4728606356968218e-06,
F0_D3_raw_coordinates.mat,z_w1,41,1,-9.4488997555012228e-06,
F0_D3_raw_coordinates.mat,z_w1,42,1,-9.4249388753056237e-06,
F0_D3_raw_coordinates.mat,z_w1,43,1,-9.4009779951100247e-06,
F0_D3_raw_coordinates.mat,z_w1,44,1,-9.3770171149144256e-06,
F0_D3_raw_coordinates.mat,z_w1,45,1,-9.3530562347188266e-06,
F0_D3_raw_coordinates.mat,z_w1,46,1,-9.3290953545232276e-06,
F0_D3_raw_coordinates.mat,z_w1,47,1,-9.3051344743276285e-06,
F0_D3_raw_coordinates.mat,z_w1,48,1,-9.2811735941320295e-06,
F0_D3_raw_coordinates.mat,z_w1,49,1,-9.2572127139364304e-06,
F0_D3_raw_coordinates.mat,z_w1,50,1,-9.2332518337408314e-06,
F0_D3_raw_coordinates.mat,z_w1,51,1,-9.2092909535452323e-06,
F0_D3_raw_coordinates.mat,z_w1,52,1,-9.1853300733496333e-06,
F0_D3_raw_coordinates.mat,z_w1,53,1,-9.1613691931540342e-06,
F0_D3_raw_coordinates.mat,z_w1,54,1,-9.1374083129584352e-06,
F0_D3_raw_coordinates.mat,z_w1,55,1,-9.1134474327628361e-06,
F0_D3_raw_coordinates.mat,z_w1,56,1,-9.0894865525672371e-06,
F0_D3_raw_coordinates.mat,z_w1,57,1,-9.0655256723716381e-06,
F0_D3_raw_coordinates.mat,z_w1,58,1,-9.041564792176039e-06,
F0_D3_raw_coordinates.mat,z_w1,59,1,-9.01760391198044e-06,
F0_D3_raw_coordinates.mat,z_w1,60,1,-8.9936430317848409e-06,
F0_D3_raw_coordinates.mat,z_w1,61,1,-8.9696821515892419e-06,
F0_D3_raw_coordinates.mat,z_w1,62,1,-8.9457212713936428e-06,
F0_D3_raw_coordinates.mat,z_w1,63,1,-8.9217603911980438e-06,
F0_D3_raw_coordinates.mat,z_w1,64,1,-8.8977995110024447e-06,
F0_D3_raw_coordinates.mat,z_w1,65,1,-8.8738386308068457e-06,
F0_D3_raw_coordinates.mat,z_w1,66,1,-8.8498777506112466e-06,
F0_D3_raw_coordinates.mat,z_w1,67,1,-8.8259168704156476e-06,
F0_D3_raw_coordinates.mat,z_w1,68,1,-8.8019559902200486e-06,
F0_D3_raw_coordinates.mat,z_w1,69,1,-8.7779951100244495e-06,
F0_D3_raw_coordinates.mat,z_w1,70,1,-8.7540342298288505e-06,
F0_D3_raw_coordinates.mat,z_w1,71,1,-8.7300733496332514e-06,
F0_D3_raw_coordinates.mat,z_w1,72,1,-8.7061124694376524e-06,
F0_D3_raw_coordinates.mat,z_w1,73,1,-8.6821515892420533e-06,
F0_D3_raw_coordinates.mat,z_w1,74,1,-8.6581907090464543e-06,
F0_D3_raw_coordinates.mat,z_w1,75,1,-8.6342298288508552e-06,
F0_D3_raw_coordinates.mat,z_w1,76,1,-8.6102689486552562e-06,
F0_D3_raw_coordinates.mat,z_w1,77,1,-8.5863080684596571e-06,
F0_D3_raw_coordinates.mat,z_w1,78,1,-8.5623471882640581e-06,
F0_D3_raw_coordinates.mat,z_w1,79,1,-8.5383863080684591e-06,
F0_D3_raw_coordinates.mat,z_w1,80,1,-8.51442542787286e-06,
F0_D3_raw_coordinates.mat,z_w1,81,1,-8.490464547677261e-06,
F0_D3_raw_coordinates.mat,z_w1,82,1,-8.4665036674816619e-06,
F0_D3_raw_coordinates.mat,z_w1,83,1,-8.4425427872860629e-06,
F0_D3_raw_coordinates.mat,z_w1,84,1,-8.4185819070904638e-06,
F0_D3_raw_coordinates.mat,z_w1,85,1,-8.3946210268948648e-06,
F0_D3_raw_coordinates.mat,z_w1,86,1,-8.3706601466992657e-06,
F0_D3_raw_coordinates.mat,z_w1,87,1,-8.3466992665036667e-06,
F0_D3_raw_coordinates.mat,z_w1,88,1,-8.3227383863080677e-06,
F0_D3_raw_coordinates.mat,z_w1,89,1,-8.2987775061124686e-06,
F0_D3_raw_coordinates.mat,z_w1,90,1,-8.2748166259168696e-06,
F0_D3_raw_coordinates.mat,z_w1,91,1,-8.2508557457212705e-06,
F0_D3_raw_coordinates.mat,z_w1,92,1,-8.2268948655256715e-06,
F0_D3_raw_coordinates.mat,z_w1,93,1,-8.2029339853300724e-06,
F0_D3_raw_coordinates.mat,z_w1,94,1,-8.1789731051344734e-06,
F0_D3_raw_coordinates.mat,z_w1,95,1,-8.1550122249388743e-06,
F0_D3_raw_coordinates.mat,z_w1,96,1,-8.1310513447432753e-06,
F0_D3_raw_coordinates.mat,z_w1,97,1,-8.1070904645476762e-06,
F0_D3_raw_coordinates.mat,z_w1,98,1,-8.0831295843520772e-06,
F0_D3_raw_coordinates.mat,z_w1,99,1,-8.0591687041564782e-06,
F0_D3_raw_coordinates.mat,z_w1,100,1,-8.0352078239608791e-06,
F0_D3_raw_coordinates.mat,z_w1,101,1,-8.0112469437652801e-06,
F0_D3_raw_coordinates.mat,z_w1,102,1,-7.987286063569681e-06,
F0_D3_raw_coordinates.mat,z_w1,103,1,-7.963325183374082e-06,
F0_D3_raw_coordinates.mat,z_w1,104,1,-7.9393643031784829e-06,
F0_D3_raw_coordinates.mat,z_w1,105,1,-7.9154034229828839e-06,
F0_D3_raw_coordinates.mat,z_w1,106,1,-7.8914425427872848e-06,
F0_D3_raw_coordinates.mat,z_w1,107,1,-7.8674816625916858e-06,
F0_D3_raw_coordinates.mat,z_w1,108,1,-7.8435207823960867e-06,
F0_D3_raw_coordinates.mat,z_w1,109,1,-7.8195599022004877e-06,
F0_D3_raw_coordinates.mat,z_w1,110,1,-7.7955990220048887e-06,
F0_D3_raw_coordinates.mat,z_w1,111,1,-7.7716381418092896e-06,
F0_D3_raw_coordinates.mat,z_w1,112,1,-7.7476772616136906e-06,
F0_D3_raw_coordinates.mat,z_w1,113,1,-7.7237163814180915e-06,
F0_D3_raw_coordinates.mat,z_w1,114,1,-7.6997555012224925e-06,
F0_D3_raw_coordinates.mat,z_w1,115,1,-7.6757946210268934e-06,
F0_D3_raw_coordinates.mat,z_w1,116,1,-7.6518337408312944e-06,
F0_D3_raw_coordinates.mat,z_w1,117,1,-7.6278728606356953e-06,
F0_D3_raw_coordinates.mat,z_w1,118,1,-7.6039119804400963e-06,
F0_D3_raw_coordinates.mat,z_w1,119,1,-7.5799511002444972e-06,
F0_D3_raw_coordinates.mat,z_w1,120,1,-7.5559902200488982e-06,
F0_D3_raw_coordinates.mat,z_w1,121,1,-7.5320293398532992e-06,
F0_D3_raw_coordinates.mat,z_w1,122,1,-7.5080684596577001e-06,
F0_D3_raw_coordinates.mat,z_w1,123,1,-7.4841075794621011e-06,
F0_D3_raw_coordinates.mat,z_w1,124,1,-7.460146699266502e-06,
F0_D3_raw_coordinates.mat,z_w1,125,1,-7.436185819070903e-06,
F0_D3_raw_coordinates.mat,z_w1,126,1,-7.4122249388753039e-06,
F0_D3_raw_coordinates.mat,z_w1,127,1,-7.3882640586797049e-06,
F0_D3_raw_coordinates.mat,z_w1,128,1,-7.3643031784841058e-06,
F0_D3_raw_coordinates.mat,z_w1,129,1,-7.3403422982885068e-06,
F0_D3_raw_coordinates.mat,z_w1,130,1,-7.3163814180929077e-06,
F0_D3_raw_coordinates.mat,z_w1,131,1,-7.2924205378973087e-06,
F0_D3_raw_coordinates.mat,z_w1,132,1,-7.2684596577017097e-06,
F0_D3_raw_coordinates.mat,z_w1,133,1,-7.2444987775061106e-06,
F0_D3_raw_coordinates.mat,z_w1,134,1,-7.2205378973105116e-06,
F0_D3_raw_coordinates.mat,z_w1,135,1,-7.1965770171149125e-06,
F0_D3_raw_coordinates.mat,z_w1,136,1,-7.1726161369193135e-06,
F0_D3_raw_coordinates.mat,z_w1,137,1,-7.1486552567237144e-06,
F0_D3_raw_coordinates.mat,z_w1,138,1,-7.1246943765281154e-06,
F0_D3_raw_coordinates.mat,z_w1,139,1,-7.1007334963325163e-06,
F0_D3_raw_coordinates.mat,z_w1,140,1,-7.0767726161369173e-06,
F0_D3_raw_coordinates.mat,z_w1,141,1,-7.0528117359413183e-06,
F0_D3_raw_coordinates.mat,z_w1,142,1,-7.0288508557457192e-06,
F0_D3_raw_coordinates.mat,z_w1,143,1,-7.0048899755501202e-06,
F0_D3_raw_coordinates.mat,z_w1,144,1,-6.9809290953545211e-06,
F0_D3_raw_coordinates.mat,z_w1,145,1,-6.9569682151589221e-06,
F0_D3_raw_coordinates.mat,z_w1,146,1,-6.933007334963323e-06,
F0_D3_raw_coordinates.mat,z_w1,147,1,-6.909046454767724e-06,
F0_D3_raw_coordinates.mat,z_w1,148,1,-6.8850855745721249e-06,
F0_D3_raw_coordinates.mat,z_w1,149,1,-6.8611246943765259e-06,
F0_D3_raw_coordinates.mat,z_w1,150,1,-6.8371638141809268e-06,
F0_D3_raw_coordinates.mat,z_w1,151,1,-6.8132029339853278e-06,
F0_D3_raw_coordinates.mat,z_w1,152,1,-6.7892420537897288e-06,
F0_D3_raw_coordinates.mat,z_w1,153,1,-6.7652811735941297e-06,
F0_D3_raw_coordinates.mat,z_w1,154,1,-6.7413202933985307e-06,
F0_D3_raw_coordinates.mat,z_w1,155,1,-6.7173594132029316e-06,
F0_D3_raw_coordinates.mat,z_w1,156,1,-6.6933985330073326e-06,
F0_D3_raw_coordinates.mat,z_w1,157,1,-6.6694376528117335e-06,
F0_D3_raw_coordinates.mat,z_w1,158,1,-6.6454767726161345e-06,
F0_D3_raw_coordinates.mat,z_w1,159,1,-6.6215158924205354e-06,
F0_D3_raw_coordinates.mat,z_w1,160,1,-6.5975550122249364e-06,
F0_D3_raw_coordinates.mat,z_w1,161,1,-6.5735941320293373e-06,
F0_D3_raw_coordinates.mat,z_w1,162,1,-6.5496332518337383e-06,
F0_D3_raw_coordinates.mat,z_w1,163,1,-6.5256723716381393e-06,
F0_D3_raw_coordinates.mat,z_w1,164,1,-6.5017114914425402e-06,
F0_D3_raw_coordinates.mat,z_w1,165,1,-6.4777506112469412e-06,
F0_D3_raw_coordinates.mat,z_w1,166,1,-6.4537897310513421e-06,
F0_D3_raw_coordinates.mat,z_w1,167,1,-6.4298288508557431e-06,
F0_D3_raw_coordinates.mat,z_w1,168,1,-6.405867970660144e-06,
F0_D3_raw_coordinates.mat,z_w1,169,1,-6.381907090464545e-06,
F0_D3_raw_coordinates.mat,z_w1,170,1,-6.3579462102689459e-06,
F0_D3_raw_coordinates.mat,z_w1,171,1,-6.3339853300733469e-06,
F0_D3_raw_coordinates.mat,z_w1,172,1,-6.3100244498777478e-06,
F0_D3_raw_coordinates.mat,z_w1,173,1,-6.2860635696821488e-06,
F0_D3_raw_coordinates.mat,z_w1,174,1,-6.2621026894865498e-06,
F0_D3_raw_coordinates.mat,z_w1,175,1,-6.2381418092909507e-06,
F0_D3_raw_coordinates.mat,z_w1,176,1,-6.2141809290953517e-06,
F0_D3_raw_coordinates.mat,z_w1,177,1,-6.1902200488997526e-06,
F0_D3_raw_coordinates.mat,z_w1,178,1,-6.1662591687041536e-06,
F0_D3_raw_coordinates.mat,z_w1,179,1,-6.1422982885085545e-06,
F0_D3_raw_coordinates.mat,z_w1,180,1,-6.1183374083129555e-06,
F0_D3_raw_coordinates.mat,z_w1,181,1,-6.0943765281173564e-06,
F0_D3_raw_coordinates.mat,z_w1,182,1,-6.0704156479217574e-06,
F0_D3_raw_coordinates.mat,z_w1,183,1,-6.0464547677261584e-06,
F0_D3_raw_coordinates.mat,z_w1,184,1,-6.0224938875305593e-06,
F0_D3_raw_coordinates.mat,z_w1,185,1,-5.9985330073349603e-06,
F0_D3_raw_coordinates.mat,z_w1,186,1,-5.9745721271393612e-06,
F0_D3_raw_coordinates.mat,z_w1,187,1,-5.9506112469437622e-06,
F0_D3_raw_coordinates.mat,z_w1,188,1,-5.9266503667481631e-06,
F0_D3_raw_coordinates.mat,z_w1,189,1,-5.9026894865525641e-06,
F0_D3_raw_coordinates.mat,z_w1,190,1,-5.878728606356965e-06,
F0_D3_raw_coordinates.mat,z_w1,191,1,-5.854767726161366e-06,
F0_D3_raw_coordinates.mat,z_w1,192,1,-5.8308068459657669e-06,
F0_D3_raw_coordinates.mat,z_w1,193,1,-5.8068459657701679e-06,
F0_D3_raw_coordinates.mat,z_w1,194,1,-5.7828850855745689e-06,
F0_D3_raw_coordinates.mat,z_w1,195,1,-5.7589242053789698e-06,
F0_D3_raw_coordinates.mat,z_w1,196,1,-5.7349633251833708e-06,
F0_D3_raw_coordinates.mat,z_w1,197,1,-5.7110024449877717e-06,
F0_D3_raw_coordinates.mat,z_w1,198,1,-5.6870415647921727e-06,
F0_D3_raw_coordinates.mat,z_w1,199,1,-5.6630806845965736e-06,
F0_D3_raw_coordinates.mat,z_w1,200,1,-5.6391198044009746e-06,
F0_D3_raw_coordinates.mat,z_w1,201,1,-5.6151589242053755e-06,
F0_D3_raw_coordinates.mat,z_w1,202,1,-5.5911980440097765e-06,
F0_D3_raw_coordinates.mat,z_w1,203,1,-5.5672371638141774e-06,
F0_D3_raw_coordinates.mat,z_w1,204,1,-5.5432762836185784e-06,
F0_D3_raw_coordinates.mat,z_w1,205,1,-5.5193154034229794e-06,
F0_D3_raw_coordinates.mat,z_w1,206,1,-5.4953545232273803e-06,
F0_D3_raw_coordinates.mat,z_w1,207,1,-5.4713936430317813e-06,
F0_D3_raw_coordinates.mat,z_w1,208,1,-5.4474327628361822e-06,
F0_D3_raw_coordinates.mat,z_w1,209,1,-5.4234718826405832e-06,
F0_D3_raw_coordinates.mat,z_w1,210,1,-5.3995110024449841e-06,
F0_D3_raw_coordinates.mat,z_w1,211,1,-5.3755501222493851e-06,
F0_D3_raw_coordinates.mat,z_w1,212,1,-5.351589242053786e-06,
F0_D3_raw_coordinates.mat,z_w1,213,1,-5.327628361858187e-06,
F0_D3_raw_coordinates.mat,z_w1,214,1,-5.3036674816625879e-06,
F0_D3_raw_coordinates.mat,z_w1,215,1,-5.2797066014669889e-06,
F0_D3_raw_coordinates.mat,z_w1,216,1,-5.2557457212713899e-06,
F0_D3_raw_coordinates.mat,z_w1,217,1,-5.2317848410757908e-06,
F0_D3_raw_coordinates.mat,z_w1,218,1,-5.2078239608801918e-06,
F0_D3_raw_coordinates.mat,z_w1,219,1,-5.1838630806845927e-06,
F0_D3_raw_coordinates.mat,z_w1,220,1,-5.1599022004889937e-06,
F0_D3_raw_coordinates.mat,z_w1,221,1,-5.1359413202933946e-06,
F0_D3_raw_coordinates.mat,z_w1,222,1,-5.1119804400977956e-06,
F0_D3_raw_coordinates.mat,z_w1,223,1,-5.0880195599021965e-06,
F0_D3_raw_coordinates.mat,z_w1,224,1,-5.0640586797065975e-06,
F0_D3_raw_coordinates.mat,z_w1,225,1,-5.0400977995109985e-06,
F0_D3_raw_coordinates.mat,z_w1,226,1,-5.0161369193153994e-06,
F0_D3_raw_coordinates.mat,z_w1,227,1,-4.9921760391198004e-06,
F0_D3_raw_coordinates.mat,z_w1,228,1,-4.9682151589242013e-06,
F0_D3_raw_coordinates.mat,z_w1,229,1,-4.9442542787286023e-06,
F0_D3_raw_coordinates.mat,z_w1,230,1,-4.9202933985330032e-06,
F0_D3_raw_coordinates.mat,z_w1,231,1,-4.8963325183374042e-06,
F0_D3_raw_coordinates.mat,z_w1,232,1,-4.8723716381418051e-06,
F0_D3_raw_coordinates.mat,z_w1,233,1,-4.8484107579462061e-06,
F0_D3_raw_coordinates.mat,z_w1,234,1,-4.824449877750607e-06,
F0_D3_raw_coordinates.mat,z_w1,235,1,-4.800488997555008e-06,
F0_D3_raw_coordinates.mat,z_w1,236,1,-4.776528117359409e-06,
F0_D3_raw_coordinates.mat,z_w1,237,1,-4.7525672371638099e-06,
F0_D3_raw_coordinates.mat,z_w1,238,1,-4.7286063569682109e-06,
F0_D3_raw_coordinates.mat,z_w1,239,1,-4.7046454767726118e-06,
F0_D3_raw_coordinates.mat,z_w1,240,1,-4.6806845965770128e-06,
F0_D3_raw_coordinates.mat,z_w1,241,1,-4.6567237163814137e-06,
F0_D3_raw_coordinates.mat,z_w1,242,1,-4.6327628361858147e-06,
F0_D3_raw_coordinates.mat,z_w1,243,1,-4.6088019559902156e-06,
F0_D3_raw_coordinates.mat,z_w1,244,1,-4.5848410757946166e-06,
F0_D3_raw_coordinates.mat,z_w1,245,1,-4.5608801955990175e-06,
F0_D3_raw_coordinates.mat,z_w1,246,1,-4.5369193154034185e-06,
F0_D3_raw_coordinates.mat,z_w1,247,1,-4.5129584352078195e-06,
F0_D3_raw_coordinates.mat,z_w1,248,1,-4.4889975550122204e-06,
F0_D3_raw_coordinates.mat,z_w1,249,1,-4.4650366748166214e-06,
F0_D3_raw_coordinates.mat,z_w1,250,1,-4.4410757946210223e-06,
F0_D3_raw_coordinates.mat,z_w1,251,1,-4.4171149144254233e-06,
F0_D3_raw_coordinates.mat,z_w1,252,1,-4.3931540342298242e-06,
F0_D3_raw_coordinates.mat,z_w1,253,1,-4.3691931540342252e-06,
F0_D3_raw_coordinates.mat,z_w1,254,1,-4.3452322738386261e-06,
F0_D3_raw_coordinates.mat,z_w1,255,1,-4.3212713936430271e-06,
F0_D3_raw_coordinates.mat,z_w1,256,1,-4.297310513447428e-06,
F0_D3_raw_coordinates.mat,z_w1,257,1,-4.273349633251829e-06,
F0_D3_raw_coordinates.mat,z_w1,258,1,-4.24938875305623e-06,
F0_D3_raw_coordinates.mat,z_w1,259,1,-4.2254278728606309e-06,
F0_D3_raw_coordinates.mat,z_w1,260,1,-4.2014669926650319e-06,
F0_D3_raw_coordinates.mat,z_w1,261,1,-4.1775061124694328e-06,
F0_D3_raw_coordinates.mat,z_w1,262,1,-4.1535452322738338e-06,
F0_D3_raw_coordinates.mat,z_w1,263,1,-4.1295843520782347e-06,
F0_D3_raw_coordinates.mat,z_w1,264,1,-4.1056234718826357e-06,
F0_D3_raw_coordinates.mat,z_w1,265,1,-4.0816625916870366e-06,
F0_D3_raw_coordinates.mat,z_w1,266,1,-4.0577017114914376e-06,
F0_D3_raw_coordinates.mat,z_w1,267,1,-4.0337408312958385e-06,
F0_D3_raw_coordinates.mat,z_w1,268,1,-4.0097799511002395e-06,
F0_D3_raw_coordinates.mat,z_w1,269,1,-3.9858190709046405e-06,
F0_D3_raw_coordinates.mat,z_w1,270,1,-3.9618581907090414e-06,
F0_D3_raw_coordinates.mat,z_w1,271,1,-3.9378973105134424e-06,
F0_D3_raw_coordinates.mat,z_w1,272,1,-3.9139364303178433e-06,
F0_D3_raw_coordinates.mat,z_w1,273,1,-3.8899755501222443e-06,
F0_D3_raw_coordinates.mat,z_w1,274,1,-3.8660146699266452e-06,
F0_D3_raw_coordinates.mat,z_w1,275,1,-3.8420537897310462e-06,
F0_D3_raw_coordinates.mat,z_w1,276,1,-3.8180929095354471e-06,
F0_D3_raw_coordinates.mat,z_w1,277,1,-3.7941320293398481e-06,
F0_D3_raw_coordinates.mat,z_w1,278,1,-3.7701711491442491e-06,
F0_D3_raw_coordinates.mat,z_w1,279,1,-3.74621026894865e-06,
F0_D3_raw_coordinates.mat,z_w1,280,1,-3.722249388753051e-06,
F0_D3_raw_coordinates.mat,z_w1,281,1,-3.6982885085574519e-06,
F0_D3_raw_coordinates.mat,z_w1,282,1,-3.6743276283618529e-06,
F0_D3_raw_coordinates.mat,z_w1,283,1,-3.6503667481662538e-06,
F0_D3_raw_coordinates.mat,z_w1,284,1,-3.6264058679706548e-06,
F0_D3_raw_coordinates.mat,z_w1,285,1,-3.6024449877750557e-06,
F0_D3_raw_coordinates.mat,z_w1,286,1,-3.5784841075794567e-06,
F0_D3_raw_coordinates.mat,z_w1,287,1,-3.5545232273838576e-06,
F0_D3_raw_coordinates.mat,z_w1,288,1,-3.5305623471882586e-06,
F0_D3_raw_coordinates.mat,z_w1,289,1,-3.5066014669926596e-06,
F0_D3_raw_coordinates.mat,z_w1,290,1,-3.4826405867970605e-06,
F0_D3_raw_coordinates.mat,z_w1,291,1,-3.4586797066014615e-06,
F0_D3_raw_coordinates.mat,z_w1,292,1,-3.4347188264058624e-06,
F0_D3_raw_coordinates.mat,z_w1,293,1,-3.4107579462102634e-06,
F0_D3_raw_coordinates.mat,z_w1,294,1,-3.3867970660146643e-06,
F0_D3_raw_coordinates.mat,z_w1,295,1,-3.3628361858190653e-06,
F0_D3_raw_coordinates.mat,z_w1,296,1,-3.3388753056234662e-06,
F0_D3_raw_coordinates.mat,z_w1,297,1,-3.3149144254278672e-06,
F0_D3_raw_coordinates.mat,z_w1,298,1,-3.2909535452322681e-06,
F0_D3_raw_coordinates.mat,z_w1,299,1,-3.2669926650366691e-06,
F0_D3_raw_coordinates.mat,z_w1,300,1,-3.2430317848410701e-06,
F0_D3_raw_coordinates.mat,z_w1,301,1,-3.219070904645471e-06,
F0_D3_raw_coordinates.mat,z_w1,302,1,-3.195110024449872e-06,
F0_D3_raw_coordinates.mat,z_w1,303,1,-3.1711491442542729e-06,
F0_D3_raw_coordinates.mat,z_w1,304,1,-3.1471882640586739e-06,
F0_D3_raw_coordinates.mat,z_w1,305,1,-3.1232273838630748e-06,
F0_D3_raw_coordinates.mat,z_w1,306,1,-3.0992665036674758e-06,
F0_D3_raw_coordinates.mat,z_w1,307,1,-3.0753056234718767e-06,
F0_D3_raw_coordinates.mat,z_w1,308,1,-3.0513447432762777e-06,
F0_D3_raw_coordinates.mat,z_w1,309,1,-3.0273838630806786e-06,
F0_D3_raw_coordinates.mat,z_w1,310,1,-3.0034229828850796e-06,
F0_D3_raw_coordinates.mat,z_w1,311,1,-2.9794621026894806e-06,
F0_D3_raw_coordinates.mat,z_w1,312,1,-2.9555012224938815e-06,
F0_D3_raw_coordinates.mat,z_w1,313,1,-2.9315403422982825e-06,
F0_D3_raw_coordinates.mat,z_w1,314,1,-2.9075794621026834e-06,
F0_D3_raw_coordinates.mat,z_w1,315,1,-2.8836185819070844e-06,
F0_D3_raw_coordinates.mat,z_w1,316,1,-2.8596577017114853e-06,
F0_D3_raw_coordinates.mat,z_w1,317,1,-2.8356968215158863e-06,
F0_D3_raw_coordinates.mat,z_w1,318,1,-2.8117359413202872e-06,
F0_D3_raw_coordinates.mat,z_w1,319,1,-2.7877750611246882e-06,
F0_D3_raw_coordinates.mat,z_w1,320,1,-2.7638141809290892e-06,
F0_D3_raw_coordinates.mat,z_w1,321,1,-2.7398533007334901e-06,
F0_D3_raw_coordinates.mat,z_w1,322,1,-2.7158924205378911e-06,
F0_D3_raw_coordinates.mat,z_w1,323,1,-2.691931540342292e-06,
F0_D3_raw_coordinates.mat,z_w1,324,1,-2.667970660146693e-06,
F0_D3_raw_coordinates.mat,z_w1,325,1,-2.6440097799510939e-06,
F0_D3_raw_coordinates.mat,z_w1,326,1,-2.6200488997554949e-06,
F0_D3_raw_coordinates.mat,z_w1,327,1,-2.5960880195598958e-06,
F0_D3_raw_coordinates.mat,z_w1,328,1,-2.5721271393642968e-06,
F0_D3_raw_coordinates.mat,z_w1,329,1,-2.5481662591686977e-06,
F0_D3_raw_coordinates.mat,z_w1,330,1,-2.5242053789730987e-06,
F0_D3_raw_coordinates.mat,z_w1,331,1,-2.5002444987774997e-06,
F0_D3_raw_coordinates.mat,z_w1,332,1,-2.4762836185819006e-06,
F0_D3_raw_coordinates.mat,z_w1,333,1,-2.4523227383863016e-06,
F0_D3_raw_coordinates.mat,z_w1,334,1,-2.4283618581907025e-06,
F0_D3_raw_coordinates.mat,z_w1,335,1,-2.4044009779951035e-06,
F0_D3_raw_coordinates.mat,z_w1,336,1,-2.3804400977995044e-06,
F0_D3_raw_coordinates.mat,z_w1,337,1,-2.3564792176039054e-06,
F0_D3_raw_coordinates.mat,z_w1,338,1,-2.3325183374083063e-06,
F0_D3_raw_coordinates.mat,z_w1,339,1,-2.3085574572127073e-06,
F0_D3_raw_coordinates.mat,z_w1,340,1,-2.2845965770171082e-06,
F0_D3_raw_coordinates.mat,z_w1,341,1,-2.2606356968215092e-06,
F0_D3_raw_coordinates.mat,z_w1,342,1,-2.2366748166259102e-06,
F0_D3_raw_coordinates.mat,z_w1,343,1,-2.2127139364303111e-06,
F0_D3_raw_coordinates.mat,z_w1,344,1,-2.1887530562347121e-06,
F0_D3_raw_coordinates.mat,z_w1,345,1,-2.164792176039113e-06,
F0_D3_raw_coordinates.mat,z_w1,346,1,-2.140831295843514e-06,
F0_D3_raw_coordinates.mat,z_w1,347,1,-2.1168704156479149e-06,
F0_D3_raw_coordinates.mat,z_w1,348,1,-2.0929095354523159e-06,
F0_D3_raw_coordinates.mat,z_w1,349,1,-2.0689486552567168e-06,
F0_D3_raw_coordinates.mat,z_w1,350,1,-2.0449877750611178e-06,
F0_D3_raw_coordinates.mat,z_w1,351,1,-2.0210268948655187e-06,
F0_D3_raw_coordinates.mat,z_w1,352,1,-1.9970660146699197e-06,
F0_D3_raw_coordinates.mat,z_w1,353,1,-1.9731051344743207e-06,
F0_D3_raw_coordinates.mat,z_w1,354,1,-1.9491442542787216e-06,
F0_D3_raw_coordinates.mat,z_w1,355,1,-1.9251833740831226e-06,
F0_D3_raw_coordinates.mat,z_w1,356,1,-1.9012224938875235e-06,
F0_D3_raw_coordinates.mat,z_w1,357,1,-1.8772616136919245e-06,
F0_D3_raw_coordinates.mat,z_w1,358,1,-1.8533007334963254e-06,
F0_D3_raw_coordinates.mat,z_w1,359,1,-1.8293398533007264e-06,
F0_D3_raw_coordinates.mat,z_w1,360,1,-1.8053789731051273e-06,
F0_D3_raw_coordinates.mat,z_w1,361,1,-1.7814180929095283e-06,
F0_D3_raw_coordinates.mat,z_w1,362,1,-1.7574572127139293e-06,
F0_D3_raw_coordinates.mat,z_w1,363,1,-1.7334963325183302e-06,
F0_D3_raw_coordinates.mat,z_w1,364,1,-1.7095354523227312e-06,
F0_D3_raw_coordinates.mat,z_w1,365,1,-1.6855745721271321e-06,
F0_D3_raw_coordinates.mat,z_w1,366,1,-1.6616136919315331e-06,
F0_D3_raw_coordinates.mat,z_w1,367,1,-1.637652811735934e-06,
F0_D3_raw_coordinates.mat,z_w1,368,1,-1.613691931540335e-06,
F0_D3_raw_coordinates.mat,z_w1,369,1,-1.5897310513447359e-06,
F0_D3_raw_coordinates.mat,z_w1,370,1,-1.5657701711491369e-06,
F0_D3_raw_coordinates.mat,z_w1,371,1,-1.5418092909535378e-06,
F0_D3_raw_coordinates.mat,z_w1,372,1,-1.5178484107579388e-06,
F0_D3_raw_coordinates.mat,z_w1,373,1,-1.4938875305623398e-06,
F0_D3_raw_coordinates.mat,z_w1,374,1,-1.4699266503667407e-06,
F0_D3_raw_coordinates.mat,z_w1,375,1,-1.4459657701711417e-06,
F0_D3_raw_coordinates.mat,z_w1,376,1,-1.4220048899755426e-06,
F0_D3_raw_coordinates.mat,z_w1,377,1,-1.3980440097799436e-06,
F0_D3_raw_coordinates.mat,z_w1,378,1,-1.3740831295843445e-06,
F0_D3_raw_coordinates.mat,z_w1,379,1,-1.3501222493887455e-06,
F0_D3_raw_coordinates.mat,z_w1,380,1,-1.3261613691931464e-06,
F0_D3_raw_coordinates.mat,z_w1,381,1,-1.3022004889975474e-06,
F0_D3_raw_coordinates.mat,z_w1,382,1,-1.2782396088019483e-06,
F0_D3_raw_coordinates.mat,z_w1,383,1,-1.2542787286063493e-06,
F0_D3_raw_coordinates.mat,z_w1,384,1,-1.2303178484107503e-06,
F0_D3_raw_coordinates.mat,z_w1,385,1,-1.2063569682151512e-06,
F0_D3_raw_coordinates.mat,z_w1,386,1,-1.1823960880195522e-06,
F0_D3_raw_coordinates.mat,z_w1,387,1,-1.1584352078239531e-06,
F0_D3_raw_coordinates.mat,z_w1,388,1,-1.1344743276283541e-06,
F0_D3_raw_coordinates.mat,z_w1,389,1,-1.110513447432755e-06,
F0_D3_raw_coordinates.mat,z_w1,390,1,-1.086552567237156e-06,
F0_D3_raw_coordinates.mat,z_w1,391,1,-1.0625916870415569e-06,
F0_D3_raw_coordinates.mat,z_w1,392,1,-1.0386308068459579e-06,
F0_D3_raw_coordinates.mat,z_w1,393,1,-1.0146699266503588e-06,
F0_D3_raw_coordinates.mat,z_w1,394,1,-9.907090464547598e-07,
F0_D3_raw_coordinates.mat,z_w1,395,1,-9.6674816625916076e-07,
F0_D3_raw_coordinates.mat,z_w1,396,1,-9.4278728606356171e-07,
F0_D3_raw_coordinates.mat,z_w1,397,1,-9.1882640586796267e-07,
F0_D3_raw_coordinates.mat,z_w1,398,1,-8.9486552567236362e-07,
F0_D3_raw_coordinates.mat,z_w1,399,1,-8.7090464547676458e-07,
F0_D3_raw_coordinates.mat,z_w1,400,1,-8.4694376528116553e-07,
F0_D3_raw_coordinates.mat,z_w1,401,1,-8.2298288508556649e-07,
F0_D3_raw_coordinates.mat,z_w1,402,1,-7.9902200488996744e-07,
F0_D3_raw_coordinates.mat,z_w1,403,1,-7.7506112469436839e-07,
F0_D3_raw_coordinates.mat,z_w1,404,1,-7.5110024449876935e-07,
F0_D3_raw_coordinates.mat,z_w1,405,1,-7.271393643031703e-07,
F0_D3_raw_coordinates.mat,z_w1,406,1,-7.0317848410757126e-07,
F0_D3_raw_coordinates.mat,z_w1,407,1,-6.7921760391197221e-07,
F0_D3_raw_coordinates.mat,z_w1,408,1,-6.5525672371637317e-07,
F0_D3_raw_coordinates.mat,z_w1,409,1,-6.3129584352077412e-07,
F0_D3_raw_coordinates.mat,z_w1,410,1,-6.0733496332517508e-07,
F0_D3_raw_coordinates.mat,z_w1,411,1,-5.8337408312957603e-07,
F0_D3_raw_coordinates.mat,z_w1,412,1,-5.5941320293397699e-07,
F0_D3_raw_coordinates.mat,z_w1,413,1,-5.3545232273837794e-07,
F0_D3_raw_coordinates.mat,z_w1,414,1,-5.114914425427789e-07,
F0_D3_raw_coordinates.mat,z_w1,415,1,-4.8753056234717985e-07,
F0_D3_raw_coordinates.mat,z_w1,416,1,-4.6356968215158081e-07,
F0_D3_raw_coordinates.mat,z_w1,417,1,-4.3960880195598176e-07,
F0_D3_raw_coordinates.mat,z_w1,418,1,-4.1564792176038272e-07,
F0_D3_raw_coordinates.mat,z_w1,419,1,-3.9168704156478367e-07,
F0_D3_raw_coordinates.mat,z_w1,420,1,-3.6772616136918463e-07,
F0_D3_raw_coordinates.mat,z_w1,421,1,-3.4376528117358558e-07,
F0_D3_raw_coordinates.mat,z_w1,422,1,-3.1980440097798654e-07,
F0_D3_raw_coordinates.mat,z_w1,423,1,-2.9584352078238749e-07,
F0_D3_raw_coordinates.mat,z_w1,424,1,-2.7188264058679707e-07,
F0_D3_raw_coordinates.mat,z_w1,425,1,-2.4989691169883664e-07,
F0_D3_raw_coordinates.mat,z_w1,426,1,-2.3108915352647723e-07,
F0_D3_raw_coordinates.mat,z_w1,427,1,-2.1499999999999138e-07,
F0_D3_raw_coordinates.mat,z_w1,428,1,-1.9999999999999136e-07,
F0_D3_raw_coordinates.mat,z_w1,429,1,-1.8499999999999998e-07,
F0_D3_raw_coordinates.mat,z_w1,430,1,-1.6999999999999996e-07,
F0_D3_raw_coordinates.mat,z_w1,431,1,-1.5499999999999995e-07,
F0_D3_raw_coordinates.mat,z_w1,432,1,-1.3999999999999993e-07,
F0_D3_raw_coordinates.mat,z_w1,433,1,-1.2499999999999991e-07,
F0_D3_raw_coordinates.mat,z_w1,434,1,-1.0999999999999991e-07,
F0_D3_raw_coordinates.mat,z_w1,435,1,-9.4999999999999911e-08,
F0_D3_raw_coordinates.mat,z_w1,436,1,-7.9999999999999909e-08,
F0_D3_raw_coordinates.mat,z_w1,437,1,-6.4999999999999907e-08,
F0_D3_raw_coordinates.mat,z_w1,438,1,-4.9999999999999905e-08,
F0_D3_raw_coordinates.mat,z_w1,439,1,-3.4999999999999903e-08,
F0_D3_raw_coordinates.mat,z_w1,440,1,-1.9999999999999901e-08,
F0_D3_raw_coordinates.mat,z_w1,441,1,-4.9999999999998992e-09,
F0_D3_raw_coordinates.mat,z_w1,442,1,1.0000000000000103e-08,
F0_D3_raw_coordinates.mat,z_w1,443,1,2.5000000000000105e-08,
F0_D3_raw_coordinates.mat,z_w1,444,1,4.0000000000000107e-08,
F0_D3_raw_coordinates.mat,z_w1,445,1,5.5000000000000109e-08,
F0_D3_raw_coordinates.mat,z_w1,446,1,7.0000000000000111e-08,
F0_D3_raw_coordinates.mat,z_w1,447,1,8.5000000000000113e-08,
F0_D3_raw_coordinates.mat,z_w1,448,1,1.0000000000000011e-07,
F0_D3_raw_coordinates.mat,z_w1,449,1,1.1500000000000012e-07,
F0_D3_raw_coordinates.mat,z_w1,450,1,1.3000000000000013e-07,
F0_D3_raw_coordinates.mat,z_w1,451,1,1.4500000000000015e-07,
F0_D3_raw_coordinates.mat,z_w1,452,1,1.6000000000000016e-07,
F0_D3_raw_coordinates.mat,z_w1,453,1,1.7500000000000018e-07,
F0_D3_raw_coordinates.mat,z_w1,454,1,1.9000000000000019e-07,
F0_D3_raw_coordinates.mat,z_w1,455,1,2.0500000000000021e-07,
F0_D3_raw_coordinates.mat,z_w1,456,1,2.2000000000000022e-07,
F0_D3_raw_coordinates.mat,z_w1,457,1,2.3500000000000024e-07,
F0_D3_raw_coordinates.mat,z_w1,458,1,2.5000000000000025e-07,
F0_D3_raw_coordinates.mat,z_w1,459,1,2.6500000000000027e-07,
F0_D3_raw_coordinates.mat,z_w1,460,1,2.8000000000000028e-07,
F0_D3_raw_coordinates.mat,z_w1,461,1,2.950000000000003e-07,
F0_D3_raw_coordinates.mat,z_w1,462,1,3.1000000000000031e-07,
F0_D3_raw_coordinates.mat,z_w1,463,1,3.2500000000000006e-07,
F0_D3_raw_coordinates.mat,z_w1,464,1,3.4000000000000034e-07,
F0_D3_raw_coordinates.mat,z_w1,465,1,3.5572393523386309e-07,
F0_D3_raw_coordinates.mat,z_w1,466,1,3.762820512820516e-07,
F0_D3_raw_coordinates.mat,z_w1,467,1,4.01923076923077e-07,
F0_D3_raw_coordinates.mat,z_w1,468,1,4.2756410256410266e-07,
F0_D3_raw_coordinates.mat,z_w1,469,1,4.5320512820512833e-07,
F0_D3_raw_coordinates.mat,z_w1,470,1,4.7884615384615394e-07,
F0_D3_raw_coordinates.mat,z_w1,471,1,5.0448717948717955e-07,
F0_D3_raw_coordinates.mat,z_w1,472,1,5.3012820512820516e-07,
F0_D3_raw_coordinates.mat,z_w1,473,1,5.5576923076923077e-07,
F0_D3_raw_coordinates.mat,z_w1,474,1,5.8141025641025638e-07,
F0_D3_raw_coordinates.mat,z_w2,0,1,-1.0441912672538744e-05,
F0_D3_raw_coordinates.mat,z_w2,1,1,-1.0416696566512107e-05,
F0_D3_raw_coordinates.mat,z_w2,2,1,-1.0391560556858383e-05,
F0_D3_raw_coordinates.mat,z_w2,3,1,-1.0366504389159664e-05,
F0_D3_raw_coordinates.mat,z_w2,4,1,-1.0341527809806174e-05,
F0_D3_raw_coordinates.mat,z_w2,5,1,-1.0316630565993703e-05,
F0_D3_raw_coordinates.mat,z_w2,6,1,-1.0291812405721045e-05,
F0_D3_raw_coordinates.mat,z_w2,7,1,-1.0267073077787453e-05,
F0_D3_raw_coordinates.mat,z_w2,8,1,-1.0242412331790095e-05,
F0_D3_raw_coordinates.mat,z_w2,9,1,-1.0217829918121512e-05,
F0_D3_raw_coordinates.mat,z_w2,10,1,-1.0193325587967102e-05,
F0_D3_raw_coordinates.mat,z_w2,11,1,-1.0168899093302594e-05,
F0_D3_raw_coordinates.mat,z_w2,12,1,-1.0144550186891544e-05,
F0_D3_raw_coordinates.mat,z_w2,13,1,-1.0120278622282828e-05,
F0_D3_raw_coordinates.mat,z_w2,14,1,-1.0096084153808148e-05,
F0_D3_raw_coordinates.mat,z_w2,15,1,-1.0071966536579546e-05,
F0_D3_raw_coordinates.mat,z_w2,16,1,-1.0047925526486926e-05,
F0_D3_raw_coordinates.mat,z_w2,17,1,-1.0023960880195583e-05,
F0_D3_raw_coordinates.mat,z_w2,18,1,-9.9999999999999839e-06,
F0_D3_raw_coordinates.mat,z_w2,19,1,-9.9760391198044018e-06,
F0_D3_raw_coordinates.mat,z_w2,20,1,-9.9520782396088027e-06,
F0_D3_raw_coordinates.mat,z_w2,21,1,-9.9281173594132037e-06,
F0_D3_raw_coordinates.mat,z_w2,22,1,-9.9041564792176046e-06,
F0_D3_raw_coordinates.mat,z_w2,23,1,-9.8801955990220056e-06,
F0_D3_raw_coordinates.mat,z_w2,24,1,-9.8562347188264065e-06,
F0_D3_raw_coordinates.mat,z_w2,25,1,-9.8322738386308075e-06,
F0_D3_raw_coordinates.mat,z_w2,26,1,-9.8083129584352085e-06,
F0_D3_raw_coordinates.mat,z_w2,27,1,-9.7843520782396094e-06,
F0_D3_raw_coordinates.mat,z_w2,28,1,-9.7603911980440104e-06,
F0_D3_raw_coordinates.mat,z_w2,29,1,-9.7364303178484113e-06,
F0_D3_raw_coordinates.mat,z_w2,30,1,-9.7124694376528123e-06,
F0_D3_raw_coordinates.mat,z_w2,31,1,-9.6885085574572132e-06,
F0_D3_raw_coordinates.mat,z_w2,32,1,-9.6645476772616142e-06,
F0_D3_raw_coordinates.mat,z_w2,33,1,-9.6405867970660151e-06,
F0_D3_raw_coordinates.mat,z_w2,34,1,-9.6166259168704161e-06,
F0_D3_raw_coordinates.mat,z_w2,35,1,-9.592665036674817e-06,
F0_D3_raw_coordinates.mat,z_w2,36,1,-9.568704156479218e-06,
F0_D3_raw_coordinates.mat,z_w2,37,1,-9.544743276283619e-06,
F0_D3_raw_coordinates.mat,z_w2,38,1,-9.5207823960880199e-06,
F0_D3_raw_coordinates.mat,z_w2,39,1,-9.4968215158924209e-06,
F0_D3_raw_coordinates.mat,z_w2,40,1,-9.4728606356968218e-06,
F0_D3_raw_coordinates.mat,z_w2,41,1,-9.4488997555012228e-06,
F0_D3_raw_coordinates.mat,z_w2,42,1,-9.4249388753056237e-06,
F0_D3_raw_coordinates.mat,z_w2,43,1,-9.4009779951100247e-06,
F0_D3_raw_coordinates.mat,z_w2,44,1,-9.3770171149144256e-06,
F0_D3_raw_coordinates.mat,z_w2,45,1,-9.3530562347188266e-06,
F0_D3_raw_coordinates.mat,z_w2,46,1,-9.3290953545232276e-06,
F0_D3_raw_coordinates.mat,z_w2,47,1,-9.3051344743276285e-06,
F0_D3_raw_coordinates.mat,z_w2,48,1,-9.2811735941320295e-06,
F0_D3_raw_coordinates.mat,z_w2,49,1,-9.2572127139364304e-06,
F0_D3_raw_coordinates.mat,z_w2,50,1,-9.2332518337408314e-06,
F0_D3_raw_coordinates.mat,z_w2,51,1,-9.2092909535452323e-06,
F0_D3_raw_coordinates.mat,z_w2,52,1,-9.1853300733496333e-06,
F0_D3_raw_coordinates.mat,z_w2,53,1,-9.1613691931540342e-06,
F0_D3_raw_coordinates.mat,z_w2,54,1,-9.1374083129584352e-06,
F0_D3_raw_coordinates.mat,z_w2,55,1,-9.1134474327628361e-06,
F0_D3_raw_coordinates.mat,z_w2,56,1,-9.0894865525672371e-06,
F0_D3_raw_coordinates.mat,z_w2,57,1,-9.0655256723716381e-06,
F0_D3_raw_coordinates.mat,z_w2,58,1,-9.041564792176039e-06,
F0_D3_raw_coordinates.mat,z_w2,59,1,-9.01760391198044e-06,
F0_D3_raw_coordinates.mat,z_w2,60,1,-8.9936430317848409e-06,
F0_D3_raw_coordinates.mat,z_w2,61,1,-8.9696821515892419e-06,
F0_D3_raw_coordinates.mat,z_w2,62,1,-8.9457212713936428e-06,
F0_D3_raw_coordinates.mat,z_w2,63,1,-8.9217603911980438e-06,
F0_D3_raw_coordinates.mat,z_w2,64,1,-8.8977995110024447e-06,
F0_D3_raw_coordinates.mat,z_w2,65,1,-8.8738386308068457e-06,
F0_D3_raw_coordinates.mat,z_w2,66,1,-8.8498777506112466e-06,
F0_D3_raw_coordinates.mat,z_w2,67,1,-8.8259168704156476e-06,
F0_D3_raw_coordinates.mat,z_w2,68,1,-8.8019559902200486e-06,
F0_D3_raw_coordinates.mat,z_w2,69,1,-8.7779951100244495e-06,
F0_D3_raw_coordinates.mat,z_w2,70,1,-8.7540342298288505e-06,
F0_D3_raw_coordinates.mat,z_w2,71,1,-8.7300733496332514e-06,
F0_D3_raw_coordinates.mat,z_w2,72,1,-8.7061124694376524e-06,
F0_D3_raw_coordinates.mat,z_w2,73,1,-8.6821515892420533e-06,
F0_D3_raw_coordinates.mat,z_w2,74,1,-8.6581907090464543e-06,
F0_D3_raw_coordinates.mat,z_w2,75,1,-8.6342298288508552e-06,
F0_D3_raw_coordinates.mat,z_w2,76,1,-8.6102689486552562e-06,
F0_D3_raw_coordinates.mat,z_w2,77,1,-8.5863080684596571e-06,
F0_D3_raw_coordinates.mat,z_w2,78,1,-8.5623471882640581e-06,
F0_D3_raw_coordinates.mat,z_w2,79,1,-8.5383863080684591e-06,
F0_D3_raw_coordinates.mat,z_w2,80,1,-8.51442542787286e-06,
F0_D3_raw_coordinates.mat,z_w2,81,1,-8.490464547677261e-06,
F0_D3_raw_coordinates.mat,z_w2,82,1,-8.4665036674816619e-06,
F0_D3_raw_coordinates.mat,z_w2,83,1,-8.4425427872860629e-06,
F0_D3_raw_coordinates.mat,z_w2,84,1,-8.4185819070904638e-06,
F0_D3_raw_coordinates.mat,z_w2,85,1,-8.3946210268948648e-06,
F0_D3_raw_coordinates.mat,z_w2,86,1,-8.3706601466992657e-06,
F0_D3_raw_coordinates.mat,z_w2,87,1,-8.3466992665036667e-06,
F0_D3_raw_coordinates.mat,z_w2,88,1,-8.3227383863080677e-06,
F0_D3_raw_coordinates.mat,z_w2,89,1,-8.2987775061124686e-06,
F0_D3_raw_coordinates.mat,z_w2,90,1,-8.2748166259168696e-06,
F0_D3_raw_coordinates.mat,z_w2,91,1,-8.2508557457212705e-06,
F0_D3_raw_coordinates.mat,z_w2,92,1,-8.2268948655256715e-06,
F0_D3_raw_coordinates.mat,z_w2,93,1,-8.2029339853300724e-06,
F0_D3_raw_coordinates.mat,z_w2,94,1,-8.1789731051344734e-06,
F0_D3_raw_coordinates.mat,z_w2,95,1,-8.1550122249388743e-06,
F0_D3_raw_coordinates.mat,z_w2,96,1,-8.1310513447432753e-06,
F0_D3_raw_coordinates.mat,z_w2,97,1,-8.1070904645476762e-06,
F0_D3_raw_coordinates.mat,z_w2,98,1,-8.0831295843520772e-06,
F0_D3_raw_coordinates.mat,z_w2,99,1,-8.0591687041564782e-06,
F0_D3_raw_coordinates.mat,z_w2,100,1,-8.0352078239608791e-06,
F0_D3_raw_coordinates.mat,z_w2,101,1,-8.0112469437652801e-06,
F0_D3_raw_coordinates.mat,z_w2,102,1,-7.987286063569681e-06,
F0_D3_raw_coordinates.mat,z_w2,103,1,-7.963325183374082e-06,
F0_D3_raw_coordinates.mat,z_w2,104,1,-7.9393643031784829e-06,
F0_D3_raw_coordinates.mat,z_w2,105,1,-7.9154034229828839e-06,
F0_D3_raw_coordinates.mat,z_w2,106,1,-7.8914425427872848e-06,
F0_D3_raw_coordinates.mat,z_w2,107,1,-7.8674816625916858e-06,
F0_D3_raw_coordinates.mat,z_w2,108,1,-7.8435207823960867e-06,
F0_D3_raw_coordinates.mat,z_w2,109,1,-7.8195599022004877e-06,
F0_D3_raw_coordinates.mat,z_w2,110,1,-7.7955990220048887e-06,
F0_D3_raw_coordinates.mat,z_w2,111,1,-7.7716381418092896e-06,
F0_D3_raw_coordinates.mat,z_w2,112,1,-7.7476772616136906e-06,
F0_D3_raw_coordinates.mat,z_w2,113,1,-7.7237163814180915e-06,
F0_D3_raw_coordinates.mat,z_w2,114,1,-7.6997555012224925e-06,
F0_D3_raw_coordinates.mat,z_w2,115,1,-7.6757946210268934e-06,
F0_D3_raw_coordinates.mat,z_w2,116,1,-7.6518337408312944e-06,
F0_D3_raw_coordinates.mat,z_w2,117,1,-7.6278728606356953e-06,
F0_D3_raw_coordinates.mat,z_w2,118,1,-7.6039119804400963e-06,
F0_D3_raw_coordinates.mat,z_w2,119,1,-7.5799511002444972e-06,
F0_D3_raw_coordinates.mat,z_w2,120,1,-7.5559902200488982e-06,
F0_D3_raw_coordinates.mat,z_w2,121,1,-7.5320293398532992e-06,
F0_D3_raw_coordinates.mat,z_w2,122,1,-7.5080684596577001e-06,
F0_D3_raw_coordinates.mat,z_w2,123,1,-7.4841075794621011e-06,
F0_D3_raw_coordinates.mat,z_w2,124,1,-7.460146699266502e-06,
F0_D3_raw_coordinates.mat,z_w2,125,1,-7.436185819070903e-06,
F0_D3_raw_coordinates.mat,z_w2,126,1,-7.4122249388753039e-06,
F0_D3_raw_coordinates.mat,z_w2,127,1,-7.3882640586797049e-06,
F0_D3_raw_coordinates.mat,z_w2,128,1,-7.3643031784841058e-06,
F0_D3_raw_coordinates.mat,z_w2,129,1,-7.3403422982885068e-06,
F0_D3_raw_coordinates.mat,z_w2,130,1,-7.3163814180929077e-06,
F0_D3_raw_coordinates.mat,z_w2,131,1,-7.2924205378973087e-06,
F0_D3_raw_coordinates.mat,z_w2,132,1,-7.2684596577017097e-06,
F0_D3_raw_coordinates.mat,z_w2,133,1,-7.2444987775061106e-06,
F0_D3_raw_coordinates.mat,z_w2,134,1,-7.2205378973105116e-06,
F0_D3_raw_coordinates.mat,z_w2,135,1,-7.1965770171149125e-06,
F0_D3_raw_coordinates.mat,z_w2,136,1,-7.1726161369193135e-06,
F0_D3_raw_coordinates.mat,z_w2,137,1,-7.1486552567237144e-06,
F0_D3_raw_coordinates.mat,z_w2,138,1,-7.1246943765281154e-06,
F0_D3_raw_coordinates.mat,z_w2,139,1,-7.1007334963325163e-06,
F0_D3_raw_coordinates.mat,z_w2,140,1,-7.0767726161369173e-06,
F0_D3_raw_coordinates.mat,z_w2,141,1,-7.0528117359413183e-06,
F0_D3_raw_coordinates.mat,z_w2,142,1,-7.0288508557457192e-06,
F0_D3_raw_coordinates.mat,z_w2,143,1,-7.0048899755501202e-06,
F0_D3_raw_coordinates.mat,z_w2,144,1,-6.9809290953545211e-06,
F0_D3_raw_coordinates.mat,z_w2,145,1,-6.9569682151589221e-06,
F0_D3_raw_coordinates.mat,z_w2,146,1,-6.933007334963323e-06,
F0_D3_raw_coordinates.mat,z_w2,147,1,-6.909046454767724e-06,
F0_D3_raw_coordinates.mat,z_w2,148,1,-6.8850855745721249e-06,
F0_D3_raw_coordinates.mat,z_w2,149,1,-6.8611246943765259e-06,
F0_D3_raw_coordinates.mat,z_w2,150,1,-6.8371638141809268e-06,
F0_D3_raw_coordinates.mat,z_w2,151,1,-6.8132029339853278e-06,
F0_D3_raw_coordinates.mat,z_w2,152,1,-6.7892420537897288e-06,
F0_D3_raw_coordinates.mat,z_w2,153,1,-6.7652811735941297e-06,
F0_D3_raw_coordinates.mat,z_w2,154,1,-6.7413202933985307e-06,
F0_D3_raw_coordinates.mat,z_w2,155,1,-6.7173594132029316e-06,
F0_D3_raw_coordinates.mat,z_w2,156,1,-6.6933985330073326e-06,
F0_D3_raw_coordinates.mat,z_w2,157,1,-6.6694376528117335e-06,
F0_D3_raw_coordinates.mat,z_w2,158,1,-6.6454767726161345e-06,
F0_D3_raw_coordinates.mat,z_w2,159,1,-6.6215158924205354e-06,
F0_D3_raw_coordinates.mat,z_w2,160,1,-6.5975550122249364e-06,
F0_D3_raw_coordinates.mat,z_w2,161,1,-6.5735941320293373e-06,
F0_D3_raw_coordinates.mat,z_w2,162,1,-6.5496332518337383e-06,
F0_D3_raw_coordinates.mat,z_w2,163,1,-6.5256723716381393e-06,
F0_D3_raw_coordinates.mat,z_w2,164,1,-6.5017114914425402e-06,
F0_D3_raw_coordinates.mat,z_w2,165,1,-6.4777506112469412e-06,
F0_D3_raw_coordinates.mat,z_w2,166,1,-6.4537897310513421e-06,
F0_D3_raw_coordinates.mat,z_w2,167,1,-6.4298288508557431e-06,
F0_D3_raw_coordinates.mat,z_w2,168,1,-6.405867970660144e-06,
F0_D3_raw_coordinates.mat,z_w2,169,1,-6.381907090464545e-06,
F0_D3_raw_coordinates.mat,z_w2,170,1,-6.3579462102689459e-06,
F0_D3_raw_coordinates.mat,z_w2,171,1,-6.3339853300733469e-06,
F0_D3_raw_coordinates.mat,z_w2,172,1,-6.3100244498777478e-06,
F0_D3_raw_coordinates.mat,z_w2,173,1,-6.2860635696821488e-06,
F0_D3_raw_coordinates.mat,z_w2,174,1,-6.2621026894865498e-06,
F0_D3_raw_coordinates.mat,z_w2,175,1,-6.2381418092909507e-06,
F0_D3_raw_coordinates.mat,z_w2,176,1,-6.2141809290953517e-06,
F0_D3_raw_coordinates.mat,z_w2,177,1,-6.1902200488997526e-06,
F0_D3_raw_coordinates.mat,z_w2,178,1,-6.1662591687041536e-06,
F0_D3_raw_coordinates.mat,z_w2,179,1,-6.1422982885085545e-06,
F0_D3_raw_coordinates.mat,z_w2,180,1,-6.1183374083129555e-06,
F0_D3_raw_coordinates.mat,z_w2,181,1,-6.0943765281173564e-06,
F0_D3_raw_coordinates.mat,z_w2,182,1,-6.0704156479217574e-06,
F0_D3_raw_coordinates.mat,z_w2,183,1,-6.0464547677261584e-06,
F0_D3_raw_coordinates.mat,z_w2,184,1,-6.0224938875305593e-06,
F0_D3_raw_coordinates.mat,z_w2,185,1,-5.9985330073349603e-06,
F0_D3_raw_coordinates.mat,z_w2,186,1,-5.9745721271393612e-06,
F0_D3_raw_coordinates.mat,z_w2,187,1,-5.9506112469437622e-06,
F0_D3_raw_coordinates.mat,z_w2,188,1,-5.9266503667481631e-06,
F0_D3_raw_coordinates.mat,z_w2,189,1,-5.9026894865525641e-06,
F0_D3_raw_coordinates.mat,z_w2,190,1,-5.878728606356965e-06,
F0_D3_raw_coordinates.mat,z_w2,191,1,-5.854767726161366e-06,
F0_D3_raw_coordinates.mat,z_w2,192,1,-5.8308068459657669e-06,
F0_D3_raw_coordinates.mat,z_w2,193,1,-5.8068459657701679e-06,
F0_D3_raw_coordinates.mat,z_w2,194,1,-5.7828850855745689e-06,
F0_D3_raw_coordinates.mat,z_w2,195,1,-5.7589242053789698e-06,
F0_D3_raw_coordinates.mat,z_w2,196,1,-5.7349633251833708e-06,
F0_D3_raw_coordinates.mat,z_w2,197,1,-5.7110024449877717e-06,
F0_D3_raw_coordinates.mat,z_w2,198,1,-5.6870415647921727e-06,
F0_D3_raw_coordinates.mat,z_w2,199,1,-5.6630806845965736e-06,
F0_D3_raw_coordinates.mat,z_w2,200,1,-5.6391198044009746e-06,
F0_D3_raw_coordinates.mat,z_w2,201,1,-5.6151589242053755e-06,
F0_D3_raw_coordinates.mat,z_w2,202,1,-5.5911980440097765e-06,
F0_D3_raw_coordinates.mat,z_w2,203,1,-5.5672371638141774e-06,
F0_D3_raw_coordinates.mat,z_w2,204,1,-5.5432762836185784e-06,
F0_D3_raw_coordinates.mat,z_w2,205,1,-5.5193154034229794e-06,
F0_D3_raw_coordinates.mat,z_w2,206,1,-5.4953545232273803e-06,
F0_D3_raw_coordinates.mat,z_w2,207,1,-5.4713936430317813e-06,
F0_D3_raw_coordinates.mat,z_w2,208,1,-5.4474327628361822e-06,
F0_D3_raw_coordinates.mat,z_w2,209,1,-5.4234718826405832e-06,
F0_D3_raw_coordinates.mat,z_w2,210,1,-5.3995110024449841e-06,
F0_D3_raw_coordinates.mat,z_w2,211,1,-5.3755501222493851e-06,
F0_D3_raw_coordinates.mat,z_w2,212,1,-5.351589242053786e-06,
F0_D3_raw_coordinates.mat,z_w2,213,1,-5.327628361858187e-06,
F0_D3_raw_coordinates.mat,z_w2,214,1,-5.3036674816625879e-06,
F0_D3_raw_coordinates.mat,z_w2,215,1,-5.2797066014669889e-06,
F0_D3_raw_coordinates.mat,z_w2,216,1,-5.2557457212713899e-06,
F0_D3_raw_coordinates.mat,z_w2,217,1,-5.2317848410757908e-06,
F0_D3_raw_coordinates.mat,z_w2,218,1,-5.2078239608801918e-06,
F0_D3_raw_coordinates.mat,z_w2,219,1,-5.1838630806845927e-06,
F0_D3_raw_coordinates.mat,z_w2,220,1,-5.1599022004889937e-06,
F0_D3_raw_coordinates.mat,z_w2,221,1,-5.1359413202933946e-06,
F0_D3_raw_coordinates.mat,z_w2,222,1,-5.1119804400977956e-06,
F0_D3_raw_coordinates.mat,z_w2,223,1,-5.0880195599021965e-06,
F0_D3_raw_coordinates.mat,z_w2,224,1,-5.0640586797065975e-06,
F0_D3_raw_coordinates.mat,z_w2,225,1,-5.0400977995109985e-06,
F0_D3_raw_coordinates.mat,z_w2,226,1,-5.0161369193153994e-06,
F0_D3_raw_coordinates.mat,z_w2,227,1,-4.9921760391198004e-06,
F0_D3_raw_coordinates.mat,z_w2,228,1,-4.9682151589242013e-06,
F0_D3_raw_coordinates.mat,z_w2,229,1,-4.9442542787286023e-06,
F0_D3_raw_coordinates.mat,z_w2,230,1,-4.9202933985330032e-06,
F0_D3_raw_coordinates.mat,z_w2,231,1,-4.8963325183374042e-06,
F0_D3_raw_coordinates.mat,z_w2,232,1,-4.8723716381418051e-06,
F0_D3_raw_coordinates.mat,z_w2,233,1,-4.8484107579462061e-06,
F0_D3_raw_coordinates.mat,z_w2,234,1,-4.824449877750607e-06,
F0_D3_raw_coordinates.mat,z_w2,235,1,-4.800488997555008e-06,
F0_D3_raw_coordinates.mat,z_w2,236,1,-4.776528117359409e-06,
F0_D3_raw_coordinates.mat,z_w2,237,1,-4.7525672371638099e-06,
F0_D3_raw_coordinates.mat,z_w2,238,1,-4.7286063569682109e-06,
F0_D3_raw_coordinates.mat,z_w2,239,1,-4.7046454767726118e-06,
F0_D3_raw_coordinates.mat,z_w2,240,1,-4.6806845965770128e-06,
F0_D3_raw_coordinates.mat,z_w2,241,1,-4.6567237163814137e-06,
F0_D3_raw_coordinates.mat,z_w2,242,1,-4.6327628361858147e-06,
F0_D3_raw_coordinates.mat,z_w2,243,1,-4.6088019559902156e-06,
F0_D3_raw_coordinates.mat,z_w2,244,1,-4.5848410757946166e-06,
F0_D3_raw_coordinates.mat,z_w2,245,1,-4.5608801955990175e-06,
F0_D3_raw_coordinates.mat,z_w2,246,1,-4.5369193154034185e-06,
F0_D3_raw_coordinates.mat,z_w2,247,1,-4.5129584352078195e-06,
F0_D3_raw_coordinates.mat,z_w2,248,1,-4.4889975550122204e-06,
F0_D3_raw_coordinates.mat,z_w2,249,1,-4.4650366748166214e-06,
F0_D3_raw_coordinates.mat,z_w2,250,1,-4.4410757946210223e-06,
F0_D3_raw_coordinates.mat,z_w2,251,1,-4.4171149144254233e-06,
F0_D3_raw_coordinates.mat,z_w2,252,1,-4.3931540342298242e-06,
F0_D3_raw_coordinates.mat,z_w2,253,1,-4.3691931540342252e-06,
F0_D3_raw_coordinates.mat,z_w2,254,1,-4.3452322738386261e-06,
F0_D3_raw_coordinates.mat,z_w2,255,1,-4.3212713936430271e-06,
F0_D3_raw_coordinates.mat,z_w2,256,1,-4.297310513447428e-06,
F0_D3_raw_coordinates.mat,z_w2,257,1,-4.273349633251829e-06,
F0_D3_raw_coordinates.mat,z_w2,258,1,-4.24938875305623e-06,
F0_D3_raw_coordinates.mat,z_w2,259,1,-4.2254278728606309e-06,
F0_D3_raw_coordinates.mat,z_w2,260,1,-4.2014669926650319e-06,
F0_D3_raw_coordinates.mat,z_w2,261,1,-4.1775061124694328e-06,
F0_D3_raw_coordinates.mat,z_w2,262,1,-4.1535452322738338e-06,
F0_D3_raw_coordinates.mat,z_w2,263,1,-4.1295843520782347e-06,
F0_D3_raw_coordinates.mat,z_w2,264,1,-4.1056234718826357e-06,
F0_D3_raw_coordinates.mat,z_w2,265,1,-4.0816625916870366e-06,
F0_D3_raw_coordinates.mat,z_w2,266,1,-4.0577017114914376e-06,
F0_D3_raw_coordinates.mat,z_w2,267,1,-4.0337408312958385e-06,
F0_D3_raw_coordinates.mat,z_w2,268,1,-4.0097799511002395e-06,
F0_D3_raw_coordinates.mat,z_w2,269,1,-3.9858190709046405e-06,
F0_D3_raw_coordinates.mat,z_w2,270,1,-3.9618581907090414e-06,
F0_D3_raw_coordinates.mat,z_w2,271,1,-3.9378973105134424e-06,
F0_D3_raw_coordinates.mat,z_w2,272,1,-3.9139364303178433e-06,
F0_D3_raw_coordinates.mat,z_w2,273,1,-3.8899755501222443e-06,
F0_D3_raw_coordinates.mat,z_w2,274,1,-3.8660146699266452e-06,
F0_D3_raw_coordinates.mat,z_w2,275,1,-3.8420537897310462e-06,
F0_D3_raw_coordinates.mat,z_w2,276,1,-3.8180929095354471e-06,
F0_D3_raw_coordinates.mat,z_w2,277,1,-3.7941320293398481e-06,
F0_D3_raw_coordinates.mat,z_w2,278,1,-3.7701711491442491e-06,
F0_D3_raw_coordinates.mat,z_w2,279,1,-3.74621026894865e-06,
F0_D3_raw_coordinates.mat,z_w2,280,1,-3.722249388753051e-06,
F0_D3_raw_coordinates.mat,z_w2,281,1,-3.6982885085574519e-06,
F0_D3_raw_coordinates.mat,z_w2,282,1,-3.6743276283618529e-06,
F0_D3_raw_coordinates.mat,z_w2,283,1,-3.6503667481662538e-06,
F0_D3_raw_coordinates.mat,z_w2,284,1,-3.6264058679706548e-06,
F0_D3_raw_coordinates.mat,z_w2,285,1,-3.6024449877750557e-06,
F0_D3_raw_coordinates.mat,z_w2,286,1,-3.5784841075794567e-06,
F0_D3_raw_coordinates.mat,z_w2,287,1,-3.5545232273838576e-06,
F0_D3_raw_coordinates.mat,z_w2,288,1,-3.5305623471882586e-06,
F0_D3_raw_coordinates.mat,z_w2,289,1,-3.5066014669926596e-06,
F0_D3_raw_coordinates.mat,z_w2,290,1,-3.4826405867970605e-06,
F0_D3_raw_coordinates.mat,z_w2,291,1,-3.4586797066014615e-06,
F0_D3_raw_coordinates.mat,z_w2,292,1,-3.4347188264058624e-06,
F0_D3_raw_coordinates.mat,z_w2,293,1,-3.4107579462102634e-06,
F0_D3_raw_coordinates.mat,z_w2,294,1,-3.3867970660146643e-06,
F0_D3_raw_coordinates.mat,z_w2,295,1,-3.3628361858190653e-06,
F0_D3_raw_coordinates.mat,z_w2,296,1,-3.3388753056234662e-06,
F0_D3_raw_coordinates.mat,z_w2,297,1,-3.3149144254278672e-06,
F0_D3_raw_coordinates.mat,z_w2,298,1,-3.2909535452322681e-06,
F0_D3_raw_coordinates.mat,z_w2,299,1,-3.2669926650366691e-06,
F0_D3_raw_coordinates.mat,z_w2,300,1,-3.2430317848410701e-06,
F0_D3_raw_coordinates.mat,z_w2,301,1,-3.219070904645471e-06,
F0_D3_raw_coordinates.mat,z_w2,302,1,-3.195110024449872e-06,
F0_D3_raw_coordinates.mat,z_w2,303,1,-3.1711491442542729e-06,
F0_D3_raw_coordinates.mat,z_w2,304,1,-3.1471882640586739e-06,
F0_D3_raw_coordinates.mat,z_w2,305,1,-3.1232273838630748e-06,
F0_D3_raw_coordinates.mat,z_w2,306,1,-3.0992665036674758e-06,
F0_D3_raw_coordinates.mat,z_w2,307,1,-3.0753056234718767e-06,
F0_D3_raw_coordinates.mat,z_w2,308,1,-3.0513447432762777e-06,
F0_D3_raw_coordinates.mat,z_w2,309,1,-3.0273838630806786e-06,
F0_D3_raw_coordinates.mat,z_w2,310,1,-3.0034229828850796e-06,
F0_D3_raw_coordinates.mat,z_w2,311,1,-2.9794621026894806e-06,
F0_D3_raw_coordinates.mat,z_w2,312,1,-2.9555012224938815e-06,
F0_D3_raw_coordinates.mat,z_w2,313,1,-2.9315403422982825e-06,
F0_D3_raw_coordinates.mat,z_w2,314,1,-2.9075794621026834e-06,
F0_D3_raw_coordinates.mat,z_w2,315,1,-2.8836185819070844e-06,
F0_D3_raw_coordinates.mat,z_w2,316,1,-2.8596577017114853e-06,
F0_D3_raw_coordinates.mat,z_w2,317,1,-2.8356968215158863e-06,
F0_D3_raw_coordinates.mat,z_w2,318,1,-2.8117359413202872e-06,
F0_D3_raw_coordinates.mat,z_w2,319,1,-2.7877750611246882e-06,
F0_D3_raw_coordinates.mat,z_w2,320,1,-2.7638141809290892e-06,
F0_D3_raw_coordinates.mat,z_w2,321,1,-2.7398533007334901e-06,
F0_D3_raw_coordinates.mat,z_w2,322,1,-2.7158924205378911e-06,
F0_D3_raw_coordinates.mat,z_w2,323,1,-2.691931540342292e-06,
F0_D3_raw_coordinates.mat,z_w2,324,1,-2.667970660146693e-06,
F0_D3_raw_coordinates.mat,z_w2,325,1,-2.6440097799510939e-06,
F0_D3_raw_coordinates.mat,z_w2,326,1,-2.6200488997554949e-06,
F0_D3_raw_coordinates.mat,z_w2,327,1,-2.5960880195598958e-06,
F0_D3_raw_coordinates.mat,z_w2,328,1,-2.5721271393642968e-06,
F0_D3_raw_coordinates.mat,z_w2,329,1,-2.5481662591686977e-06,
F0_D3_raw_coordinates.mat,z_w2,330,1,-2.5242053789730987e-06,
F0_D3_raw_coordinates.mat,z_w2,331,1,-2.5002444987774997e-06,
F0_D3_raw_coordinates.mat,z_w2,332,1,-2.4762836185819006e-06,
F0_D3_raw_coordinates.mat,z_w2,333,1,-2.4523227383863016e-06,
F0_D3_raw_coordinates.mat,z_w2,334,1,-2.4283618581907025e-06,
F0_D3_raw_coordinates.mat,z_w2,335,1,-2.4044009779951035e-06,
F0_D3_raw_coordinates.mat,z_w2,336,1,-2.3804400977995044e-06,
F0_D3_raw_coordinates.mat,z_w2,337,1,-2.3564792176039054e-06,
F0_D3_raw_coordinates.mat,z_w2,338,1,-2.3325183374083063e-06,
F0_D3_raw_coordinates.mat,z_w2,339,1,-2.3085574572127073e-06,
F0_D3_raw_coordinates.mat,z_w2,340,1,-2.2845965770171082e-06,
F0_D3_raw_coordinates.mat,z_w2,341,1,-2.2606356968215092e-06,
F0_D3_raw_coordinates.mat,z_w2,342,1,-2.2366748166259102e-06,
F0_D3_raw_coordinates.mat,z_w2,343,1,-2.2127139364303111e-06,
F0_D3_raw_coordinates.mat,z_w2,344,1,-2.1887530562347121e-06,
F0_D3_raw_coordinates.mat,z_w2,345,1,-2.164792176039113e-06,
F0_D3_raw_coordinates.mat,z_w2,346,1,-2.140831295843514e-06,
F0_D3_raw_coordinates.mat,z_w2,347,1,-2.1168704156479149e-06,
F0_D3_raw_coordinates.mat,z_w2,348,1,-2.0929095354523159e-06,
F0_D3_raw_coordinates.mat,z_w2,349,1,-2.0689486552567168e-06,
F0_D3_raw_coordinates.mat,z_w2,350,1,-2.0449877750611178e-06,
F0_D3_raw_coordinates.mat,z_w2,351,1,-2.0210268948655187e-06,
F0_D3_raw_coordinates.mat,z_w2,352,1,-1.9970660146699197e-06,
F0_D3_raw_coordinates.mat,z_w2,353,1,-1.9731051344743207e-06,
F0_D3_raw_coordinates.mat,z_w2,354,1,-1.9491442542787216e-06,
F0_D3_raw_coordinates.mat,z_w2,355,1,-1.9251833740831226e-06,
F0_D3_raw_coordinates.mat,z_w2,356,1,-1.9012224938875235e-06,
F0_D3_raw_coordinates.mat,z_w2,357,1,-1.8772616136919245e-06,
F0_D3_raw_coordinates.mat,z_w2,358,1,-1.8533007334963254e-06,
F0_D3_raw_coordinates.mat,z_w2,359,1,-1.8293398533007264e-06,
F0_D3_raw_coordinates.mat,z_w2,360,1,-1.8053789731051273e-06,
F0_D3_raw_coordinates.mat,z_w2,361,1,-1.7814180929095283e-06,
F0_D3_raw_coordinates.mat,z_w2,362,1,-1.7574572127139293e-06,
F0_D3_raw_coordinates.mat,z_w2,363,1,-1.7334963325183302e-06,
F0_D3_raw_coordinates.mat,z_w2,364,1,-1.7095354523227312e-06,
F0_D3_raw_coordinates.mat,z_w2,365,1,-1.6855745721271321e-06,
F0_D3_raw_coordinates.mat,z_w2,366,1,-1.6616136919315331e-06,
F0_D3_raw_coordinates.mat,z_w2,367,1,-1.637652811735934e-06,
F0_D3_raw_coordinates.mat,z_w2,368,1,-1.613691931540335e-06,
F0_D3_raw_coordinates.mat,z_w2,369,1,-1.5897310513447359e-06,
F0_D3_raw_coordinates.mat,z_w2,370,1,-1.5657701711491369e-06,
F0_D3_raw_coordinates.mat,z_w2,371,1,-1.5418092909535378e-06,
F0_D3_raw_coordinates.mat,z_w2,372,1,-1.5178484107579388e-06,
F0_D3_raw_coordinates.mat,z_w2,373,1,-1.4938875305623398e-06,
F0_D3_raw_coordinates.mat,z_w2,374,1,-1.4699266503667407e-06,
F0_D3_raw_coordinates.mat,z_w2,375,1,-1.4459657701711417e-06,
F0_D3_raw_coordinates.mat,z_w2,376,1,-1.4220048899755426e-06,
F0_D3_raw_coordinates.mat,z_w2,377,1,-1.3980440097799436e-06,
F0_D3_raw_coordinates.mat,z_w2,378,1,-1.3740831295843445e-06,
F0_D3_raw_coordinates.mat,z_w2,379,1,-1.3501222493887455e-06,
F0_D3_raw_coordinates.mat,z_w2,380,1,-1.3261613691931464e-06,
F0_D3_raw_coordinates.mat,z_w2,381,1,-1.3022004889975474e-06,
F0_D3_raw_coordinates.mat,z_w2,382,1,-1.2782396088019483e-06,
F0_D3_raw_coordinates.mat,z_w2,383,1,-1.2542787286063493e-06,
F0_D3_raw_coordinates.mat,z_w2,384,1,-1.2303178484107503e-06,
F0_D3_raw_coordinates.mat,z_w2,385,1,-1.2063569682151512e-06,
F0_D3_raw_coordinates.mat,z_w2,386,1,-1.1823960880195522e-06,
F0_D3_raw_coordinates.mat,z_w2,387,1,-1.1584352078239531e-06,
F0_D3_raw_coordinates.mat,z_w2,388,1,-1.1344743276283541e-06,
F0_D3_raw_coordinates.mat,z_w2,389,1,-1.110513447432755e-06,
F0_D3_raw_coordinates.mat,z_w2,390,1,-1.086552567237156e-06,
F0_D3_raw_coordinates.mat,z_w2,391,1,-1.0625916870415569e-06,
F0_D3_raw_coordinates.mat,z_w2,392,1,-1.0386308068459579e-06,
F0_D3_raw_coordinates.mat,z_w2,393,1,-1.0146699266503588e-06,
F0_D3_raw_coordinates.mat,z_w2,394,1,-9.907090464547598e-07,
F0_D3_raw_coordinates.mat,z_w2,395,1,-9.6674816625916076e-07,
F0_D3_raw_coordinates.mat,z_w2,396,1,-9.4278728606356171e-07,
F0_D3_raw_coordinates.mat,z_w2,397,1,-9.1882640586796267e-07,
F0_D3_raw_coordinates.mat,z_w2,398,1,-8.9486552567236362e-07,
F0_D3_raw_coordinates.mat,z_w2,399,1,-8.7090464547676458e-07,
F0_D3_raw_coordinates.mat,z_w2,400,1,-8.4694376528116553e-07,
F0_D3_raw_coordinates.mat,z_w2,401,1,-8.2298288508556649e-07,
F0_D3_raw_coordinates.mat,z_w2,402,1,-7.9902200488996744e-07,
F0_D3_raw_coordinates.mat,z_w2,403,1,-7.7506112469436839e-07,
F0_D3_raw_coordinates.mat,z_w2,404,1,-7.5110024449876935e-07,
F0_D3_raw_coordinates.mat,z_w2,405,1,-7.271393643031703e-07,
F0_D3_raw_coordinates.mat,z_w2,406,1,-7.0317848410757126e-07,
F0_D3_raw_coordinates.mat,z_w2,407,1,-6.7921760391197221e-07,
F0_D3_raw_coordinates.mat,z_w2,408,1,-6.5525672371637317e-07,
F0_D3_raw_coordinates.mat,z_w2,409,1,-6.3129584352077412e-07,
F0_D3_raw_coordinates.mat,z_w2,410,1,-6.0733496332517508e-07,
F0_D3_raw_coordinates.mat,z_w2,411,1,-5.8337408312957603e-07,
F0_D3_raw_coordinates.mat,z_w2,412,1,-5.5941320293397699e-07,
F0_D3_raw_coordinates.mat,z_w2,413,1,-5.3545232273837794e-07,
F0_D3_raw_coordinates.mat,z_w2,414,1,-5.114914425427789e-07,
F0_D3_raw_coordinates.mat,z_w2,415,1,-4.8753056234717985e-07,
F0_D3_raw_coordinates.mat,z_w2,416,1,-4.6356968215158081e-07,
F0_D3_raw_coordinates.mat,z_w2,417,1,-4.3960880195598176e-07,
F0_D3_raw_coordinates.mat,z_w2,418,1,-4.1564792176038272e-07,
F0_D3_raw_coordinates.mat,z_w2,419,1,-3.9168704156478367e-07,
F0_D3_raw_coordinates.mat,z_w2,420,1,-3.6772616136918463e-07,
F0_D3_raw_coordinates.mat,z_w2,421,1,-3.4376528117358558e-07,
F0_D3_raw_coordinates.mat,z_w2,422,1,-3.1980440097798654e-07,
F0_D3_raw_coordinates.mat,z_w2,423,1,-2.9584352078238749e-07,
F0_D3_raw_coordinates.mat,z_w2,424,1,-2.7188264058679707e-07,
F0_D3_raw_coordinates.mat,z_w2,425,1,-2.4989691169883664e-07,
F0_D3_raw_coordinates.mat,z_w2,426,1,-2.3108915352647723e-07,
F0_D3_raw_coordinates.mat,z_w2,427,1,-2.1499999999999138e-07,
F0_D3_raw_coordinates.mat,z_w2,428,1,-1.9999999999999136e-07,
F0_D3_raw_coordinates.mat,z_w2,429,1,-1.8499999999999998e-07,
F0_D3_raw_coordinates.mat,z_w2,430,1,-1.6999999999999996e-07,
F0_D3_raw_coordinates.mat,z_w2,431,1,-1.5499999999999995e-07,
F0_D3_raw_coordinates.mat,z_w2,432,1,-1.3999999999999993e-07,
F0_D3_raw_coordinates.mat,z_w2,433,1,-1.2499999999999991e-07,
F0_D3_raw_coordinates.mat,z_w2,434,1,-1.0999999999999991e-07,
F0_D3_raw_coordinates.mat,z_w2,435,1,-9.4999999999999911e-08,
F0_D3_raw_coordinates.mat,z_w2,436,1,-7.9999999999999909e-08,
F0_D3_raw_coordinates.mat,z_w2,437,1,-6.4999999999999907e-08,
F0_D3_raw_coordinates.mat,z_w2,438,1,-4.9999999999999905e-08,
F0_D3_raw_coordinates.mat,z_w2,439,1,-3.4999999999999903e-08,
F0_D3_raw_coordinates.mat,z_w2,440,1,-1.9999999999999901e-08,
F0_D3_raw_coordinates.mat,z_w2,441,1,-4.9999999999998992e-09,
F0_D3_raw_coordinates.mat,z_w2,442,1,1.0000000000000103e-08,
F0_D3_raw_coordinates.mat,z_w2,443,1,2.5000000000000105e-08,
F0_D3_raw_coordinates.mat,z_w2,444,1,4.0000000000000107e-08,
F0_D3_raw_coordinates.mat,z_w2,445,1,5.5000000000000109e-08,
F0_D3_raw_coordinates.mat,z_w2,446,1,7.0000000000000111e-08,
F0_D3_raw_coordinates.mat,z_w2,447,1,8.5000000000000113e-08,
F0_D3_raw_coordinates.mat,z_w2,448,1,1.0000000000000011e-07,
F0_D3_raw_coordinates.mat,z_w2,449,1,1.1500000000000012e-07,
F0_D3_raw_coordinates.mat,z_w2,450,1,1.3000000000000013e-07,
F0_D3_raw_coordinates.mat,z_w2,451,1,1.4500000000000015e-07,
F0_D3_raw_coordinates.mat,z_w2,452,1,1.6000000000000016e-07,
F0_D3_raw_coordinates.mat,z_w2,453,1,1.7500000000000018e-07,
F0_D3_raw_coordinates.mat,z_w2,454,1,1.9000000000000019e-07,
F0_D3_raw_coordinates.mat,z_w2,455,1,2.0500000000000021e-07,
F0_D3_raw_coordinates.mat,z_w2,456,1,2.2000000000000022e-07,
F0_D3_raw_coordinates.mat,z_w2,457,1,2.3500000000000024e-07,
F0_D3_raw_coordinates.mat,z_w2,458,1,2.5000000000000025e-07,
F0_D3_raw_coordinates.mat,z_w2,459,1,2.6500000000000027e-07,
F0_D3_raw_coordinates.mat,z_w2,460,1,2.8000000000000028e-07,
F0_D3_raw_coordinates.mat,z_w2,461,1,2.950000000000003e-07,
F0_D3_raw_coordinates.mat,z_w2,462,1,3.1000000000000031e-07,
F0_D3_raw_coordinates.mat,z_w2,463,1,3.2500000000000006e-07,
F0_D3_raw_coordinates.mat,z_w2,464,1,3.4000000000000034e-07,
F0_D3_raw_coordinates.mat,z_w2,465,1,3.5572393523386309e-07,
F0_D3_raw_coordinates.mat,z_w2,466,1,3.762820512820516e-07,
F0_D3_raw_coordinates.mat,z_w2,467,1,4.01923076923077e-07,
F0_D3_raw_coordinates.mat,z_w2,468,1,4.2756410256410266e-07,
F0_D3_raw_coordinates.mat,z_w2,469,1,4.5320512820512833e-07,
F0_D3_raw_coordinates.mat,z_w2,470,1,4.7884615384615394e-07,
F0_D3_raw_coordinates.mat,z_w2,471,1,5.0448717948717955e-07,
F0_D3_raw_coordinates.mat,z_w2,472,1,5.3012820512820516e-07,
F0_D3_raw_coordinates.mat,z_w2,473,1,5.5576923076923077e-07,
F0_D3_raw_coordinates.mat,z_w2,474,1,5.8141025641025638e-07,
